Copyright 1986-2022 Xilinx, Inc. All Rights Reserved. Copyright 2022-2023 Advanced Micro Devices, Inc. All Rights Reserved.
---------------------------------------------------------------------------------------------------------------------------------------------------------------------------------
| Tool Version : Vivado v.2023.1 (win64) Build 3865809 Sun May  7 15:05:29 MDT 2023
| Date         : Mon Jan  6 16:53:20 2025
| Host         : Pie6 running 64-bit major release  (build 9200)
| Command      : report_bus_skew -warn_on_violation -file design_1_wrapper_bus_skew_routed.rpt -pb design_1_wrapper_bus_skew_routed.pb -rpx design_1_wrapper_bus_skew_routed.rpx
| Design       : design_1_wrapper
| Device       : 7z020-clg400
| Speed File   : -2  PRODUCTION 1.12 2019-11-22
| Design State : Routed
---------------------------------------------------------------------------------------------------------------------------------------------------------------------------------

Bus Skew Report

Table of Contents
-----------------
1. Bus Skew Report Summary
2. Bus Skew Report Per Constraint

1. Bus Skew Report Summary
--------------------------

Id  Position  From                            To                              Corner  Requirement(ns)  Actual(ns)  Slack(ns)
--  --------  ------------------------------  ------------------------------  ------  ---------------  ----------  ---------
1   112       [get_cells [list {design_1_i/audio/i2s_receiver/inst/I2S_RX_V1_0_SYS_INST/AXIS_FIFO_INST/xpm_fifo_async_inst/gnuram_async_fifo.xpm_fifo_base_inst/gen_cdc_pntr.rd_pntr_cdc_inst/src_gray_ff_reg[0]} {design_1_i/audio/i2s_receiver/inst/I2S_RX_V1_0_SYS_INST/AXIS_FIFO_INST/xpm_fifo_async_inst/gnuram_async_fifo.xpm_fifo_base_inst/gen_cdc_pntr.rd_pntr_cdc_inst/src_gray_ff_reg[1]} {design_1_i/audio/i2s_receiver/inst/I2S_RX_V1_0_SYS_INST/AXIS_FIFO_INST/xpm_fifo_async_inst/gnuram_async_fifo.xpm_fifo_base_inst/gen_cdc_pntr.rd_pntr_cdc_inst/src_gray_ff_reg[2]} {design_1_i/audio/i2s_receiver/inst/I2S_RX_V1_0_SYS_INST/AXIS_FIFO_INST/xpm_fifo_async_inst/gnuram_async_fifo.xpm_fifo_base_inst/gen_cdc_pntr.rd_pntr_cdc_inst/src_gray_ff_reg[3]} {design_1_i/audio/i2s_receiver/inst/I2S_RX_V1_0_SYS_INST/AXIS_FIFO_INST/xpm_fifo_async_inst/gnuram_async_fifo.xpm_fifo_base_inst/gen_cdc_pntr.rd_pntr_cdc_inst/src_gray_ff_reg[4]} {design_1_i/audio/i2s_receiver/inst/I2S_RX_V1_0_SYS_INST/AXIS_FIFO_INST/xpm_fifo_async_inst/gnuram_async_fifo.xpm_fifo_base_inst/gen_cdc_pntr.rd_pntr_cdc_inst/src_gray_ff_reg[5]} {design_1_i/audio/i2s_receiver/inst/I2S_RX_V1_0_SYS_INST/AXIS_FIFO_INST/xpm_fifo_async_inst/gnuram_async_fifo.xpm_fifo_base_inst/gen_cdc_pntr.rd_pntr_cdc_inst/src_gray_ff_reg[6]}]]
                                              [get_cells [list {design_1_i/audio/i2s_receiver/inst/I2S_RX_V1_0_SYS_INST/AXIS_FIFO_INST/xpm_fifo_async_inst/gnuram_async_fifo.xpm_fifo_base_inst/gen_cdc_pntr.rd_pntr_cdc_inst/dest_graysync_ff_reg[0][0]} {design_1_i/audio/i2s_receiver/inst/I2S_RX_V1_0_SYS_INST/AXIS_FIFO_INST/xpm_fifo_async_inst/gnuram_async_fifo.xpm_fifo_base_inst/gen_cdc_pntr.rd_pntr_cdc_inst/dest_graysync_ff_reg[0][1]} {design_1_i/audio/i2s_receiver/inst/I2S_RX_V1_0_SYS_INST/AXIS_FIFO_INST/xpm_fifo_async_inst/gnuram_async_fifo.xpm_fifo_base_inst/gen_cdc_pntr.rd_pntr_cdc_inst/dest_graysync_ff_reg[0][2]} {design_1_i/audio/i2s_receiver/inst/I2S_RX_V1_0_SYS_INST/AXIS_FIFO_INST/xpm_fifo_async_inst/gnuram_async_fifo.xpm_fifo_base_inst/gen_cdc_pntr.rd_pntr_cdc_inst/dest_graysync_ff_reg[0][3]} {design_1_i/audio/i2s_receiver/inst/I2S_RX_V1_0_SYS_INST/AXIS_FIFO_INST/xpm_fifo_async_inst/gnuram_async_fifo.xpm_fifo_base_inst/gen_cdc_pntr.rd_pntr_cdc_inst/dest_graysync_ff_reg[0][4]} {design_1_i/audio/i2s_receiver/inst/I2S_RX_V1_0_SYS_INST/AXIS_FIFO_INST/xpm_fifo_async_inst/gnuram_async_fifo.xpm_fifo_base_inst/gen_cdc_pntr.rd_pntr_cdc_inst/dest_graysync_ff_reg[0][5]} {design_1_i/audio/i2s_receiver/inst/I2S_RX_V1_0_SYS_INST/AXIS_FIFO_INST/xpm_fifo_async_inst/gnuram_async_fifo.xpm_fifo_base_inst/gen_cdc_pntr.rd_pntr_cdc_inst/dest_graysync_ff_reg[0][6]}]]
                                                                              Slow             10.000       0.592      9.408
2   114       [get_cells [list {design_1_i/audio/i2s_transmitter/inst/I2S_TX_V1_0_SYS_INST/AXIS_FIFO_INST/xpm_fifo_async_inst/gnuram_async_fifo.xpm_fifo_base_inst/gen_cdc_pntr.wr_pntr_cdc_inst/src_gray_ff_reg[0]} {design_1_i/audio/i2s_transmitter/inst/I2S_TX_V1_0_SYS_INST/AXIS_FIFO_INST/xpm_fifo_async_inst/gnuram_async_fifo.xpm_fifo_base_inst/gen_cdc_pntr.wr_pntr_cdc_inst/src_gray_ff_reg[1]} {design_1_i/audio/i2s_transmitter/inst/I2S_TX_V1_0_SYS_INST/AXIS_FIFO_INST/xpm_fifo_async_inst/gnuram_async_fifo.xpm_fifo_base_inst/gen_cdc_pntr.wr_pntr_cdc_inst/src_gray_ff_reg[2]} {design_1_i/audio/i2s_transmitter/inst/I2S_TX_V1_0_SYS_INST/AXIS_FIFO_INST/xpm_fifo_async_inst/gnuram_async_fifo.xpm_fifo_base_inst/gen_cdc_pntr.wr_pntr_cdc_inst/src_gray_ff_reg[3]} {design_1_i/audio/i2s_transmitter/inst/I2S_TX_V1_0_SYS_INST/AXIS_FIFO_INST/xpm_fifo_async_inst/gnuram_async_fifo.xpm_fifo_base_inst/gen_cdc_pntr.wr_pntr_cdc_inst/src_gray_ff_reg[4]} {design_1_i/audio/i2s_transmitter/inst/I2S_TX_V1_0_SYS_INST/AXIS_FIFO_INST/xpm_fifo_async_inst/gnuram_async_fifo.xpm_fifo_base_inst/gen_cdc_pntr.wr_pntr_cdc_inst/src_gray_ff_reg[5]} {design_1_i/audio/i2s_transmitter/inst/I2S_TX_V1_0_SYS_INST/AXIS_FIFO_INST/xpm_fifo_async_inst/gnuram_async_fifo.xpm_fifo_base_inst/gen_cdc_pntr.wr_pntr_cdc_inst/src_gray_ff_reg[6]}]]
                                              [get_cells [list {design_1_i/audio/i2s_transmitter/inst/I2S_TX_V1_0_SYS_INST/AXIS_FIFO_INST/xpm_fifo_async_inst/gnuram_async_fifo.xpm_fifo_base_inst/gen_cdc_pntr.wr_pntr_cdc_inst/dest_graysync_ff_reg[0][0]} {design_1_i/audio/i2s_transmitter/inst/I2S_TX_V1_0_SYS_INST/AXIS_FIFO_INST/xpm_fifo_async_inst/gnuram_async_fifo.xpm_fifo_base_inst/gen_cdc_pntr.wr_pntr_cdc_inst/dest_graysync_ff_reg[0][1]} {design_1_i/audio/i2s_transmitter/inst/I2S_TX_V1_0_SYS_INST/AXIS_FIFO_INST/xpm_fifo_async_inst/gnuram_async_fifo.xpm_fifo_base_inst/gen_cdc_pntr.wr_pntr_cdc_inst/dest_graysync_ff_reg[0][2]} {design_1_i/audio/i2s_transmitter/inst/I2S_TX_V1_0_SYS_INST/AXIS_FIFO_INST/xpm_fifo_async_inst/gnuram_async_fifo.xpm_fifo_base_inst/gen_cdc_pntr.wr_pntr_cdc_inst/dest_graysync_ff_reg[0][3]} {design_1_i/audio/i2s_transmitter/inst/I2S_TX_V1_0_SYS_INST/AXIS_FIFO_INST/xpm_fifo_async_inst/gnuram_async_fifo.xpm_fifo_base_inst/gen_cdc_pntr.wr_pntr_cdc_inst/dest_graysync_ff_reg[0][4]} {design_1_i/audio/i2s_transmitter/inst/I2S_TX_V1_0_SYS_INST/AXIS_FIFO_INST/xpm_fifo_async_inst/gnuram_async_fifo.xpm_fifo_base_inst/gen_cdc_pntr.wr_pntr_cdc_inst/dest_graysync_ff_reg[0][5]} {design_1_i/audio/i2s_transmitter/inst/I2S_TX_V1_0_SYS_INST/AXIS_FIFO_INST/xpm_fifo_async_inst/gnuram_async_fifo.xpm_fifo_base_inst/gen_cdc_pntr.wr_pntr_cdc_inst/dest_graysync_ff_reg[0][6]}]]
                                                                              Slow             10.000       0.677      9.323
3   116       [get_cells [list {design_1_i/audio/i2s_transmitter/inst/I2S_TX_V1_0_SYS_INST/AXIS_FIFO_INST/xpm_fifo_async_inst/gnuram_async_fifo.xpm_fifo_base_inst/gen_cdc_pntr.rd_pntr_cdc_inst/src_gray_ff_reg[0]} {design_1_i/audio/i2s_transmitter/inst/I2S_TX_V1_0_SYS_INST/AXIS_FIFO_INST/xpm_fifo_async_inst/gnuram_async_fifo.xpm_fifo_base_inst/gen_cdc_pntr.rd_pntr_cdc_inst/src_gray_ff_reg[1]} {design_1_i/audio/i2s_transmitter/inst/I2S_TX_V1_0_SYS_INST/AXIS_FIFO_INST/xpm_fifo_async_inst/gnuram_async_fifo.xpm_fifo_base_inst/gen_cdc_pntr.rd_pntr_cdc_inst/src_gray_ff_reg[2]} {design_1_i/audio/i2s_transmitter/inst/I2S_TX_V1_0_SYS_INST/AXIS_FIFO_INST/xpm_fifo_async_inst/gnuram_async_fifo.xpm_fifo_base_inst/gen_cdc_pntr.rd_pntr_cdc_inst/src_gray_ff_reg[3]} {design_1_i/audio/i2s_transmitter/inst/I2S_TX_V1_0_SYS_INST/AXIS_FIFO_INST/xpm_fifo_async_inst/gnuram_async_fifo.xpm_fifo_base_inst/gen_cdc_pntr.rd_pntr_cdc_inst/src_gray_ff_reg[4]} {design_1_i/audio/i2s_transmitter/inst/I2S_TX_V1_0_SYS_INST/AXIS_FIFO_INST/xpm_fifo_async_inst/gnuram_async_fifo.xpm_fifo_base_inst/gen_cdc_pntr.rd_pntr_cdc_inst/src_gray_ff_reg[5]} {design_1_i/audio/i2s_transmitter/inst/I2S_TX_V1_0_SYS_INST/AXIS_FIFO_INST/xpm_fifo_async_inst/gnuram_async_fifo.xpm_fifo_base_inst/gen_cdc_pntr.rd_pntr_cdc_inst/src_gray_ff_reg[6]}]]
                                              [get_cells [list {design_1_i/audio/i2s_transmitter/inst/I2S_TX_V1_0_SYS_INST/AXIS_FIFO_INST/xpm_fifo_async_inst/gnuram_async_fifo.xpm_fifo_base_inst/gen_cdc_pntr.rd_pntr_cdc_inst/dest_graysync_ff_reg[0][0]} {design_1_i/audio/i2s_transmitter/inst/I2S_TX_V1_0_SYS_INST/AXIS_FIFO_INST/xpm_fifo_async_inst/gnuram_async_fifo.xpm_fifo_base_inst/gen_cdc_pntr.rd_pntr_cdc_inst/dest_graysync_ff_reg[0][1]} {design_1_i/audio/i2s_transmitter/inst/I2S_TX_V1_0_SYS_INST/AXIS_FIFO_INST/xpm_fifo_async_inst/gnuram_async_fifo.xpm_fifo_base_inst/gen_cdc_pntr.rd_pntr_cdc_inst/dest_graysync_ff_reg[0][2]} {design_1_i/audio/i2s_transmitter/inst/I2S_TX_V1_0_SYS_INST/AXIS_FIFO_INST/xpm_fifo_async_inst/gnuram_async_fifo.xpm_fifo_base_inst/gen_cdc_pntr.rd_pntr_cdc_inst/dest_graysync_ff_reg[0][3]} {design_1_i/audio/i2s_transmitter/inst/I2S_TX_V1_0_SYS_INST/AXIS_FIFO_INST/xpm_fifo_async_inst/gnuram_async_fifo.xpm_fifo_base_inst/gen_cdc_pntr.rd_pntr_cdc_inst/dest_graysync_ff_reg[0][4]} {design_1_i/audio/i2s_transmitter/inst/I2S_TX_V1_0_SYS_INST/AXIS_FIFO_INST/xpm_fifo_async_inst/gnuram_async_fifo.xpm_fifo_base_inst/gen_cdc_pntr.rd_pntr_cdc_inst/dest_graysync_ff_reg[0][5]} {design_1_i/audio/i2s_transmitter/inst/I2S_TX_V1_0_SYS_INST/AXIS_FIFO_INST/xpm_fifo_async_inst/gnuram_async_fifo.xpm_fifo_base_inst/gen_cdc_pntr.rd_pntr_cdc_inst/dest_graysync_ff_reg[0][6]}]]
                                                                              Slow             10.000       0.759      9.241
4   118       [get_cells [list {design_1_i/audio/i2s_receiver/inst/I2S_RX_V1_0_SYS_INST/AXIS_FIFO_INST/xpm_fifo_async_inst/gnuram_async_fifo.xpm_fifo_base_inst/gen_cdc_pntr.wr_pntr_cdc_inst/src_gray_ff_reg[0]} {design_1_i/audio/i2s_receiver/inst/I2S_RX_V1_0_SYS_INST/AXIS_FIFO_INST/xpm_fifo_async_inst/gnuram_async_fifo.xpm_fifo_base_inst/gen_cdc_pntr.wr_pntr_cdc_inst/src_gray_ff_reg[1]} {design_1_i/audio/i2s_receiver/inst/I2S_RX_V1_0_SYS_INST/AXIS_FIFO_INST/xpm_fifo_async_inst/gnuram_async_fifo.xpm_fifo_base_inst/gen_cdc_pntr.wr_pntr_cdc_inst/src_gray_ff_reg[2]} {design_1_i/audio/i2s_receiver/inst/I2S_RX_V1_0_SYS_INST/AXIS_FIFO_INST/xpm_fifo_async_inst/gnuram_async_fifo.xpm_fifo_base_inst/gen_cdc_pntr.wr_pntr_cdc_inst/src_gray_ff_reg[3]} {design_1_i/audio/i2s_receiver/inst/I2S_RX_V1_0_SYS_INST/AXIS_FIFO_INST/xpm_fifo_async_inst/gnuram_async_fifo.xpm_fifo_base_inst/gen_cdc_pntr.wr_pntr_cdc_inst/src_gray_ff_reg[4]} {design_1_i/audio/i2s_receiver/inst/I2S_RX_V1_0_SYS_INST/AXIS_FIFO_INST/xpm_fifo_async_inst/gnuram_async_fifo.xpm_fifo_base_inst/gen_cdc_pntr.wr_pntr_cdc_inst/src_gray_ff_reg[5]} {design_1_i/audio/i2s_receiver/inst/I2S_RX_V1_0_SYS_INST/AXIS_FIFO_INST/xpm_fifo_async_inst/gnuram_async_fifo.xpm_fifo_base_inst/gen_cdc_pntr.wr_pntr_cdc_inst/src_gray_ff_reg[6]}]]
                                              [get_cells [list {design_1_i/audio/i2s_receiver/inst/I2S_RX_V1_0_SYS_INST/AXIS_FIFO_INST/xpm_fifo_async_inst/gnuram_async_fifo.xpm_fifo_base_inst/gen_cdc_pntr.wr_pntr_cdc_inst/dest_graysync_ff_reg[0][0]} {design_1_i/audio/i2s_receiver/inst/I2S_RX_V1_0_SYS_INST/AXIS_FIFO_INST/xpm_fifo_async_inst/gnuram_async_fifo.xpm_fifo_base_inst/gen_cdc_pntr.wr_pntr_cdc_inst/dest_graysync_ff_reg[0][1]} {design_1_i/audio/i2s_receiver/inst/I2S_RX_V1_0_SYS_INST/AXIS_FIFO_INST/xpm_fifo_async_inst/gnuram_async_fifo.xpm_fifo_base_inst/gen_cdc_pntr.wr_pntr_cdc_inst/dest_graysync_ff_reg[0][2]} {design_1_i/audio/i2s_receiver/inst/I2S_RX_V1_0_SYS_INST/AXIS_FIFO_INST/xpm_fifo_async_inst/gnuram_async_fifo.xpm_fifo_base_inst/gen_cdc_pntr.wr_pntr_cdc_inst/dest_graysync_ff_reg[0][3]} {design_1_i/audio/i2s_receiver/inst/I2S_RX_V1_0_SYS_INST/AXIS_FIFO_INST/xpm_fifo_async_inst/gnuram_async_fifo.xpm_fifo_base_inst/gen_cdc_pntr.wr_pntr_cdc_inst/dest_graysync_ff_reg[0][4]} {design_1_i/audio/i2s_receiver/inst/I2S_RX_V1_0_SYS_INST/AXIS_FIFO_INST/xpm_fifo_async_inst/gnuram_async_fifo.xpm_fifo_base_inst/gen_cdc_pntr.wr_pntr_cdc_inst/dest_graysync_ff_reg[0][5]} {design_1_i/audio/i2s_receiver/inst/I2S_RX_V1_0_SYS_INST/AXIS_FIFO_INST/xpm_fifo_async_inst/gnuram_async_fifo.xpm_fifo_base_inst/gen_cdc_pntr.wr_pntr_cdc_inst/dest_graysync_ff_reg[0][6]}]]
                                                                              Slow             10.000       0.699      9.301
5   122       [get_cells [list {design_1_i/audio/i2s_transmitter/inst/I2S_TX_V1_0_SYS_INST/AXIS_FIFO_INST/xpm_fifo_async_inst/gnuram_async_fifo.xpm_fifo_base_inst/gen_cdc_pntr.wr_pntr_cdc_dc_inst/src_gray_ff_reg[0]} {design_1_i/audio/i2s_transmitter/inst/I2S_TX_V1_0_SYS_INST/AXIS_FIFO_INST/xpm_fifo_async_inst/gnuram_async_fifo.xpm_fifo_base_inst/gen_cdc_pntr.wr_pntr_cdc_dc_inst/src_gray_ff_reg[1]} {design_1_i/audio/i2s_transmitter/inst/I2S_TX_V1_0_SYS_INST/AXIS_FIFO_INST/xpm_fifo_async_inst/gnuram_async_fifo.xpm_fifo_base_inst/gen_cdc_pntr.wr_pntr_cdc_dc_inst/src_gray_ff_reg[2]} {design_1_i/audio/i2s_transmitter/inst/I2S_TX_V1_0_SYS_INST/AXIS_FIFO_INST/xpm_fifo_async_inst/gnuram_async_fifo.xpm_fifo_base_inst/gen_cdc_pntr.wr_pntr_cdc_dc_inst/src_gray_ff_reg[3]} {design_1_i/audio/i2s_transmitter/inst/I2S_TX_V1_0_SYS_INST/AXIS_FIFO_INST/xpm_fifo_async_inst/gnuram_async_fifo.xpm_fifo_base_inst/gen_cdc_pntr.wr_pntr_cdc_dc_inst/src_gray_ff_reg[4]} {design_1_i/audio/i2s_transmitter/inst/I2S_TX_V1_0_SYS_INST/AXIS_FIFO_INST/xpm_fifo_async_inst/gnuram_async_fifo.xpm_fifo_base_inst/gen_cdc_pntr.wr_pntr_cdc_dc_inst/src_gray_ff_reg[5]} {design_1_i/audio/i2s_transmitter/inst/I2S_TX_V1_0_SYS_INST/AXIS_FIFO_INST/xpm_fifo_async_inst/gnuram_async_fifo.xpm_fifo_base_inst/gen_cdc_pntr.wr_pntr_cdc_dc_inst/src_gray_ff_reg[6]} {design_1_i/audio/i2s_transmitter/inst/I2S_TX_V1_0_SYS_INST/AXIS_FIFO_INST/xpm_fifo_async_inst/gnuram_async_fifo.xpm_fifo_base_inst/gen_cdc_pntr.wr_pntr_cdc_dc_inst/src_gray_ff_reg[7]}]]
                                              [get_cells [list {design_1_i/audio/i2s_transmitter/inst/I2S_TX_V1_0_SYS_INST/AXIS_FIFO_INST/xpm_fifo_async_inst/gnuram_async_fifo.xpm_fifo_base_inst/gen_cdc_pntr.wr_pntr_cdc_dc_inst/dest_graysync_ff_reg[0][0]} {design_1_i/audio/i2s_transmitter/inst/I2S_TX_V1_0_SYS_INST/AXIS_FIFO_INST/xpm_fifo_async_inst/gnuram_async_fifo.xpm_fifo_base_inst/gen_cdc_pntr.wr_pntr_cdc_dc_inst/dest_graysync_ff_reg[0][1]} {design_1_i/audio/i2s_transmitter/inst/I2S_TX_V1_0_SYS_INST/AXIS_FIFO_INST/xpm_fifo_async_inst/gnuram_async_fifo.xpm_fifo_base_inst/gen_cdc_pntr.wr_pntr_cdc_dc_inst/dest_graysync_ff_reg[0][2]} {design_1_i/audio/i2s_transmitter/inst/I2S_TX_V1_0_SYS_INST/AXIS_FIFO_INST/xpm_fifo_async_inst/gnuram_async_fifo.xpm_fifo_base_inst/gen_cdc_pntr.wr_pntr_cdc_dc_inst/dest_graysync_ff_reg[0][3]} {design_1_i/audio/i2s_transmitter/inst/I2S_TX_V1_0_SYS_INST/AXIS_FIFO_INST/xpm_fifo_async_inst/gnuram_async_fifo.xpm_fifo_base_inst/gen_cdc_pntr.wr_pntr_cdc_dc_inst/dest_graysync_ff_reg[0][4]} {design_1_i/audio/i2s_transmitter/inst/I2S_TX_V1_0_SYS_INST/AXIS_FIFO_INST/xpm_fifo_async_inst/gnuram_async_fifo.xpm_fifo_base_inst/gen_cdc_pntr.wr_pntr_cdc_dc_inst/dest_graysync_ff_reg[0][5]} {design_1_i/audio/i2s_transmitter/inst/I2S_TX_V1_0_SYS_INST/AXIS_FIFO_INST/xpm_fifo_async_inst/gnuram_async_fifo.xpm_fifo_base_inst/gen_cdc_pntr.wr_pntr_cdc_dc_inst/dest_graysync_ff_reg[0][6]} {design_1_i/audio/i2s_transmitter/inst/I2S_TX_V1_0_SYS_INST/AXIS_FIFO_INST/xpm_fifo_async_inst/gnuram_async_fifo.xpm_fifo_base_inst/gen_cdc_pntr.wr_pntr_cdc_dc_inst/dest_graysync_ff_reg[0][7]}]]
                                                                              Slow             10.000       0.729      9.271
6   128       [get_cells [list {design_1_i/camera_in/mipi_csi2_rx_subsyst_0/inst/rx/inst/AXI_LITE.reg_inf/gen_spkt_fifo/generic_pkt/gnuram_async_fifo.xpm_fifo_base_inst/gen_cdc_pntr.rd_pntr_cdc_inst/src_gray_ff_reg[0]} {design_1_i/camera_in/mipi_csi2_rx_subsyst_0/inst/rx/inst/AXI_LITE.reg_inf/gen_spkt_fifo/generic_pkt/gnuram_async_fifo.xpm_fifo_base_inst/gen_cdc_pntr.rd_pntr_cdc_inst/src_gray_ff_reg[1]} {design_1_i/camera_in/mipi_csi2_rx_subsyst_0/inst/rx/inst/AXI_LITE.reg_inf/gen_spkt_fifo/generic_pkt/gnuram_async_fifo.xpm_fifo_base_inst/gen_cdc_pntr.rd_pntr_cdc_inst/src_gray_ff_reg[2]} {design_1_i/camera_in/mipi_csi2_rx_subsyst_0/inst/rx/inst/AXI_LITE.reg_inf/gen_spkt_fifo/generic_pkt/gnuram_async_fifo.xpm_fifo_base_inst/gen_cdc_pntr.rd_pntr_cdc_inst/src_gray_ff_reg[3]} {design_1_i/camera_in/mipi_csi2_rx_subsyst_0/inst/rx/inst/AXI_LITE.reg_inf/gen_spkt_fifo/generic_pkt/gnuram_async_fifo.xpm_fifo_base_inst/gen_cdc_pntr.rd_pntr_cdc_inst/src_gray_ff_reg[4]}]]
                                              [get_cells [list {design_1_i/camera_in/mipi_csi2_rx_subsyst_0/inst/rx/inst/AXI_LITE.reg_inf/gen_spkt_fifo/generic_pkt/gnuram_async_fifo.xpm_fifo_base_inst/gen_cdc_pntr.rd_pntr_cdc_inst/dest_graysync_ff_reg[0][0]} {design_1_i/camera_in/mipi_csi2_rx_subsyst_0/inst/rx/inst/AXI_LITE.reg_inf/gen_spkt_fifo/generic_pkt/gnuram_async_fifo.xpm_fifo_base_inst/gen_cdc_pntr.rd_pntr_cdc_inst/dest_graysync_ff_reg[0][1]} {design_1_i/camera_in/mipi_csi2_rx_subsyst_0/inst/rx/inst/AXI_LITE.reg_inf/gen_spkt_fifo/generic_pkt/gnuram_async_fifo.xpm_fifo_base_inst/gen_cdc_pntr.rd_pntr_cdc_inst/dest_graysync_ff_reg[0][2]} {design_1_i/camera_in/mipi_csi2_rx_subsyst_0/inst/rx/inst/AXI_LITE.reg_inf/gen_spkt_fifo/generic_pkt/gnuram_async_fifo.xpm_fifo_base_inst/gen_cdc_pntr.rd_pntr_cdc_inst/dest_graysync_ff_reg[0][3]} {design_1_i/camera_in/mipi_csi2_rx_subsyst_0/inst/rx/inst/AXI_LITE.reg_inf/gen_spkt_fifo/generic_pkt/gnuram_async_fifo.xpm_fifo_base_inst/gen_cdc_pntr.rd_pntr_cdc_inst/dest_graysync_ff_reg[0][4]}]]
                                                                              Slow              6.562       0.594      5.968
7   130       [get_cells [list {design_1_i/camera_in/mipi_csi2_rx_subsyst_0/inst/rx/inst/gen_pkt_fifo/pkt_fifo/gnuram_async_fifo.xpm_fifo_base_inst/gen_cdc_pntr.wr_pntr_cdc_inst/src_gray_ff_reg[0]} {design_1_i/camera_in/mipi_csi2_rx_subsyst_0/inst/rx/inst/gen_pkt_fifo/pkt_fifo/gnuram_async_fifo.xpm_fifo_base_inst/gen_cdc_pntr.wr_pntr_cdc_inst/src_gray_ff_reg[1]} {design_1_i/camera_in/mipi_csi2_rx_subsyst_0/inst/rx/inst/gen_pkt_fifo/pkt_fifo/gnuram_async_fifo.xpm_fifo_base_inst/gen_cdc_pntr.wr_pntr_cdc_inst/src_gray_ff_reg[2]} {design_1_i/camera_in/mipi_csi2_rx_subsyst_0/inst/rx/inst/gen_pkt_fifo/pkt_fifo/gnuram_async_fifo.xpm_fifo_base_inst/gen_cdc_pntr.wr_pntr_cdc_inst/src_gray_ff_reg[3]} {design_1_i/camera_in/mipi_csi2_rx_subsyst_0/inst/rx/inst/gen_pkt_fifo/pkt_fifo/gnuram_async_fifo.xpm_fifo_base_inst/gen_cdc_pntr.wr_pntr_cdc_inst/src_gray_ff_reg[4]}]]
                                              [get_cells [list {design_1_i/camera_in/mipi_csi2_rx_subsyst_0/inst/rx/inst/gen_pkt_fifo/pkt_fifo/gnuram_async_fifo.xpm_fifo_base_inst/gen_cdc_pntr.wr_pntr_cdc_inst/dest_graysync_ff_reg[0][0]} {design_1_i/camera_in/mipi_csi2_rx_subsyst_0/inst/rx/inst/gen_pkt_fifo/pkt_fifo/gnuram_async_fifo.xpm_fifo_base_inst/gen_cdc_pntr.wr_pntr_cdc_inst/dest_graysync_ff_reg[0][1]} {design_1_i/camera_in/mipi_csi2_rx_subsyst_0/inst/rx/inst/gen_pkt_fifo/pkt_fifo/gnuram_async_fifo.xpm_fifo_base_inst/gen_cdc_pntr.wr_pntr_cdc_inst/dest_graysync_ff_reg[0][2]} {design_1_i/camera_in/mipi_csi2_rx_subsyst_0/inst/rx/inst/gen_pkt_fifo/pkt_fifo/gnuram_async_fifo.xpm_fifo_base_inst/gen_cdc_pntr.wr_pntr_cdc_inst/dest_graysync_ff_reg[0][3]} {design_1_i/camera_in/mipi_csi2_rx_subsyst_0/inst/rx/inst/gen_pkt_fifo/pkt_fifo/gnuram_async_fifo.xpm_fifo_base_inst/gen_cdc_pntr.wr_pntr_cdc_inst/dest_graysync_ff_reg[0][4]}]]
                                                                              Slow              5.332       0.661      4.671
8   132       [get_cells [list {design_1_i/camera_in/mipi_csi2_rx_subsyst_0/inst/rx/inst/gen_pkt_fifo/pkt_fifo/gnuram_async_fifo.xpm_fifo_base_inst/gen_cdc_pntr.rd_pntr_cdc_inst/src_gray_ff_reg[0]} {design_1_i/camera_in/mipi_csi2_rx_subsyst_0/inst/rx/inst/gen_pkt_fifo/pkt_fifo/gnuram_async_fifo.xpm_fifo_base_inst/gen_cdc_pntr.rd_pntr_cdc_inst/src_gray_ff_reg[1]} {design_1_i/camera_in/mipi_csi2_rx_subsyst_0/inst/rx/inst/gen_pkt_fifo/pkt_fifo/gnuram_async_fifo.xpm_fifo_base_inst/gen_cdc_pntr.rd_pntr_cdc_inst/src_gray_ff_reg[2]} {design_1_i/camera_in/mipi_csi2_rx_subsyst_0/inst/rx/inst/gen_pkt_fifo/pkt_fifo/gnuram_async_fifo.xpm_fifo_base_inst/gen_cdc_pntr.rd_pntr_cdc_inst/src_gray_ff_reg[3]} {design_1_i/camera_in/mipi_csi2_rx_subsyst_0/inst/rx/inst/gen_pkt_fifo/pkt_fifo/gnuram_async_fifo.xpm_fifo_base_inst/gen_cdc_pntr.rd_pntr_cdc_inst/src_gray_ff_reg[4]}]]
                                              [get_cells [list {design_1_i/camera_in/mipi_csi2_rx_subsyst_0/inst/rx/inst/gen_pkt_fifo/pkt_fifo/gnuram_async_fifo.xpm_fifo_base_inst/gen_cdc_pntr.rd_pntr_cdc_inst/dest_graysync_ff_reg[0][0]} {design_1_i/camera_in/mipi_csi2_rx_subsyst_0/inst/rx/inst/gen_pkt_fifo/pkt_fifo/gnuram_async_fifo.xpm_fifo_base_inst/gen_cdc_pntr.rd_pntr_cdc_inst/dest_graysync_ff_reg[0][1]} {design_1_i/camera_in/mipi_csi2_rx_subsyst_0/inst/rx/inst/gen_pkt_fifo/pkt_fifo/gnuram_async_fifo.xpm_fifo_base_inst/gen_cdc_pntr.rd_pntr_cdc_inst/dest_graysync_ff_reg[0][2]} {design_1_i/camera_in/mipi_csi2_rx_subsyst_0/inst/rx/inst/gen_pkt_fifo/pkt_fifo/gnuram_async_fifo.xpm_fifo_base_inst/gen_cdc_pntr.rd_pntr_cdc_inst/dest_graysync_ff_reg[0][3]} {design_1_i/camera_in/mipi_csi2_rx_subsyst_0/inst/rx/inst/gen_pkt_fifo/pkt_fifo/gnuram_async_fifo.xpm_fifo_base_inst/gen_cdc_pntr.rd_pntr_cdc_inst/dest_graysync_ff_reg[0][4]}]]
                                                                              Slow              5.332       0.739      4.593
9   134       [get_cells [list {design_1_i/camera_in/mipi_csi2_rx_subsyst_0/inst/rx/inst/AXI_LITE.reg_inf/gen_spkt_fifo/generic_pkt/gnuram_async_fifo.xpm_fifo_base_inst/gen_cdc_pntr.wr_pntr_cdc_inst/src_gray_ff_reg[0]} {design_1_i/camera_in/mipi_csi2_rx_subsyst_0/inst/rx/inst/AXI_LITE.reg_inf/gen_spkt_fifo/generic_pkt/gnuram_async_fifo.xpm_fifo_base_inst/gen_cdc_pntr.wr_pntr_cdc_inst/src_gray_ff_reg[1]} {design_1_i/camera_in/mipi_csi2_rx_subsyst_0/inst/rx/inst/AXI_LITE.reg_inf/gen_spkt_fifo/generic_pkt/gnuram_async_fifo.xpm_fifo_base_inst/gen_cdc_pntr.wr_pntr_cdc_inst/src_gray_ff_reg[2]} {design_1_i/camera_in/mipi_csi2_rx_subsyst_0/inst/rx/inst/AXI_LITE.reg_inf/gen_spkt_fifo/generic_pkt/gnuram_async_fifo.xpm_fifo_base_inst/gen_cdc_pntr.wr_pntr_cdc_inst/src_gray_ff_reg[3]} {design_1_i/camera_in/mipi_csi2_rx_subsyst_0/inst/rx/inst/AXI_LITE.reg_inf/gen_spkt_fifo/generic_pkt/gnuram_async_fifo.xpm_fifo_base_inst/gen_cdc_pntr.wr_pntr_cdc_inst/src_gray_ff_reg[4]}]]
                                              [get_cells [list {design_1_i/camera_in/mipi_csi2_rx_subsyst_0/inst/rx/inst/AXI_LITE.reg_inf/gen_spkt_fifo/generic_pkt/gnuram_async_fifo.xpm_fifo_base_inst/gen_cdc_pntr.wr_pntr_cdc_inst/dest_graysync_ff_reg[0][0]} {design_1_i/camera_in/mipi_csi2_rx_subsyst_0/inst/rx/inst/AXI_LITE.reg_inf/gen_spkt_fifo/generic_pkt/gnuram_async_fifo.xpm_fifo_base_inst/gen_cdc_pntr.wr_pntr_cdc_inst/dest_graysync_ff_reg[0][1]} {design_1_i/camera_in/mipi_csi2_rx_subsyst_0/inst/rx/inst/AXI_LITE.reg_inf/gen_spkt_fifo/generic_pkt/gnuram_async_fifo.xpm_fifo_base_inst/gen_cdc_pntr.wr_pntr_cdc_inst/dest_graysync_ff_reg[0][2]} {design_1_i/camera_in/mipi_csi2_rx_subsyst_0/inst/rx/inst/AXI_LITE.reg_inf/gen_spkt_fifo/generic_pkt/gnuram_async_fifo.xpm_fifo_base_inst/gen_cdc_pntr.wr_pntr_cdc_inst/dest_graysync_ff_reg[0][3]} {design_1_i/camera_in/mipi_csi2_rx_subsyst_0/inst/rx/inst/AXI_LITE.reg_inf/gen_spkt_fifo/generic_pkt/gnuram_async_fifo.xpm_fifo_base_inst/gen_cdc_pntr.wr_pntr_cdc_inst/dest_graysync_ff_reg[0][4]}]]
                                                                              Slow              6.562       0.464      6.098
10  146       [get_cells [list {design_1_i/camera_in/mipi_csi2_rx_subsyst_0/inst/rx/inst/AXI_LITE.isr_cdc/ecc_cdc/src_hsdata_ff_reg[0]} {design_1_i/camera_in/mipi_csi2_rx_subsyst_0/inst/rx/inst/AXI_LITE.isr_cdc/ecc_cdc/src_hsdata_ff_reg[1]}]]
                                              [get_cells [list {design_1_i/camera_in/mipi_csi2_rx_subsyst_0/inst/rx/inst/AXI_LITE.isr_cdc/ecc_cdc/dest_hsdata_ff_reg[0]} {design_1_i/camera_in/mipi_csi2_rx_subsyst_0/inst/rx/inst/AXI_LITE.isr_cdc/ecc_cdc/dest_hsdata_ff_reg[1]}]]
                                                                              Slow             30.000       0.460     29.540
11  148       [get_cells [list {design_1_i/camera_in/mipi_csi2_rx_subsyst_0/inst/rx/inst/AXI_LITE.reg_inf/img_info_cdc/src_hsdata_ff_reg[0]} \
          {design_1_i/camera_in/mipi_csi2_rx_subsyst_0/inst/rx/inst/AXI_LITE.reg_inf/img_info_cdc/src_hsdata_ff_reg[10]} \
          {design_1_i/camera_in/mipi_csi2_rx_subsyst_0/inst/rx/inst/AXI_LITE.reg_inf/img_info_cdc/src_hsdata_ff_reg[11]} \
          {design_1_i/camera_in/mipi_csi2_rx_subsyst_0/inst/rx/inst/AXI_LITE.reg_inf/img_info_cdc/src_hsdata_ff_reg[12]} \
          {design_1_i/camera_in/mipi_csi2_rx_subsyst_0/inst/rx/inst/AXI_LITE.reg_inf/img_info_cdc/src_hsdata_ff_reg[13]} \
          {design_1_i/camera_in/mipi_csi2_rx_subsyst_0/inst/rx/inst/AXI_LITE.reg_inf/img_info_cdc/src_hsdata_ff_reg[14]} \
          {design_1_i/camera_in/mipi_csi2_rx_subsyst_0/inst/rx/inst/AXI_LITE.reg_inf/img_info_cdc/src_hsdata_ff_reg[15]} \
          {design_1_i/camera_in/mipi_csi2_rx_subsyst_0/inst/rx/inst/AXI_LITE.reg_inf/img_info_cdc/src_hsdata_ff_reg[16]} \
          {design_1_i/camera_in/mipi_csi2_rx_subsyst_0/inst/rx/inst/AXI_LITE.reg_inf/img_info_cdc/src_hsdata_ff_reg[17]} \
          {design_1_i/camera_in/mipi_csi2_rx_subsyst_0/inst/rx/inst/AXI_LITE.reg_inf/img_info_cdc/src_hsdata_ff_reg[18]} \
          {design_1_i/camera_in/mipi_csi2_rx_subsyst_0/inst/rx/inst/AXI_LITE.reg_inf/img_info_cdc/src_hsdata_ff_reg[19]} \
          {design_1_i/camera_in/mipi_csi2_rx_subsyst_0/inst/rx/inst/AXI_LITE.reg_inf/img_info_cdc/src_hsdata_ff_reg[1]} \
          {design_1_i/camera_in/mipi_csi2_rx_subsyst_0/inst/rx/inst/AXI_LITE.reg_inf/img_info_cdc/src_hsdata_ff_reg[20]} \
          {design_1_i/camera_in/mipi_csi2_rx_subsyst_0/inst/rx/inst/AXI_LITE.reg_inf/img_info_cdc/src_hsdata_ff_reg[21]} \
          {design_1_i/camera_in/mipi_csi2_rx_subsyst_0/inst/rx/inst/AXI_LITE.reg_inf/img_info_cdc/src_hsdata_ff_reg[22]} \
          {design_1_i/camera_in/mipi_csi2_rx_subsyst_0/inst/rx/inst/AXI_LITE.reg_inf/img_info_cdc/src_hsdata_ff_reg[23]} \
          {design_1_i/camera_in/mipi_csi2_rx_subsyst_0/inst/rx/inst/AXI_LITE.reg_inf/img_info_cdc/src_hsdata_ff_reg[24]} \
          {design_1_i/camera_in/mipi_csi2_rx_subsyst_0/inst/rx/inst/AXI_LITE.reg_inf/img_info_cdc/src_hsdata_ff_reg[25]} \
          {design_1_i/camera_in/mipi_csi2_rx_subsyst_0/inst/rx/inst/AXI_LITE.reg_inf/img_info_cdc/src_hsdata_ff_reg[2]} \
          {design_1_i/camera_in/mipi_csi2_rx_subsyst_0/inst/rx/inst/AXI_LITE.reg_inf/img_info_cdc/src_hsdata_ff_reg[3]} \
          {design_1_i/camera_in/mipi_csi2_rx_subsyst_0/inst/rx/inst/AXI_LITE.reg_inf/img_info_cdc/src_hsdata_ff_reg[4]} \
          {design_1_i/camera_in/mipi_csi2_rx_subsyst_0/inst/rx/inst/AXI_LITE.reg_inf/img_info_cdc/src_hsdata_ff_reg[5]} \
          {design_1_i/camera_in/mipi_csi2_rx_subsyst_0/inst/rx/inst/AXI_LITE.reg_inf/img_info_cdc/src_hsdata_ff_reg[6]} \
          {design_1_i/camera_in/mipi_csi2_rx_subsyst_0/inst/rx/inst/AXI_LITE.reg_inf/img_info_cdc/src_hsdata_ff_reg[7]} \
          {design_1_i/camera_in/mipi_csi2_rx_subsyst_0/inst/rx/inst/AXI_LITE.reg_inf/img_info_cdc/src_hsdata_ff_reg[8]} \
          {design_1_i/camera_in/mipi_csi2_rx_subsyst_0/inst/rx/inst/AXI_LITE.reg_inf/img_info_cdc/src_hsdata_ff_reg[9]}]]
                                              [get_cells [list {design_1_i/camera_in/mipi_csi2_rx_subsyst_0/inst/rx/inst/AXI_LITE.reg_inf/img_info_cdc/dest_hsdata_ff_reg[0]} \
          {design_1_i/camera_in/mipi_csi2_rx_subsyst_0/inst/rx/inst/AXI_LITE.reg_inf/img_info_cdc/dest_hsdata_ff_reg[10]} \
          {design_1_i/camera_in/mipi_csi2_rx_subsyst_0/inst/rx/inst/AXI_LITE.reg_inf/img_info_cdc/dest_hsdata_ff_reg[11]} \
          {design_1_i/camera_in/mipi_csi2_rx_subsyst_0/inst/rx/inst/AXI_LITE.reg_inf/img_info_cdc/dest_hsdata_ff_reg[12]} \
          {design_1_i/camera_in/mipi_csi2_rx_subsyst_0/inst/rx/inst/AXI_LITE.reg_inf/img_info_cdc/dest_hsdata_ff_reg[13]} \
          {design_1_i/camera_in/mipi_csi2_rx_subsyst_0/inst/rx/inst/AXI_LITE.reg_inf/img_info_cdc/dest_hsdata_ff_reg[14]} \
          {design_1_i/camera_in/mipi_csi2_rx_subsyst_0/inst/rx/inst/AXI_LITE.reg_inf/img_info_cdc/dest_hsdata_ff_reg[15]} \
          {design_1_i/camera_in/mipi_csi2_rx_subsyst_0/inst/rx/inst/AXI_LITE.reg_inf/img_info_cdc/dest_hsdata_ff_reg[16]} \
          {design_1_i/camera_in/mipi_csi2_rx_subsyst_0/inst/rx/inst/AXI_LITE.reg_inf/img_info_cdc/dest_hsdata_ff_reg[17]} \
          {design_1_i/camera_in/mipi_csi2_rx_subsyst_0/inst/rx/inst/AXI_LITE.reg_inf/img_info_cdc/dest_hsdata_ff_reg[18]} \
          {design_1_i/camera_in/mipi_csi2_rx_subsyst_0/inst/rx/inst/AXI_LITE.reg_inf/img_info_cdc/dest_hsdata_ff_reg[19]} \
          {design_1_i/camera_in/mipi_csi2_rx_subsyst_0/inst/rx/inst/AXI_LITE.reg_inf/img_info_cdc/dest_hsdata_ff_reg[1]} \
          {design_1_i/camera_in/mipi_csi2_rx_subsyst_0/inst/rx/inst/AXI_LITE.reg_inf/img_info_cdc/dest_hsdata_ff_reg[20]} \
          {design_1_i/camera_in/mipi_csi2_rx_subsyst_0/inst/rx/inst/AXI_LITE.reg_inf/img_info_cdc/dest_hsdata_ff_reg[21]} \
          {design_1_i/camera_in/mipi_csi2_rx_subsyst_0/inst/rx/inst/AXI_LITE.reg_inf/img_info_cdc/dest_hsdata_ff_reg[22]} \
          {design_1_i/camera_in/mipi_csi2_rx_subsyst_0/inst/rx/inst/AXI_LITE.reg_inf/img_info_cdc/dest_hsdata_ff_reg[23]} \
          {design_1_i/camera_in/mipi_csi2_rx_subsyst_0/inst/rx/inst/AXI_LITE.reg_inf/img_info_cdc/dest_hsdata_ff_reg[24]} \
          {design_1_i/camera_in/mipi_csi2_rx_subsyst_0/inst/rx/inst/AXI_LITE.reg_inf/img_info_cdc/dest_hsdata_ff_reg[25]} \
          {design_1_i/camera_in/mipi_csi2_rx_subsyst_0/inst/rx/inst/AXI_LITE.reg_inf/img_info_cdc/dest_hsdata_ff_reg[2]} \
          {design_1_i/camera_in/mipi_csi2_rx_subsyst_0/inst/rx/inst/AXI_LITE.reg_inf/img_info_cdc/dest_hsdata_ff_reg[3]} \
          {design_1_i/camera_in/mipi_csi2_rx_subsyst_0/inst/rx/inst/AXI_LITE.reg_inf/img_info_cdc/dest_hsdata_ff_reg[4]} \
          {design_1_i/camera_in/mipi_csi2_rx_subsyst_0/inst/rx/inst/AXI_LITE.reg_inf/img_info_cdc/dest_hsdata_ff_reg[5]} \
          {design_1_i/camera_in/mipi_csi2_rx_subsyst_0/inst/rx/inst/AXI_LITE.reg_inf/img_info_cdc/dest_hsdata_ff_reg[6]} \
          {design_1_i/camera_in/mipi_csi2_rx_subsyst_0/inst/rx/inst/AXI_LITE.reg_inf/img_info_cdc/dest_hsdata_ff_reg[7]} \
          {design_1_i/camera_in/mipi_csi2_rx_subsyst_0/inst/rx/inst/AXI_LITE.reg_inf/img_info_cdc/dest_hsdata_ff_reg[8]} \
          {design_1_i/camera_in/mipi_csi2_rx_subsyst_0/inst/rx/inst/AXI_LITE.reg_inf/img_info_cdc/dest_hsdata_ff_reg[9]}]]
                                                                              Slow             30.000       1.315     28.685
12  150       [get_cells [list {design_1_i/ps7_0_axi_periph/m05_couplers/auto_cc/inst/gen_clock_conv.gen_async_lite_conv.clock_conv_lite_fwd_ar/handshake/src_hsdata_ff_reg[0]} {design_1_i/ps7_0_axi_periph/m05_couplers/auto_cc/inst/gen_clock_conv.gen_async_lite_conv.clock_conv_lite_fwd_ar/handshake/src_hsdata_ff_reg[1]} {design_1_i/ps7_0_axi_periph/m05_couplers/auto_cc/inst/gen_clock_conv.gen_async_lite_conv.clock_conv_lite_fwd_ar/handshake/src_hsdata_ff_reg[2]} {design_1_i/ps7_0_axi_periph/m05_couplers/auto_cc/inst/gen_clock_conv.gen_async_lite_conv.clock_conv_lite_fwd_ar/handshake/src_hsdata_ff_reg[3]} {design_1_i/ps7_0_axi_periph/m05_couplers/auto_cc/inst/gen_clock_conv.gen_async_lite_conv.clock_conv_lite_fwd_ar/handshake/src_hsdata_ff_reg[4]} {design_1_i/ps7_0_axi_periph/m05_couplers/auto_cc/inst/gen_clock_conv.gen_async_lite_conv.clock_conv_lite_fwd_ar/handshake/src_hsdata_ff_reg[5]}]]
                                              [get_cells [list {design_1_i/ps7_0_axi_periph/m05_couplers/auto_cc/inst/gen_clock_conv.gen_async_lite_conv.clock_conv_lite_fwd_ar/handshake/dest_hsdata_ff_reg[0]} {design_1_i/ps7_0_axi_periph/m05_couplers/auto_cc/inst/gen_clock_conv.gen_async_lite_conv.clock_conv_lite_fwd_ar/handshake/dest_hsdata_ff_reg[1]} {design_1_i/ps7_0_axi_periph/m05_couplers/auto_cc/inst/gen_clock_conv.gen_async_lite_conv.clock_conv_lite_fwd_ar/handshake/dest_hsdata_ff_reg[2]} {design_1_i/ps7_0_axi_periph/m05_couplers/auto_cc/inst/gen_clock_conv.gen_async_lite_conv.clock_conv_lite_fwd_ar/handshake/dest_hsdata_ff_reg[3]} {design_1_i/ps7_0_axi_periph/m05_couplers/auto_cc/inst/gen_clock_conv.gen_async_lite_conv.clock_conv_lite_fwd_ar/handshake/dest_hsdata_ff_reg[4]} {design_1_i/ps7_0_axi_periph/m05_couplers/auto_cc/inst/gen_clock_conv.gen_async_lite_conv.clock_conv_lite_fwd_ar/handshake/dest_hsdata_ff_reg[5]}]]
                                                                              Slow             19.686       0.696     18.990
13  152       [get_cells [list {design_1_i/ps7_0_axi_periph/m05_couplers/auto_cc/inst/gen_clock_conv.gen_async_lite_conv.clock_conv_lite_fwd_aw/handshake/src_hsdata_ff_reg[0]} {design_1_i/ps7_0_axi_periph/m05_couplers/auto_cc/inst/gen_clock_conv.gen_async_lite_conv.clock_conv_lite_fwd_aw/handshake/src_hsdata_ff_reg[1]} {design_1_i/ps7_0_axi_periph/m05_couplers/auto_cc/inst/gen_clock_conv.gen_async_lite_conv.clock_conv_lite_fwd_aw/handshake/src_hsdata_ff_reg[2]} {design_1_i/ps7_0_axi_periph/m05_couplers/auto_cc/inst/gen_clock_conv.gen_async_lite_conv.clock_conv_lite_fwd_aw/handshake/src_hsdata_ff_reg[3]} {design_1_i/ps7_0_axi_periph/m05_couplers/auto_cc/inst/gen_clock_conv.gen_async_lite_conv.clock_conv_lite_fwd_aw/handshake/src_hsdata_ff_reg[4]} {design_1_i/ps7_0_axi_periph/m05_couplers/auto_cc/inst/gen_clock_conv.gen_async_lite_conv.clock_conv_lite_fwd_aw/handshake/src_hsdata_ff_reg[5]}]]
                                              [get_cells [list {design_1_i/ps7_0_axi_periph/m05_couplers/auto_cc/inst/gen_clock_conv.gen_async_lite_conv.clock_conv_lite_fwd_aw/handshake/dest_hsdata_ff_reg[0]} {design_1_i/ps7_0_axi_periph/m05_couplers/auto_cc/inst/gen_clock_conv.gen_async_lite_conv.clock_conv_lite_fwd_aw/handshake/dest_hsdata_ff_reg[1]} {design_1_i/ps7_0_axi_periph/m05_couplers/auto_cc/inst/gen_clock_conv.gen_async_lite_conv.clock_conv_lite_fwd_aw/handshake/dest_hsdata_ff_reg[2]} {design_1_i/ps7_0_axi_periph/m05_couplers/auto_cc/inst/gen_clock_conv.gen_async_lite_conv.clock_conv_lite_fwd_aw/handshake/dest_hsdata_ff_reg[3]} {design_1_i/ps7_0_axi_periph/m05_couplers/auto_cc/inst/gen_clock_conv.gen_async_lite_conv.clock_conv_lite_fwd_aw/handshake/dest_hsdata_ff_reg[4]} {design_1_i/ps7_0_axi_periph/m05_couplers/auto_cc/inst/gen_clock_conv.gen_async_lite_conv.clock_conv_lite_fwd_aw/handshake/dest_hsdata_ff_reg[5]}]]
                                                                              Slow             19.686       0.672     19.014
14  154       [get_cells [list {design_1_i/ps7_0_axi_periph/m15_couplers/auto_cc/inst/gen_clock_conv.gen_async_lite_conv.clock_conv_lite_fwd_w/handshake/src_hsdata_ff_reg[0]} \
          {design_1_i/ps7_0_axi_periph/m15_couplers/auto_cc/inst/gen_clock_conv.gen_async_lite_conv.clock_conv_lite_fwd_w/handshake/src_hsdata_ff_reg[10]} \
          {design_1_i/ps7_0_axi_periph/m15_couplers/auto_cc/inst/gen_clock_conv.gen_async_lite_conv.clock_conv_lite_fwd_w/handshake/src_hsdata_ff_reg[11]} \
          {design_1_i/ps7_0_axi_periph/m15_couplers/auto_cc/inst/gen_clock_conv.gen_async_lite_conv.clock_conv_lite_fwd_w/handshake/src_hsdata_ff_reg[12]} \
          {design_1_i/ps7_0_axi_periph/m15_couplers/auto_cc/inst/gen_clock_conv.gen_async_lite_conv.clock_conv_lite_fwd_w/handshake/src_hsdata_ff_reg[13]} \
          {design_1_i/ps7_0_axi_periph/m15_couplers/auto_cc/inst/gen_clock_conv.gen_async_lite_conv.clock_conv_lite_fwd_w/handshake/src_hsdata_ff_reg[14]} \
          {design_1_i/ps7_0_axi_periph/m15_couplers/auto_cc/inst/gen_clock_conv.gen_async_lite_conv.clock_conv_lite_fwd_w/handshake/src_hsdata_ff_reg[15]} \
          {design_1_i/ps7_0_axi_periph/m15_couplers/auto_cc/inst/gen_clock_conv.gen_async_lite_conv.clock_conv_lite_fwd_w/handshake/src_hsdata_ff_reg[9]} \
          {design_1_i/ps7_0_axi_periph/m15_couplers/auto_cc/inst/gen_clock_conv.gen_async_lite_conv.clock_conv_lite_fwd_w/handshake/src_hsdata_ff_reg[8]} \
          {design_1_i/ps7_0_axi_periph/m15_couplers/auto_cc/inst/gen_clock_conv.gen_async_lite_conv.clock_conv_lite_fwd_w/handshake/src_hsdata_ff_reg[7]} \
          {design_1_i/ps7_0_axi_periph/m15_couplers/auto_cc/inst/gen_clock_conv.gen_async_lite_conv.clock_conv_lite_fwd_w/handshake/src_hsdata_ff_reg[6]} \
          {design_1_i/ps7_0_axi_periph/m15_couplers/auto_cc/inst/gen_clock_conv.gen_async_lite_conv.clock_conv_lite_fwd_w/handshake/src_hsdata_ff_reg[1]} \
          {design_1_i/ps7_0_axi_periph/m15_couplers/auto_cc/inst/gen_clock_conv.gen_async_lite_conv.clock_conv_lite_fwd_w/handshake/src_hsdata_ff_reg[5]} \
          {design_1_i/ps7_0_axi_periph/m15_couplers/auto_cc/inst/gen_clock_conv.gen_async_lite_conv.clock_conv_lite_fwd_w/handshake/src_hsdata_ff_reg[4]} \
          {design_1_i/ps7_0_axi_periph/m15_couplers/auto_cc/inst/gen_clock_conv.gen_async_lite_conv.clock_conv_lite_fwd_w/handshake/src_hsdata_ff_reg[3]} \
          {design_1_i/ps7_0_axi_periph/m15_couplers/auto_cc/inst/gen_clock_conv.gen_async_lite_conv.clock_conv_lite_fwd_w/handshake/src_hsdata_ff_reg[32]} \
          {design_1_i/ps7_0_axi_periph/m15_couplers/auto_cc/inst/gen_clock_conv.gen_async_lite_conv.clock_conv_lite_fwd_w/handshake/src_hsdata_ff_reg[2]} \
          {design_1_i/ps7_0_axi_periph/m15_couplers/auto_cc/inst/gen_clock_conv.gen_async_lite_conv.clock_conv_lite_fwd_w/handshake/src_hsdata_ff_reg[33]}]]
                                              [get_cells [list {design_1_i/ps7_0_axi_periph/m15_couplers/auto_cc/inst/gen_clock_conv.gen_async_lite_conv.clock_conv_lite_fwd_w/handshake/dest_hsdata_ff_reg[0]} \
          {design_1_i/ps7_0_axi_periph/m15_couplers/auto_cc/inst/gen_clock_conv.gen_async_lite_conv.clock_conv_lite_fwd_w/handshake/dest_hsdata_ff_reg[10]} \
          {design_1_i/ps7_0_axi_periph/m15_couplers/auto_cc/inst/gen_clock_conv.gen_async_lite_conv.clock_conv_lite_fwd_w/handshake/dest_hsdata_ff_reg[11]} \
          {design_1_i/ps7_0_axi_periph/m15_couplers/auto_cc/inst/gen_clock_conv.gen_async_lite_conv.clock_conv_lite_fwd_w/handshake/dest_hsdata_ff_reg[12]} \
          {design_1_i/ps7_0_axi_periph/m15_couplers/auto_cc/inst/gen_clock_conv.gen_async_lite_conv.clock_conv_lite_fwd_w/handshake/dest_hsdata_ff_reg[13]} \
          {design_1_i/ps7_0_axi_periph/m15_couplers/auto_cc/inst/gen_clock_conv.gen_async_lite_conv.clock_conv_lite_fwd_w/handshake/dest_hsdata_ff_reg[14]} \
          {design_1_i/ps7_0_axi_periph/m15_couplers/auto_cc/inst/gen_clock_conv.gen_async_lite_conv.clock_conv_lite_fwd_w/handshake/dest_hsdata_ff_reg[15]} \
          {design_1_i/ps7_0_axi_periph/m15_couplers/auto_cc/inst/gen_clock_conv.gen_async_lite_conv.clock_conv_lite_fwd_w/handshake/dest_hsdata_ff_reg[9]} \
          {design_1_i/ps7_0_axi_periph/m15_couplers/auto_cc/inst/gen_clock_conv.gen_async_lite_conv.clock_conv_lite_fwd_w/handshake/dest_hsdata_ff_reg[8]} \
          {design_1_i/ps7_0_axi_periph/m15_couplers/auto_cc/inst/gen_clock_conv.gen_async_lite_conv.clock_conv_lite_fwd_w/handshake/dest_hsdata_ff_reg[7]} \
          {design_1_i/ps7_0_axi_periph/m15_couplers/auto_cc/inst/gen_clock_conv.gen_async_lite_conv.clock_conv_lite_fwd_w/handshake/dest_hsdata_ff_reg[6]} \
          {design_1_i/ps7_0_axi_periph/m15_couplers/auto_cc/inst/gen_clock_conv.gen_async_lite_conv.clock_conv_lite_fwd_w/handshake/dest_hsdata_ff_reg[1]} \
          {design_1_i/ps7_0_axi_periph/m15_couplers/auto_cc/inst/gen_clock_conv.gen_async_lite_conv.clock_conv_lite_fwd_w/handshake/dest_hsdata_ff_reg[5]} \
          {design_1_i/ps7_0_axi_periph/m15_couplers/auto_cc/inst/gen_clock_conv.gen_async_lite_conv.clock_conv_lite_fwd_w/handshake/dest_hsdata_ff_reg[4]} \
          {design_1_i/ps7_0_axi_periph/m15_couplers/auto_cc/inst/gen_clock_conv.gen_async_lite_conv.clock_conv_lite_fwd_w/handshake/dest_hsdata_ff_reg[3]} \
          {design_1_i/ps7_0_axi_periph/m15_couplers/auto_cc/inst/gen_clock_conv.gen_async_lite_conv.clock_conv_lite_fwd_w/handshake/dest_hsdata_ff_reg[32]} \
          {design_1_i/ps7_0_axi_periph/m15_couplers/auto_cc/inst/gen_clock_conv.gen_async_lite_conv.clock_conv_lite_fwd_w/handshake/dest_hsdata_ff_reg[2]} \
          {design_1_i/ps7_0_axi_periph/m15_couplers/auto_cc/inst/gen_clock_conv.gen_async_lite_conv.clock_conv_lite_fwd_w/handshake/dest_hsdata_ff_reg[33]}]]
                                                                              Slow             19.686       0.872     18.814
15  156       [get_cells [list {design_1_i/ps7_0_axi_periph/m05_couplers/auto_cc/inst/gen_clock_conv.gen_async_lite_conv.clock_conv_lite_fwd_w/handshake/src_hsdata_ff_reg[0]} \
          {design_1_i/ps7_0_axi_periph/m05_couplers/auto_cc/inst/gen_clock_conv.gen_async_lite_conv.clock_conv_lite_fwd_w/handshake/src_hsdata_ff_reg[10]} \
          {design_1_i/ps7_0_axi_periph/m05_couplers/auto_cc/inst/gen_clock_conv.gen_async_lite_conv.clock_conv_lite_fwd_w/handshake/src_hsdata_ff_reg[11]} \
          {design_1_i/ps7_0_axi_periph/m05_couplers/auto_cc/inst/gen_clock_conv.gen_async_lite_conv.clock_conv_lite_fwd_w/handshake/src_hsdata_ff_reg[12]} \
          {design_1_i/ps7_0_axi_periph/m05_couplers/auto_cc/inst/gen_clock_conv.gen_async_lite_conv.clock_conv_lite_fwd_w/handshake/src_hsdata_ff_reg[13]} \
          {design_1_i/ps7_0_axi_periph/m05_couplers/auto_cc/inst/gen_clock_conv.gen_async_lite_conv.clock_conv_lite_fwd_w/handshake/src_hsdata_ff_reg[14]} \
          {design_1_i/ps7_0_axi_periph/m05_couplers/auto_cc/inst/gen_clock_conv.gen_async_lite_conv.clock_conv_lite_fwd_w/handshake/src_hsdata_ff_reg[15]} \
          {design_1_i/ps7_0_axi_periph/m05_couplers/auto_cc/inst/gen_clock_conv.gen_async_lite_conv.clock_conv_lite_fwd_w/handshake/src_hsdata_ff_reg[9]} \
          {design_1_i/ps7_0_axi_periph/m05_couplers/auto_cc/inst/gen_clock_conv.gen_async_lite_conv.clock_conv_lite_fwd_w/handshake/src_hsdata_ff_reg[8]} \
          {design_1_i/ps7_0_axi_periph/m05_couplers/auto_cc/inst/gen_clock_conv.gen_async_lite_conv.clock_conv_lite_fwd_w/handshake/src_hsdata_ff_reg[7]} \
          {design_1_i/ps7_0_axi_periph/m05_couplers/auto_cc/inst/gen_clock_conv.gen_async_lite_conv.clock_conv_lite_fwd_w/handshake/src_hsdata_ff_reg[6]} \
          {design_1_i/ps7_0_axi_periph/m05_couplers/auto_cc/inst/gen_clock_conv.gen_async_lite_conv.clock_conv_lite_fwd_w/handshake/src_hsdata_ff_reg[1]} \
          {design_1_i/ps7_0_axi_periph/m05_couplers/auto_cc/inst/gen_clock_conv.gen_async_lite_conv.clock_conv_lite_fwd_w/handshake/src_hsdata_ff_reg[5]} \
          {design_1_i/ps7_0_axi_periph/m05_couplers/auto_cc/inst/gen_clock_conv.gen_async_lite_conv.clock_conv_lite_fwd_w/handshake/src_hsdata_ff_reg[4]} \
          {design_1_i/ps7_0_axi_periph/m05_couplers/auto_cc/inst/gen_clock_conv.gen_async_lite_conv.clock_conv_lite_fwd_w/handshake/src_hsdata_ff_reg[3]} \
          {design_1_i/ps7_0_axi_periph/m05_couplers/auto_cc/inst/gen_clock_conv.gen_async_lite_conv.clock_conv_lite_fwd_w/handshake/src_hsdata_ff_reg[32]} \
          {design_1_i/ps7_0_axi_periph/m05_couplers/auto_cc/inst/gen_clock_conv.gen_async_lite_conv.clock_conv_lite_fwd_w/handshake/src_hsdata_ff_reg[2]} \
          {design_1_i/ps7_0_axi_periph/m05_couplers/auto_cc/inst/gen_clock_conv.gen_async_lite_conv.clock_conv_lite_fwd_w/handshake/src_hsdata_ff_reg[33]}]]
                                              [get_cells [list {design_1_i/ps7_0_axi_periph/m05_couplers/auto_cc/inst/gen_clock_conv.gen_async_lite_conv.clock_conv_lite_fwd_w/handshake/dest_hsdata_ff_reg[0]} \
          {design_1_i/ps7_0_axi_periph/m05_couplers/auto_cc/inst/gen_clock_conv.gen_async_lite_conv.clock_conv_lite_fwd_w/handshake/dest_hsdata_ff_reg[10]} \
          {design_1_i/ps7_0_axi_periph/m05_couplers/auto_cc/inst/gen_clock_conv.gen_async_lite_conv.clock_conv_lite_fwd_w/handshake/dest_hsdata_ff_reg[11]} \
          {design_1_i/ps7_0_axi_periph/m05_couplers/auto_cc/inst/gen_clock_conv.gen_async_lite_conv.clock_conv_lite_fwd_w/handshake/dest_hsdata_ff_reg[12]} \
          {design_1_i/ps7_0_axi_periph/m05_couplers/auto_cc/inst/gen_clock_conv.gen_async_lite_conv.clock_conv_lite_fwd_w/handshake/dest_hsdata_ff_reg[13]} \
          {design_1_i/ps7_0_axi_periph/m05_couplers/auto_cc/inst/gen_clock_conv.gen_async_lite_conv.clock_conv_lite_fwd_w/handshake/dest_hsdata_ff_reg[14]} \
          {design_1_i/ps7_0_axi_periph/m05_couplers/auto_cc/inst/gen_clock_conv.gen_async_lite_conv.clock_conv_lite_fwd_w/handshake/dest_hsdata_ff_reg[15]} \
          {design_1_i/ps7_0_axi_periph/m05_couplers/auto_cc/inst/gen_clock_conv.gen_async_lite_conv.clock_conv_lite_fwd_w/handshake/dest_hsdata_ff_reg[9]} \
          {design_1_i/ps7_0_axi_periph/m05_couplers/auto_cc/inst/gen_clock_conv.gen_async_lite_conv.clock_conv_lite_fwd_w/handshake/dest_hsdata_ff_reg[8]} \
          {design_1_i/ps7_0_axi_periph/m05_couplers/auto_cc/inst/gen_clock_conv.gen_async_lite_conv.clock_conv_lite_fwd_w/handshake/dest_hsdata_ff_reg[7]} \
          {design_1_i/ps7_0_axi_periph/m05_couplers/auto_cc/inst/gen_clock_conv.gen_async_lite_conv.clock_conv_lite_fwd_w/handshake/dest_hsdata_ff_reg[6]} \
          {design_1_i/ps7_0_axi_periph/m05_couplers/auto_cc/inst/gen_clock_conv.gen_async_lite_conv.clock_conv_lite_fwd_w/handshake/dest_hsdata_ff_reg[1]} \
          {design_1_i/ps7_0_axi_periph/m05_couplers/auto_cc/inst/gen_clock_conv.gen_async_lite_conv.clock_conv_lite_fwd_w/handshake/dest_hsdata_ff_reg[5]} \
          {design_1_i/ps7_0_axi_periph/m05_couplers/auto_cc/inst/gen_clock_conv.gen_async_lite_conv.clock_conv_lite_fwd_w/handshake/dest_hsdata_ff_reg[4]} \
          {design_1_i/ps7_0_axi_periph/m05_couplers/auto_cc/inst/gen_clock_conv.gen_async_lite_conv.clock_conv_lite_fwd_w/handshake/dest_hsdata_ff_reg[3]} \
          {design_1_i/ps7_0_axi_periph/m05_couplers/auto_cc/inst/gen_clock_conv.gen_async_lite_conv.clock_conv_lite_fwd_w/handshake/dest_hsdata_ff_reg[32]} \
          {design_1_i/ps7_0_axi_periph/m05_couplers/auto_cc/inst/gen_clock_conv.gen_async_lite_conv.clock_conv_lite_fwd_w/handshake/dest_hsdata_ff_reg[2]} \
          {design_1_i/ps7_0_axi_periph/m05_couplers/auto_cc/inst/gen_clock_conv.gen_async_lite_conv.clock_conv_lite_fwd_w/handshake/dest_hsdata_ff_reg[33]}]]
                                                                              Slow             19.686       0.872     18.814
16  158       [get_cells [list {design_1_i/ps7_0_axi_periph/m06_couplers/auto_cc/inst/gen_clock_conv.gen_async_lite_conv.clock_conv_lite_fwd_w/handshake/src_hsdata_ff_reg[0]} \
          {design_1_i/ps7_0_axi_periph/m06_couplers/auto_cc/inst/gen_clock_conv.gen_async_lite_conv.clock_conv_lite_fwd_w/handshake/src_hsdata_ff_reg[10]} \
          {design_1_i/ps7_0_axi_periph/m06_couplers/auto_cc/inst/gen_clock_conv.gen_async_lite_conv.clock_conv_lite_fwd_w/handshake/src_hsdata_ff_reg[11]} \
          {design_1_i/ps7_0_axi_periph/m06_couplers/auto_cc/inst/gen_clock_conv.gen_async_lite_conv.clock_conv_lite_fwd_w/handshake/src_hsdata_ff_reg[12]} \
          {design_1_i/ps7_0_axi_periph/m06_couplers/auto_cc/inst/gen_clock_conv.gen_async_lite_conv.clock_conv_lite_fwd_w/handshake/src_hsdata_ff_reg[13]} \
          {design_1_i/ps7_0_axi_periph/m06_couplers/auto_cc/inst/gen_clock_conv.gen_async_lite_conv.clock_conv_lite_fwd_w/handshake/src_hsdata_ff_reg[14]} \
          {design_1_i/ps7_0_axi_periph/m06_couplers/auto_cc/inst/gen_clock_conv.gen_async_lite_conv.clock_conv_lite_fwd_w/handshake/src_hsdata_ff_reg[15]} \
          {design_1_i/ps7_0_axi_periph/m06_couplers/auto_cc/inst/gen_clock_conv.gen_async_lite_conv.clock_conv_lite_fwd_w/handshake/src_hsdata_ff_reg[16]} \
          {design_1_i/ps7_0_axi_periph/m06_couplers/auto_cc/inst/gen_clock_conv.gen_async_lite_conv.clock_conv_lite_fwd_w/handshake/src_hsdata_ff_reg[17]} \
          {design_1_i/ps7_0_axi_periph/m06_couplers/auto_cc/inst/gen_clock_conv.gen_async_lite_conv.clock_conv_lite_fwd_w/handshake/src_hsdata_ff_reg[18]} \
          {design_1_i/ps7_0_axi_periph/m06_couplers/auto_cc/inst/gen_clock_conv.gen_async_lite_conv.clock_conv_lite_fwd_w/handshake/src_hsdata_ff_reg[19]} \
          {design_1_i/ps7_0_axi_periph/m06_couplers/auto_cc/inst/gen_clock_conv.gen_async_lite_conv.clock_conv_lite_fwd_w/handshake/src_hsdata_ff_reg[1]} \
          {design_1_i/ps7_0_axi_periph/m06_couplers/auto_cc/inst/gen_clock_conv.gen_async_lite_conv.clock_conv_lite_fwd_w/handshake/src_hsdata_ff_reg[20]} \
          {design_1_i/ps7_0_axi_periph/m06_couplers/auto_cc/inst/gen_clock_conv.gen_async_lite_conv.clock_conv_lite_fwd_w/handshake/src_hsdata_ff_reg[21]} \
          {design_1_i/ps7_0_axi_periph/m06_couplers/auto_cc/inst/gen_clock_conv.gen_async_lite_conv.clock_conv_lite_fwd_w/handshake/src_hsdata_ff_reg[22]} \
          {design_1_i/ps7_0_axi_periph/m06_couplers/auto_cc/inst/gen_clock_conv.gen_async_lite_conv.clock_conv_lite_fwd_w/handshake/src_hsdata_ff_reg[23]} \
          {design_1_i/ps7_0_axi_periph/m06_couplers/auto_cc/inst/gen_clock_conv.gen_async_lite_conv.clock_conv_lite_fwd_w/handshake/src_hsdata_ff_reg[24]} \
          {design_1_i/ps7_0_axi_periph/m06_couplers/auto_cc/inst/gen_clock_conv.gen_async_lite_conv.clock_conv_lite_fwd_w/handshake/src_hsdata_ff_reg[25]} \
          {design_1_i/ps7_0_axi_periph/m06_couplers/auto_cc/inst/gen_clock_conv.gen_async_lite_conv.clock_conv_lite_fwd_w/handshake/src_hsdata_ff_reg[26]} \
          {design_1_i/ps7_0_axi_periph/m06_couplers/auto_cc/inst/gen_clock_conv.gen_async_lite_conv.clock_conv_lite_fwd_w/handshake/src_hsdata_ff_reg[27]} \
          {design_1_i/ps7_0_axi_periph/m06_couplers/auto_cc/inst/gen_clock_conv.gen_async_lite_conv.clock_conv_lite_fwd_w/handshake/src_hsdata_ff_reg[28]} \
          {design_1_i/ps7_0_axi_periph/m06_couplers/auto_cc/inst/gen_clock_conv.gen_async_lite_conv.clock_conv_lite_fwd_w/handshake/src_hsdata_ff_reg[29]} \
          {design_1_i/ps7_0_axi_periph/m06_couplers/auto_cc/inst/gen_clock_conv.gen_async_lite_conv.clock_conv_lite_fwd_w/handshake/src_hsdata_ff_reg[2]} \
          {design_1_i/ps7_0_axi_periph/m06_couplers/auto_cc/inst/gen_clock_conv.gen_async_lite_conv.clock_conv_lite_fwd_w/handshake/src_hsdata_ff_reg[30]} \
          {design_1_i/ps7_0_axi_periph/m06_couplers/auto_cc/inst/gen_clock_conv.gen_async_lite_conv.clock_conv_lite_fwd_w/handshake/src_hsdata_ff_reg[31]} \
          {design_1_i/ps7_0_axi_periph/m06_couplers/auto_cc/inst/gen_clock_conv.gen_async_lite_conv.clock_conv_lite_fwd_w/handshake/src_hsdata_ff_reg[32]} \
          {design_1_i/ps7_0_axi_periph/m06_couplers/auto_cc/inst/gen_clock_conv.gen_async_lite_conv.clock_conv_lite_fwd_w/handshake/src_hsdata_ff_reg[33]} \
          {design_1_i/ps7_0_axi_periph/m06_couplers/auto_cc/inst/gen_clock_conv.gen_async_lite_conv.clock_conv_lite_fwd_w/handshake/src_hsdata_ff_reg[34]} \
          {design_1_i/ps7_0_axi_periph/m06_couplers/auto_cc/inst/gen_clock_conv.gen_async_lite_conv.clock_conv_lite_fwd_w/handshake/src_hsdata_ff_reg[35]} \
          {design_1_i/ps7_0_axi_periph/m06_couplers/auto_cc/inst/gen_clock_conv.gen_async_lite_conv.clock_conv_lite_fwd_w/handshake/src_hsdata_ff_reg[3]} \
          {design_1_i/ps7_0_axi_periph/m06_couplers/auto_cc/inst/gen_clock_conv.gen_async_lite_conv.clock_conv_lite_fwd_w/handshake/src_hsdata_ff_reg[4]} \
          {design_1_i/ps7_0_axi_periph/m06_couplers/auto_cc/inst/gen_clock_conv.gen_async_lite_conv.clock_conv_lite_fwd_w/handshake/src_hsdata_ff_reg[5]} \
          {design_1_i/ps7_0_axi_periph/m06_couplers/auto_cc/inst/gen_clock_conv.gen_async_lite_conv.clock_conv_lite_fwd_w/handshake/src_hsdata_ff_reg[6]} \
          {design_1_i/ps7_0_axi_periph/m06_couplers/auto_cc/inst/gen_clock_conv.gen_async_lite_conv.clock_conv_lite_fwd_w/handshake/src_hsdata_ff_reg[7]} \
          {design_1_i/ps7_0_axi_periph/m06_couplers/auto_cc/inst/gen_clock_conv.gen_async_lite_conv.clock_conv_lite_fwd_w/handshake/src_hsdata_ff_reg[8]} \
          {design_1_i/ps7_0_axi_periph/m06_couplers/auto_cc/inst/gen_clock_conv.gen_async_lite_conv.clock_conv_lite_fwd_w/handshake/src_hsdata_ff_reg[9]}]]
                                              [get_cells [list {design_1_i/ps7_0_axi_periph/m06_couplers/auto_cc/inst/gen_clock_conv.gen_async_lite_conv.clock_conv_lite_fwd_w/handshake/dest_hsdata_ff_reg[0]} \
          {design_1_i/ps7_0_axi_periph/m06_couplers/auto_cc/inst/gen_clock_conv.gen_async_lite_conv.clock_conv_lite_fwd_w/handshake/dest_hsdata_ff_reg[10]} \
          {design_1_i/ps7_0_axi_periph/m06_couplers/auto_cc/inst/gen_clock_conv.gen_async_lite_conv.clock_conv_lite_fwd_w/handshake/dest_hsdata_ff_reg[11]} \
          {design_1_i/ps7_0_axi_periph/m06_couplers/auto_cc/inst/gen_clock_conv.gen_async_lite_conv.clock_conv_lite_fwd_w/handshake/dest_hsdata_ff_reg[12]} \
          {design_1_i/ps7_0_axi_periph/m06_couplers/auto_cc/inst/gen_clock_conv.gen_async_lite_conv.clock_conv_lite_fwd_w/handshake/dest_hsdata_ff_reg[13]} \
          {design_1_i/ps7_0_axi_periph/m06_couplers/auto_cc/inst/gen_clock_conv.gen_async_lite_conv.clock_conv_lite_fwd_w/handshake/dest_hsdata_ff_reg[14]} \
          {design_1_i/ps7_0_axi_periph/m06_couplers/auto_cc/inst/gen_clock_conv.gen_async_lite_conv.clock_conv_lite_fwd_w/handshake/dest_hsdata_ff_reg[15]} \
          {design_1_i/ps7_0_axi_periph/m06_couplers/auto_cc/inst/gen_clock_conv.gen_async_lite_conv.clock_conv_lite_fwd_w/handshake/dest_hsdata_ff_reg[16]} \
          {design_1_i/ps7_0_axi_periph/m06_couplers/auto_cc/inst/gen_clock_conv.gen_async_lite_conv.clock_conv_lite_fwd_w/handshake/dest_hsdata_ff_reg[17]} \
          {design_1_i/ps7_0_axi_periph/m06_couplers/auto_cc/inst/gen_clock_conv.gen_async_lite_conv.clock_conv_lite_fwd_w/handshake/dest_hsdata_ff_reg[18]} \
          {design_1_i/ps7_0_axi_periph/m06_couplers/auto_cc/inst/gen_clock_conv.gen_async_lite_conv.clock_conv_lite_fwd_w/handshake/dest_hsdata_ff_reg[19]} \
          {design_1_i/ps7_0_axi_periph/m06_couplers/auto_cc/inst/gen_clock_conv.gen_async_lite_conv.clock_conv_lite_fwd_w/handshake/dest_hsdata_ff_reg[1]} \
          {design_1_i/ps7_0_axi_periph/m06_couplers/auto_cc/inst/gen_clock_conv.gen_async_lite_conv.clock_conv_lite_fwd_w/handshake/dest_hsdata_ff_reg[20]} \
          {design_1_i/ps7_0_axi_periph/m06_couplers/auto_cc/inst/gen_clock_conv.gen_async_lite_conv.clock_conv_lite_fwd_w/handshake/dest_hsdata_ff_reg[21]} \
          {design_1_i/ps7_0_axi_periph/m06_couplers/auto_cc/inst/gen_clock_conv.gen_async_lite_conv.clock_conv_lite_fwd_w/handshake/dest_hsdata_ff_reg[22]} \
          {design_1_i/ps7_0_axi_periph/m06_couplers/auto_cc/inst/gen_clock_conv.gen_async_lite_conv.clock_conv_lite_fwd_w/handshake/dest_hsdata_ff_reg[23]} \
          {design_1_i/ps7_0_axi_periph/m06_couplers/auto_cc/inst/gen_clock_conv.gen_async_lite_conv.clock_conv_lite_fwd_w/handshake/dest_hsdata_ff_reg[24]} \
          {design_1_i/ps7_0_axi_periph/m06_couplers/auto_cc/inst/gen_clock_conv.gen_async_lite_conv.clock_conv_lite_fwd_w/handshake/dest_hsdata_ff_reg[25]} \
          {design_1_i/ps7_0_axi_periph/m06_couplers/auto_cc/inst/gen_clock_conv.gen_async_lite_conv.clock_conv_lite_fwd_w/handshake/dest_hsdata_ff_reg[26]} \
          {design_1_i/ps7_0_axi_periph/m06_couplers/auto_cc/inst/gen_clock_conv.gen_async_lite_conv.clock_conv_lite_fwd_w/handshake/dest_hsdata_ff_reg[27]} \
          {design_1_i/ps7_0_axi_periph/m06_couplers/auto_cc/inst/gen_clock_conv.gen_async_lite_conv.clock_conv_lite_fwd_w/handshake/dest_hsdata_ff_reg[28]} \
          {design_1_i/ps7_0_axi_periph/m06_couplers/auto_cc/inst/gen_clock_conv.gen_async_lite_conv.clock_conv_lite_fwd_w/handshake/dest_hsdata_ff_reg[29]} \
          {design_1_i/ps7_0_axi_periph/m06_couplers/auto_cc/inst/gen_clock_conv.gen_async_lite_conv.clock_conv_lite_fwd_w/handshake/dest_hsdata_ff_reg[2]} \
          {design_1_i/ps7_0_axi_periph/m06_couplers/auto_cc/inst/gen_clock_conv.gen_async_lite_conv.clock_conv_lite_fwd_w/handshake/dest_hsdata_ff_reg[30]} \
          {design_1_i/ps7_0_axi_periph/m06_couplers/auto_cc/inst/gen_clock_conv.gen_async_lite_conv.clock_conv_lite_fwd_w/handshake/dest_hsdata_ff_reg[31]} \
          {design_1_i/ps7_0_axi_periph/m06_couplers/auto_cc/inst/gen_clock_conv.gen_async_lite_conv.clock_conv_lite_fwd_w/handshake/dest_hsdata_ff_reg[32]} \
          {design_1_i/ps7_0_axi_periph/m06_couplers/auto_cc/inst/gen_clock_conv.gen_async_lite_conv.clock_conv_lite_fwd_w/handshake/dest_hsdata_ff_reg[33]} \
          {design_1_i/ps7_0_axi_periph/m06_couplers/auto_cc/inst/gen_clock_conv.gen_async_lite_conv.clock_conv_lite_fwd_w/handshake/dest_hsdata_ff_reg[34]} \
          {design_1_i/ps7_0_axi_periph/m06_couplers/auto_cc/inst/gen_clock_conv.gen_async_lite_conv.clock_conv_lite_fwd_w/handshake/dest_hsdata_ff_reg[35]} \
          {design_1_i/ps7_0_axi_periph/m06_couplers/auto_cc/inst/gen_clock_conv.gen_async_lite_conv.clock_conv_lite_fwd_w/handshake/dest_hsdata_ff_reg[3]} \
          {design_1_i/ps7_0_axi_periph/m06_couplers/auto_cc/inst/gen_clock_conv.gen_async_lite_conv.clock_conv_lite_fwd_w/handshake/dest_hsdata_ff_reg[4]} \
          {design_1_i/ps7_0_axi_periph/m06_couplers/auto_cc/inst/gen_clock_conv.gen_async_lite_conv.clock_conv_lite_fwd_w/handshake/dest_hsdata_ff_reg[5]} \
          {design_1_i/ps7_0_axi_periph/m06_couplers/auto_cc/inst/gen_clock_conv.gen_async_lite_conv.clock_conv_lite_fwd_w/handshake/dest_hsdata_ff_reg[6]} \
          {design_1_i/ps7_0_axi_periph/m06_couplers/auto_cc/inst/gen_clock_conv.gen_async_lite_conv.clock_conv_lite_fwd_w/handshake/dest_hsdata_ff_reg[7]} \
          {design_1_i/ps7_0_axi_periph/m06_couplers/auto_cc/inst/gen_clock_conv.gen_async_lite_conv.clock_conv_lite_fwd_w/handshake/dest_hsdata_ff_reg[8]} \
          {design_1_i/ps7_0_axi_periph/m06_couplers/auto_cc/inst/gen_clock_conv.gen_async_lite_conv.clock_conv_lite_fwd_w/handshake/dest_hsdata_ff_reg[9]}]]
                                                                              Slow             19.686       1.049     18.637
17  160       [get_cells [list {design_1_i/ps7_0_axi_periph/m07_couplers/auto_cc/inst/gen_clock_conv.gen_async_lite_conv.clock_conv_lite_fwd_w/handshake/src_hsdata_ff_reg[0]} \
          {design_1_i/ps7_0_axi_periph/m07_couplers/auto_cc/inst/gen_clock_conv.gen_async_lite_conv.clock_conv_lite_fwd_w/handshake/src_hsdata_ff_reg[10]} \
          {design_1_i/ps7_0_axi_periph/m07_couplers/auto_cc/inst/gen_clock_conv.gen_async_lite_conv.clock_conv_lite_fwd_w/handshake/src_hsdata_ff_reg[11]} \
          {design_1_i/ps7_0_axi_periph/m07_couplers/auto_cc/inst/gen_clock_conv.gen_async_lite_conv.clock_conv_lite_fwd_w/handshake/src_hsdata_ff_reg[12]} \
          {design_1_i/ps7_0_axi_periph/m07_couplers/auto_cc/inst/gen_clock_conv.gen_async_lite_conv.clock_conv_lite_fwd_w/handshake/src_hsdata_ff_reg[13]} \
          {design_1_i/ps7_0_axi_periph/m07_couplers/auto_cc/inst/gen_clock_conv.gen_async_lite_conv.clock_conv_lite_fwd_w/handshake/src_hsdata_ff_reg[14]} \
          {design_1_i/ps7_0_axi_periph/m07_couplers/auto_cc/inst/gen_clock_conv.gen_async_lite_conv.clock_conv_lite_fwd_w/handshake/src_hsdata_ff_reg[15]} \
          {design_1_i/ps7_0_axi_periph/m07_couplers/auto_cc/inst/gen_clock_conv.gen_async_lite_conv.clock_conv_lite_fwd_w/handshake/src_hsdata_ff_reg[16]} \
          {design_1_i/ps7_0_axi_periph/m07_couplers/auto_cc/inst/gen_clock_conv.gen_async_lite_conv.clock_conv_lite_fwd_w/handshake/src_hsdata_ff_reg[17]} \
          {design_1_i/ps7_0_axi_periph/m07_couplers/auto_cc/inst/gen_clock_conv.gen_async_lite_conv.clock_conv_lite_fwd_w/handshake/src_hsdata_ff_reg[18]} \
          {design_1_i/ps7_0_axi_periph/m07_couplers/auto_cc/inst/gen_clock_conv.gen_async_lite_conv.clock_conv_lite_fwd_w/handshake/src_hsdata_ff_reg[19]} \
          {design_1_i/ps7_0_axi_periph/m07_couplers/auto_cc/inst/gen_clock_conv.gen_async_lite_conv.clock_conv_lite_fwd_w/handshake/src_hsdata_ff_reg[1]} \
          {design_1_i/ps7_0_axi_periph/m07_couplers/auto_cc/inst/gen_clock_conv.gen_async_lite_conv.clock_conv_lite_fwd_w/handshake/src_hsdata_ff_reg[20]} \
          {design_1_i/ps7_0_axi_periph/m07_couplers/auto_cc/inst/gen_clock_conv.gen_async_lite_conv.clock_conv_lite_fwd_w/handshake/src_hsdata_ff_reg[21]} \
          {design_1_i/ps7_0_axi_periph/m07_couplers/auto_cc/inst/gen_clock_conv.gen_async_lite_conv.clock_conv_lite_fwd_w/handshake/src_hsdata_ff_reg[22]} \
          {design_1_i/ps7_0_axi_periph/m07_couplers/auto_cc/inst/gen_clock_conv.gen_async_lite_conv.clock_conv_lite_fwd_w/handshake/src_hsdata_ff_reg[23]} \
          {design_1_i/ps7_0_axi_periph/m07_couplers/auto_cc/inst/gen_clock_conv.gen_async_lite_conv.clock_conv_lite_fwd_w/handshake/src_hsdata_ff_reg[24]} \
          {design_1_i/ps7_0_axi_periph/m07_couplers/auto_cc/inst/gen_clock_conv.gen_async_lite_conv.clock_conv_lite_fwd_w/handshake/src_hsdata_ff_reg[25]} \
          {design_1_i/ps7_0_axi_periph/m07_couplers/auto_cc/inst/gen_clock_conv.gen_async_lite_conv.clock_conv_lite_fwd_w/handshake/src_hsdata_ff_reg[26]} \
          {design_1_i/ps7_0_axi_periph/m07_couplers/auto_cc/inst/gen_clock_conv.gen_async_lite_conv.clock_conv_lite_fwd_w/handshake/src_hsdata_ff_reg[27]} \
          {design_1_i/ps7_0_axi_periph/m07_couplers/auto_cc/inst/gen_clock_conv.gen_async_lite_conv.clock_conv_lite_fwd_w/handshake/src_hsdata_ff_reg[28]} \
          {design_1_i/ps7_0_axi_periph/m07_couplers/auto_cc/inst/gen_clock_conv.gen_async_lite_conv.clock_conv_lite_fwd_w/handshake/src_hsdata_ff_reg[29]} \
          {design_1_i/ps7_0_axi_periph/m07_couplers/auto_cc/inst/gen_clock_conv.gen_async_lite_conv.clock_conv_lite_fwd_w/handshake/src_hsdata_ff_reg[2]} \
          {design_1_i/ps7_0_axi_periph/m07_couplers/auto_cc/inst/gen_clock_conv.gen_async_lite_conv.clock_conv_lite_fwd_w/handshake/src_hsdata_ff_reg[30]} \
          {design_1_i/ps7_0_axi_periph/m07_couplers/auto_cc/inst/gen_clock_conv.gen_async_lite_conv.clock_conv_lite_fwd_w/handshake/src_hsdata_ff_reg[31]} \
          {design_1_i/ps7_0_axi_periph/m07_couplers/auto_cc/inst/gen_clock_conv.gen_async_lite_conv.clock_conv_lite_fwd_w/handshake/src_hsdata_ff_reg[32]} \
          {design_1_i/ps7_0_axi_periph/m07_couplers/auto_cc/inst/gen_clock_conv.gen_async_lite_conv.clock_conv_lite_fwd_w/handshake/src_hsdata_ff_reg[33]} \
          {design_1_i/ps7_0_axi_periph/m07_couplers/auto_cc/inst/gen_clock_conv.gen_async_lite_conv.clock_conv_lite_fwd_w/handshake/src_hsdata_ff_reg[34]} \
          {design_1_i/ps7_0_axi_periph/m07_couplers/auto_cc/inst/gen_clock_conv.gen_async_lite_conv.clock_conv_lite_fwd_w/handshake/src_hsdata_ff_reg[35]} \
          {design_1_i/ps7_0_axi_periph/m07_couplers/auto_cc/inst/gen_clock_conv.gen_async_lite_conv.clock_conv_lite_fwd_w/handshake/src_hsdata_ff_reg[3]} \
          {design_1_i/ps7_0_axi_periph/m07_couplers/auto_cc/inst/gen_clock_conv.gen_async_lite_conv.clock_conv_lite_fwd_w/handshake/src_hsdata_ff_reg[4]} \
          {design_1_i/ps7_0_axi_periph/m07_couplers/auto_cc/inst/gen_clock_conv.gen_async_lite_conv.clock_conv_lite_fwd_w/handshake/src_hsdata_ff_reg[5]} \
          {design_1_i/ps7_0_axi_periph/m07_couplers/auto_cc/inst/gen_clock_conv.gen_async_lite_conv.clock_conv_lite_fwd_w/handshake/src_hsdata_ff_reg[6]} \
          {design_1_i/ps7_0_axi_periph/m07_couplers/auto_cc/inst/gen_clock_conv.gen_async_lite_conv.clock_conv_lite_fwd_w/handshake/src_hsdata_ff_reg[7]} \
          {design_1_i/ps7_0_axi_periph/m07_couplers/auto_cc/inst/gen_clock_conv.gen_async_lite_conv.clock_conv_lite_fwd_w/handshake/src_hsdata_ff_reg[8]} \
          {design_1_i/ps7_0_axi_periph/m07_couplers/auto_cc/inst/gen_clock_conv.gen_async_lite_conv.clock_conv_lite_fwd_w/handshake/src_hsdata_ff_reg[9]}]]
                                              [get_cells [list {design_1_i/ps7_0_axi_periph/m07_couplers/auto_cc/inst/gen_clock_conv.gen_async_lite_conv.clock_conv_lite_fwd_w/handshake/dest_hsdata_ff_reg[0]} \
          {design_1_i/ps7_0_axi_periph/m07_couplers/auto_cc/inst/gen_clock_conv.gen_async_lite_conv.clock_conv_lite_fwd_w/handshake/dest_hsdata_ff_reg[10]} \
          {design_1_i/ps7_0_axi_periph/m07_couplers/auto_cc/inst/gen_clock_conv.gen_async_lite_conv.clock_conv_lite_fwd_w/handshake/dest_hsdata_ff_reg[11]} \
          {design_1_i/ps7_0_axi_periph/m07_couplers/auto_cc/inst/gen_clock_conv.gen_async_lite_conv.clock_conv_lite_fwd_w/handshake/dest_hsdata_ff_reg[12]} \
          {design_1_i/ps7_0_axi_periph/m07_couplers/auto_cc/inst/gen_clock_conv.gen_async_lite_conv.clock_conv_lite_fwd_w/handshake/dest_hsdata_ff_reg[13]} \
          {design_1_i/ps7_0_axi_periph/m07_couplers/auto_cc/inst/gen_clock_conv.gen_async_lite_conv.clock_conv_lite_fwd_w/handshake/dest_hsdata_ff_reg[14]} \
          {design_1_i/ps7_0_axi_periph/m07_couplers/auto_cc/inst/gen_clock_conv.gen_async_lite_conv.clock_conv_lite_fwd_w/handshake/dest_hsdata_ff_reg[15]} \
          {design_1_i/ps7_0_axi_periph/m07_couplers/auto_cc/inst/gen_clock_conv.gen_async_lite_conv.clock_conv_lite_fwd_w/handshake/dest_hsdata_ff_reg[16]} \
          {design_1_i/ps7_0_axi_periph/m07_couplers/auto_cc/inst/gen_clock_conv.gen_async_lite_conv.clock_conv_lite_fwd_w/handshake/dest_hsdata_ff_reg[17]} \
          {design_1_i/ps7_0_axi_periph/m07_couplers/auto_cc/inst/gen_clock_conv.gen_async_lite_conv.clock_conv_lite_fwd_w/handshake/dest_hsdata_ff_reg[18]} \
          {design_1_i/ps7_0_axi_periph/m07_couplers/auto_cc/inst/gen_clock_conv.gen_async_lite_conv.clock_conv_lite_fwd_w/handshake/dest_hsdata_ff_reg[19]} \
          {design_1_i/ps7_0_axi_periph/m07_couplers/auto_cc/inst/gen_clock_conv.gen_async_lite_conv.clock_conv_lite_fwd_w/handshake/dest_hsdata_ff_reg[1]} \
          {design_1_i/ps7_0_axi_periph/m07_couplers/auto_cc/inst/gen_clock_conv.gen_async_lite_conv.clock_conv_lite_fwd_w/handshake/dest_hsdata_ff_reg[20]} \
          {design_1_i/ps7_0_axi_periph/m07_couplers/auto_cc/inst/gen_clock_conv.gen_async_lite_conv.clock_conv_lite_fwd_w/handshake/dest_hsdata_ff_reg[21]} \
          {design_1_i/ps7_0_axi_periph/m07_couplers/auto_cc/inst/gen_clock_conv.gen_async_lite_conv.clock_conv_lite_fwd_w/handshake/dest_hsdata_ff_reg[22]} \
          {design_1_i/ps7_0_axi_periph/m07_couplers/auto_cc/inst/gen_clock_conv.gen_async_lite_conv.clock_conv_lite_fwd_w/handshake/dest_hsdata_ff_reg[23]} \
          {design_1_i/ps7_0_axi_periph/m07_couplers/auto_cc/inst/gen_clock_conv.gen_async_lite_conv.clock_conv_lite_fwd_w/handshake/dest_hsdata_ff_reg[24]} \
          {design_1_i/ps7_0_axi_periph/m07_couplers/auto_cc/inst/gen_clock_conv.gen_async_lite_conv.clock_conv_lite_fwd_w/handshake/dest_hsdata_ff_reg[25]} \
          {design_1_i/ps7_0_axi_periph/m07_couplers/auto_cc/inst/gen_clock_conv.gen_async_lite_conv.clock_conv_lite_fwd_w/handshake/dest_hsdata_ff_reg[26]} \
          {design_1_i/ps7_0_axi_periph/m07_couplers/auto_cc/inst/gen_clock_conv.gen_async_lite_conv.clock_conv_lite_fwd_w/handshake/dest_hsdata_ff_reg[27]} \
          {design_1_i/ps7_0_axi_periph/m07_couplers/auto_cc/inst/gen_clock_conv.gen_async_lite_conv.clock_conv_lite_fwd_w/handshake/dest_hsdata_ff_reg[28]} \
          {design_1_i/ps7_0_axi_periph/m07_couplers/auto_cc/inst/gen_clock_conv.gen_async_lite_conv.clock_conv_lite_fwd_w/handshake/dest_hsdata_ff_reg[29]} \
          {design_1_i/ps7_0_axi_periph/m07_couplers/auto_cc/inst/gen_clock_conv.gen_async_lite_conv.clock_conv_lite_fwd_w/handshake/dest_hsdata_ff_reg[2]} \
          {design_1_i/ps7_0_axi_periph/m07_couplers/auto_cc/inst/gen_clock_conv.gen_async_lite_conv.clock_conv_lite_fwd_w/handshake/dest_hsdata_ff_reg[30]} \
          {design_1_i/ps7_0_axi_periph/m07_couplers/auto_cc/inst/gen_clock_conv.gen_async_lite_conv.clock_conv_lite_fwd_w/handshake/dest_hsdata_ff_reg[31]} \
          {design_1_i/ps7_0_axi_periph/m07_couplers/auto_cc/inst/gen_clock_conv.gen_async_lite_conv.clock_conv_lite_fwd_w/handshake/dest_hsdata_ff_reg[32]} \
          {design_1_i/ps7_0_axi_periph/m07_couplers/auto_cc/inst/gen_clock_conv.gen_async_lite_conv.clock_conv_lite_fwd_w/handshake/dest_hsdata_ff_reg[33]} \
          {design_1_i/ps7_0_axi_periph/m07_couplers/auto_cc/inst/gen_clock_conv.gen_async_lite_conv.clock_conv_lite_fwd_w/handshake/dest_hsdata_ff_reg[34]} \
          {design_1_i/ps7_0_axi_periph/m07_couplers/auto_cc/inst/gen_clock_conv.gen_async_lite_conv.clock_conv_lite_fwd_w/handshake/dest_hsdata_ff_reg[35]} \
          {design_1_i/ps7_0_axi_periph/m07_couplers/auto_cc/inst/gen_clock_conv.gen_async_lite_conv.clock_conv_lite_fwd_w/handshake/dest_hsdata_ff_reg[3]} \
          {design_1_i/ps7_0_axi_periph/m07_couplers/auto_cc/inst/gen_clock_conv.gen_async_lite_conv.clock_conv_lite_fwd_w/handshake/dest_hsdata_ff_reg[4]} \
          {design_1_i/ps7_0_axi_periph/m07_couplers/auto_cc/inst/gen_clock_conv.gen_async_lite_conv.clock_conv_lite_fwd_w/handshake/dest_hsdata_ff_reg[5]} \
          {design_1_i/ps7_0_axi_periph/m07_couplers/auto_cc/inst/gen_clock_conv.gen_async_lite_conv.clock_conv_lite_fwd_w/handshake/dest_hsdata_ff_reg[6]} \
          {design_1_i/ps7_0_axi_periph/m07_couplers/auto_cc/inst/gen_clock_conv.gen_async_lite_conv.clock_conv_lite_fwd_w/handshake/dest_hsdata_ff_reg[7]} \
          {design_1_i/ps7_0_axi_periph/m07_couplers/auto_cc/inst/gen_clock_conv.gen_async_lite_conv.clock_conv_lite_fwd_w/handshake/dest_hsdata_ff_reg[8]} \
          {design_1_i/ps7_0_axi_periph/m07_couplers/auto_cc/inst/gen_clock_conv.gen_async_lite_conv.clock_conv_lite_fwd_w/handshake/dest_hsdata_ff_reg[9]}]]
                                                                              Slow             19.686       0.928     18.758
18  162       [get_cells [list {design_1_i/ps7_0_axi_periph/m11_couplers/auto_cc/inst/gen_clock_conv.gen_async_lite_conv.clock_conv_lite_fwd_w/handshake/src_hsdata_ff_reg[0]} \
          {design_1_i/ps7_0_axi_periph/m11_couplers/auto_cc/inst/gen_clock_conv.gen_async_lite_conv.clock_conv_lite_fwd_w/handshake/src_hsdata_ff_reg[10]} \
          {design_1_i/ps7_0_axi_periph/m11_couplers/auto_cc/inst/gen_clock_conv.gen_async_lite_conv.clock_conv_lite_fwd_w/handshake/src_hsdata_ff_reg[11]} \
          {design_1_i/ps7_0_axi_periph/m11_couplers/auto_cc/inst/gen_clock_conv.gen_async_lite_conv.clock_conv_lite_fwd_w/handshake/src_hsdata_ff_reg[12]} \
          {design_1_i/ps7_0_axi_periph/m11_couplers/auto_cc/inst/gen_clock_conv.gen_async_lite_conv.clock_conv_lite_fwd_w/handshake/src_hsdata_ff_reg[13]} \
          {design_1_i/ps7_0_axi_periph/m11_couplers/auto_cc/inst/gen_clock_conv.gen_async_lite_conv.clock_conv_lite_fwd_w/handshake/src_hsdata_ff_reg[14]} \
          {design_1_i/ps7_0_axi_periph/m11_couplers/auto_cc/inst/gen_clock_conv.gen_async_lite_conv.clock_conv_lite_fwd_w/handshake/src_hsdata_ff_reg[15]} \
          {design_1_i/ps7_0_axi_periph/m11_couplers/auto_cc/inst/gen_clock_conv.gen_async_lite_conv.clock_conv_lite_fwd_w/handshake/src_hsdata_ff_reg[16]} \
          {design_1_i/ps7_0_axi_periph/m11_couplers/auto_cc/inst/gen_clock_conv.gen_async_lite_conv.clock_conv_lite_fwd_w/handshake/src_hsdata_ff_reg[17]} \
          {design_1_i/ps7_0_axi_periph/m11_couplers/auto_cc/inst/gen_clock_conv.gen_async_lite_conv.clock_conv_lite_fwd_w/handshake/src_hsdata_ff_reg[18]} \
          {design_1_i/ps7_0_axi_periph/m11_couplers/auto_cc/inst/gen_clock_conv.gen_async_lite_conv.clock_conv_lite_fwd_w/handshake/src_hsdata_ff_reg[19]} \
          {design_1_i/ps7_0_axi_periph/m11_couplers/auto_cc/inst/gen_clock_conv.gen_async_lite_conv.clock_conv_lite_fwd_w/handshake/src_hsdata_ff_reg[1]} \
          {design_1_i/ps7_0_axi_periph/m11_couplers/auto_cc/inst/gen_clock_conv.gen_async_lite_conv.clock_conv_lite_fwd_w/handshake/src_hsdata_ff_reg[20]} \
          {design_1_i/ps7_0_axi_periph/m11_couplers/auto_cc/inst/gen_clock_conv.gen_async_lite_conv.clock_conv_lite_fwd_w/handshake/src_hsdata_ff_reg[21]} \
          {design_1_i/ps7_0_axi_periph/m11_couplers/auto_cc/inst/gen_clock_conv.gen_async_lite_conv.clock_conv_lite_fwd_w/handshake/src_hsdata_ff_reg[22]} \
          {design_1_i/ps7_0_axi_periph/m11_couplers/auto_cc/inst/gen_clock_conv.gen_async_lite_conv.clock_conv_lite_fwd_w/handshake/src_hsdata_ff_reg[23]} \
          {design_1_i/ps7_0_axi_periph/m11_couplers/auto_cc/inst/gen_clock_conv.gen_async_lite_conv.clock_conv_lite_fwd_w/handshake/src_hsdata_ff_reg[24]} \
          {design_1_i/ps7_0_axi_periph/m11_couplers/auto_cc/inst/gen_clock_conv.gen_async_lite_conv.clock_conv_lite_fwd_w/handshake/src_hsdata_ff_reg[25]} \
          {design_1_i/ps7_0_axi_periph/m11_couplers/auto_cc/inst/gen_clock_conv.gen_async_lite_conv.clock_conv_lite_fwd_w/handshake/src_hsdata_ff_reg[26]} \
          {design_1_i/ps7_0_axi_periph/m11_couplers/auto_cc/inst/gen_clock_conv.gen_async_lite_conv.clock_conv_lite_fwd_w/handshake/src_hsdata_ff_reg[27]} \
          {design_1_i/ps7_0_axi_periph/m11_couplers/auto_cc/inst/gen_clock_conv.gen_async_lite_conv.clock_conv_lite_fwd_w/handshake/src_hsdata_ff_reg[28]} \
          {design_1_i/ps7_0_axi_periph/m11_couplers/auto_cc/inst/gen_clock_conv.gen_async_lite_conv.clock_conv_lite_fwd_w/handshake/src_hsdata_ff_reg[29]} \
          {design_1_i/ps7_0_axi_periph/m11_couplers/auto_cc/inst/gen_clock_conv.gen_async_lite_conv.clock_conv_lite_fwd_w/handshake/src_hsdata_ff_reg[2]} \
          {design_1_i/ps7_0_axi_periph/m11_couplers/auto_cc/inst/gen_clock_conv.gen_async_lite_conv.clock_conv_lite_fwd_w/handshake/src_hsdata_ff_reg[30]} \
          {design_1_i/ps7_0_axi_periph/m11_couplers/auto_cc/inst/gen_clock_conv.gen_async_lite_conv.clock_conv_lite_fwd_w/handshake/src_hsdata_ff_reg[31]} \
          {design_1_i/ps7_0_axi_periph/m11_couplers/auto_cc/inst/gen_clock_conv.gen_async_lite_conv.clock_conv_lite_fwd_w/handshake/src_hsdata_ff_reg[32]} \
          {design_1_i/ps7_0_axi_periph/m11_couplers/auto_cc/inst/gen_clock_conv.gen_async_lite_conv.clock_conv_lite_fwd_w/handshake/src_hsdata_ff_reg[33]} \
          {design_1_i/ps7_0_axi_periph/m11_couplers/auto_cc/inst/gen_clock_conv.gen_async_lite_conv.clock_conv_lite_fwd_w/handshake/src_hsdata_ff_reg[34]} \
          {design_1_i/ps7_0_axi_periph/m11_couplers/auto_cc/inst/gen_clock_conv.gen_async_lite_conv.clock_conv_lite_fwd_w/handshake/src_hsdata_ff_reg[35]} \
          {design_1_i/ps7_0_axi_periph/m11_couplers/auto_cc/inst/gen_clock_conv.gen_async_lite_conv.clock_conv_lite_fwd_w/handshake/src_hsdata_ff_reg[3]} \
          {design_1_i/ps7_0_axi_periph/m11_couplers/auto_cc/inst/gen_clock_conv.gen_async_lite_conv.clock_conv_lite_fwd_w/handshake/src_hsdata_ff_reg[4]} \
          {design_1_i/ps7_0_axi_periph/m11_couplers/auto_cc/inst/gen_clock_conv.gen_async_lite_conv.clock_conv_lite_fwd_w/handshake/src_hsdata_ff_reg[5]} \
          {design_1_i/ps7_0_axi_periph/m11_couplers/auto_cc/inst/gen_clock_conv.gen_async_lite_conv.clock_conv_lite_fwd_w/handshake/src_hsdata_ff_reg[6]} \
          {design_1_i/ps7_0_axi_periph/m11_couplers/auto_cc/inst/gen_clock_conv.gen_async_lite_conv.clock_conv_lite_fwd_w/handshake/src_hsdata_ff_reg[7]} \
          {design_1_i/ps7_0_axi_periph/m11_couplers/auto_cc/inst/gen_clock_conv.gen_async_lite_conv.clock_conv_lite_fwd_w/handshake/src_hsdata_ff_reg[8]} \
          {design_1_i/ps7_0_axi_periph/m11_couplers/auto_cc/inst/gen_clock_conv.gen_async_lite_conv.clock_conv_lite_fwd_w/handshake/src_hsdata_ff_reg[9]}]]
                                              [get_cells [list {design_1_i/ps7_0_axi_periph/m11_couplers/auto_cc/inst/gen_clock_conv.gen_async_lite_conv.clock_conv_lite_fwd_w/handshake/dest_hsdata_ff_reg[0]} \
          {design_1_i/ps7_0_axi_periph/m11_couplers/auto_cc/inst/gen_clock_conv.gen_async_lite_conv.clock_conv_lite_fwd_w/handshake/dest_hsdata_ff_reg[10]} \
          {design_1_i/ps7_0_axi_periph/m11_couplers/auto_cc/inst/gen_clock_conv.gen_async_lite_conv.clock_conv_lite_fwd_w/handshake/dest_hsdata_ff_reg[11]} \
          {design_1_i/ps7_0_axi_periph/m11_couplers/auto_cc/inst/gen_clock_conv.gen_async_lite_conv.clock_conv_lite_fwd_w/handshake/dest_hsdata_ff_reg[12]} \
          {design_1_i/ps7_0_axi_periph/m11_couplers/auto_cc/inst/gen_clock_conv.gen_async_lite_conv.clock_conv_lite_fwd_w/handshake/dest_hsdata_ff_reg[13]} \
          {design_1_i/ps7_0_axi_periph/m11_couplers/auto_cc/inst/gen_clock_conv.gen_async_lite_conv.clock_conv_lite_fwd_w/handshake/dest_hsdata_ff_reg[14]} \
          {design_1_i/ps7_0_axi_periph/m11_couplers/auto_cc/inst/gen_clock_conv.gen_async_lite_conv.clock_conv_lite_fwd_w/handshake/dest_hsdata_ff_reg[15]} \
          {design_1_i/ps7_0_axi_periph/m11_couplers/auto_cc/inst/gen_clock_conv.gen_async_lite_conv.clock_conv_lite_fwd_w/handshake/dest_hsdata_ff_reg[16]} \
          {design_1_i/ps7_0_axi_periph/m11_couplers/auto_cc/inst/gen_clock_conv.gen_async_lite_conv.clock_conv_lite_fwd_w/handshake/dest_hsdata_ff_reg[17]} \
          {design_1_i/ps7_0_axi_periph/m11_couplers/auto_cc/inst/gen_clock_conv.gen_async_lite_conv.clock_conv_lite_fwd_w/handshake/dest_hsdata_ff_reg[18]} \
          {design_1_i/ps7_0_axi_periph/m11_couplers/auto_cc/inst/gen_clock_conv.gen_async_lite_conv.clock_conv_lite_fwd_w/handshake/dest_hsdata_ff_reg[19]} \
          {design_1_i/ps7_0_axi_periph/m11_couplers/auto_cc/inst/gen_clock_conv.gen_async_lite_conv.clock_conv_lite_fwd_w/handshake/dest_hsdata_ff_reg[1]} \
          {design_1_i/ps7_0_axi_periph/m11_couplers/auto_cc/inst/gen_clock_conv.gen_async_lite_conv.clock_conv_lite_fwd_w/handshake/dest_hsdata_ff_reg[20]} \
          {design_1_i/ps7_0_axi_periph/m11_couplers/auto_cc/inst/gen_clock_conv.gen_async_lite_conv.clock_conv_lite_fwd_w/handshake/dest_hsdata_ff_reg[21]} \
          {design_1_i/ps7_0_axi_periph/m11_couplers/auto_cc/inst/gen_clock_conv.gen_async_lite_conv.clock_conv_lite_fwd_w/handshake/dest_hsdata_ff_reg[22]} \
          {design_1_i/ps7_0_axi_periph/m11_couplers/auto_cc/inst/gen_clock_conv.gen_async_lite_conv.clock_conv_lite_fwd_w/handshake/dest_hsdata_ff_reg[23]} \
          {design_1_i/ps7_0_axi_periph/m11_couplers/auto_cc/inst/gen_clock_conv.gen_async_lite_conv.clock_conv_lite_fwd_w/handshake/dest_hsdata_ff_reg[24]} \
          {design_1_i/ps7_0_axi_periph/m11_couplers/auto_cc/inst/gen_clock_conv.gen_async_lite_conv.clock_conv_lite_fwd_w/handshake/dest_hsdata_ff_reg[25]} \
          {design_1_i/ps7_0_axi_periph/m11_couplers/auto_cc/inst/gen_clock_conv.gen_async_lite_conv.clock_conv_lite_fwd_w/handshake/dest_hsdata_ff_reg[26]} \
          {design_1_i/ps7_0_axi_periph/m11_couplers/auto_cc/inst/gen_clock_conv.gen_async_lite_conv.clock_conv_lite_fwd_w/handshake/dest_hsdata_ff_reg[27]} \
          {design_1_i/ps7_0_axi_periph/m11_couplers/auto_cc/inst/gen_clock_conv.gen_async_lite_conv.clock_conv_lite_fwd_w/handshake/dest_hsdata_ff_reg[28]} \
          {design_1_i/ps7_0_axi_periph/m11_couplers/auto_cc/inst/gen_clock_conv.gen_async_lite_conv.clock_conv_lite_fwd_w/handshake/dest_hsdata_ff_reg[29]} \
          {design_1_i/ps7_0_axi_periph/m11_couplers/auto_cc/inst/gen_clock_conv.gen_async_lite_conv.clock_conv_lite_fwd_w/handshake/dest_hsdata_ff_reg[2]} \
          {design_1_i/ps7_0_axi_periph/m11_couplers/auto_cc/inst/gen_clock_conv.gen_async_lite_conv.clock_conv_lite_fwd_w/handshake/dest_hsdata_ff_reg[30]} \
          {design_1_i/ps7_0_axi_periph/m11_couplers/auto_cc/inst/gen_clock_conv.gen_async_lite_conv.clock_conv_lite_fwd_w/handshake/dest_hsdata_ff_reg[31]} \
          {design_1_i/ps7_0_axi_periph/m11_couplers/auto_cc/inst/gen_clock_conv.gen_async_lite_conv.clock_conv_lite_fwd_w/handshake/dest_hsdata_ff_reg[32]} \
          {design_1_i/ps7_0_axi_periph/m11_couplers/auto_cc/inst/gen_clock_conv.gen_async_lite_conv.clock_conv_lite_fwd_w/handshake/dest_hsdata_ff_reg[33]} \
          {design_1_i/ps7_0_axi_periph/m11_couplers/auto_cc/inst/gen_clock_conv.gen_async_lite_conv.clock_conv_lite_fwd_w/handshake/dest_hsdata_ff_reg[34]} \
          {design_1_i/ps7_0_axi_periph/m11_couplers/auto_cc/inst/gen_clock_conv.gen_async_lite_conv.clock_conv_lite_fwd_w/handshake/dest_hsdata_ff_reg[35]} \
          {design_1_i/ps7_0_axi_periph/m11_couplers/auto_cc/inst/gen_clock_conv.gen_async_lite_conv.clock_conv_lite_fwd_w/handshake/dest_hsdata_ff_reg[3]} \
          {design_1_i/ps7_0_axi_periph/m11_couplers/auto_cc/inst/gen_clock_conv.gen_async_lite_conv.clock_conv_lite_fwd_w/handshake/dest_hsdata_ff_reg[4]} \
          {design_1_i/ps7_0_axi_periph/m11_couplers/auto_cc/inst/gen_clock_conv.gen_async_lite_conv.clock_conv_lite_fwd_w/handshake/dest_hsdata_ff_reg[5]} \
          {design_1_i/ps7_0_axi_periph/m11_couplers/auto_cc/inst/gen_clock_conv.gen_async_lite_conv.clock_conv_lite_fwd_w/handshake/dest_hsdata_ff_reg[6]} \
          {design_1_i/ps7_0_axi_periph/m11_couplers/auto_cc/inst/gen_clock_conv.gen_async_lite_conv.clock_conv_lite_fwd_w/handshake/dest_hsdata_ff_reg[7]} \
          {design_1_i/ps7_0_axi_periph/m11_couplers/auto_cc/inst/gen_clock_conv.gen_async_lite_conv.clock_conv_lite_fwd_w/handshake/dest_hsdata_ff_reg[8]} \
          {design_1_i/ps7_0_axi_periph/m11_couplers/auto_cc/inst/gen_clock_conv.gen_async_lite_conv.clock_conv_lite_fwd_w/handshake/dest_hsdata_ff_reg[9]}]]
                                                                              Slow             20.202       1.159     19.043
19  164       [get_cells [list {design_1_i/ps7_0_axi_periph/m15_couplers/auto_cc/inst/gen_clock_conv.gen_async_lite_conv.clock_conv_lite_resp_r/handshake/src_hsdata_ff_reg[0]} \
          {design_1_i/ps7_0_axi_periph/m15_couplers/auto_cc/inst/gen_clock_conv.gen_async_lite_conv.clock_conv_lite_resp_r/handshake/src_hsdata_ff_reg[10]} \
          {design_1_i/ps7_0_axi_periph/m15_couplers/auto_cc/inst/gen_clock_conv.gen_async_lite_conv.clock_conv_lite_resp_r/handshake/src_hsdata_ff_reg[11]} \
          {design_1_i/ps7_0_axi_periph/m15_couplers/auto_cc/inst/gen_clock_conv.gen_async_lite_conv.clock_conv_lite_resp_r/handshake/src_hsdata_ff_reg[12]} \
          {design_1_i/ps7_0_axi_periph/m15_couplers/auto_cc/inst/gen_clock_conv.gen_async_lite_conv.clock_conv_lite_resp_r/handshake/src_hsdata_ff_reg[13]} \
          {design_1_i/ps7_0_axi_periph/m15_couplers/auto_cc/inst/gen_clock_conv.gen_async_lite_conv.clock_conv_lite_resp_r/handshake/src_hsdata_ff_reg[14]} \
          {design_1_i/ps7_0_axi_periph/m15_couplers/auto_cc/inst/gen_clock_conv.gen_async_lite_conv.clock_conv_lite_resp_r/handshake/src_hsdata_ff_reg[15]} \
          {design_1_i/ps7_0_axi_periph/m15_couplers/auto_cc/inst/gen_clock_conv.gen_async_lite_conv.clock_conv_lite_resp_r/handshake/src_hsdata_ff_reg[1]} \
          {design_1_i/ps7_0_axi_periph/m15_couplers/auto_cc/inst/gen_clock_conv.gen_async_lite_conv.clock_conv_lite_resp_r/handshake/src_hsdata_ff_reg[2]} \
          {design_1_i/ps7_0_axi_periph/m15_couplers/auto_cc/inst/gen_clock_conv.gen_async_lite_conv.clock_conv_lite_resp_r/handshake/src_hsdata_ff_reg[3]} \
          {design_1_i/ps7_0_axi_periph/m15_couplers/auto_cc/inst/gen_clock_conv.gen_async_lite_conv.clock_conv_lite_resp_r/handshake/src_hsdata_ff_reg[4]} \
          {design_1_i/ps7_0_axi_periph/m15_couplers/auto_cc/inst/gen_clock_conv.gen_async_lite_conv.clock_conv_lite_resp_r/handshake/src_hsdata_ff_reg[5]} \
          {design_1_i/ps7_0_axi_periph/m15_couplers/auto_cc/inst/gen_clock_conv.gen_async_lite_conv.clock_conv_lite_resp_r/handshake/src_hsdata_ff_reg[6]} \
          {design_1_i/ps7_0_axi_periph/m15_couplers/auto_cc/inst/gen_clock_conv.gen_async_lite_conv.clock_conv_lite_resp_r/handshake/src_hsdata_ff_reg[7]} \
          {design_1_i/ps7_0_axi_periph/m15_couplers/auto_cc/inst/gen_clock_conv.gen_async_lite_conv.clock_conv_lite_resp_r/handshake/src_hsdata_ff_reg[8]} \
          {design_1_i/ps7_0_axi_periph/m15_couplers/auto_cc/inst/gen_clock_conv.gen_async_lite_conv.clock_conv_lite_resp_r/handshake/src_hsdata_ff_reg[9]}]]
                                              [get_cells [list {design_1_i/ps7_0_axi_periph/m15_couplers/auto_cc/inst/gen_clock_conv.gen_async_lite_conv.clock_conv_lite_resp_r/handshake/dest_hsdata_ff_reg[0]} \
          {design_1_i/ps7_0_axi_periph/m15_couplers/auto_cc/inst/gen_clock_conv.gen_async_lite_conv.clock_conv_lite_resp_r/handshake/dest_hsdata_ff_reg[10]} \
          {design_1_i/ps7_0_axi_periph/m15_couplers/auto_cc/inst/gen_clock_conv.gen_async_lite_conv.clock_conv_lite_resp_r/handshake/dest_hsdata_ff_reg[11]} \
          {design_1_i/ps7_0_axi_periph/m15_couplers/auto_cc/inst/gen_clock_conv.gen_async_lite_conv.clock_conv_lite_resp_r/handshake/dest_hsdata_ff_reg[12]} \
          {design_1_i/ps7_0_axi_periph/m15_couplers/auto_cc/inst/gen_clock_conv.gen_async_lite_conv.clock_conv_lite_resp_r/handshake/dest_hsdata_ff_reg[13]} \
          {design_1_i/ps7_0_axi_periph/m15_couplers/auto_cc/inst/gen_clock_conv.gen_async_lite_conv.clock_conv_lite_resp_r/handshake/dest_hsdata_ff_reg[14]} \
          {design_1_i/ps7_0_axi_periph/m15_couplers/auto_cc/inst/gen_clock_conv.gen_async_lite_conv.clock_conv_lite_resp_r/handshake/dest_hsdata_ff_reg[15]} \
          {design_1_i/ps7_0_axi_periph/m15_couplers/auto_cc/inst/gen_clock_conv.gen_async_lite_conv.clock_conv_lite_resp_r/handshake/dest_hsdata_ff_reg[16]} \
          {design_1_i/ps7_0_axi_periph/m15_couplers/auto_cc/inst/gen_clock_conv.gen_async_lite_conv.clock_conv_lite_resp_r/handshake/dest_hsdata_ff_reg[17]} \
          {design_1_i/ps7_0_axi_periph/m15_couplers/auto_cc/inst/gen_clock_conv.gen_async_lite_conv.clock_conv_lite_resp_r/handshake/dest_hsdata_ff_reg[18]} \
          {design_1_i/ps7_0_axi_periph/m15_couplers/auto_cc/inst/gen_clock_conv.gen_async_lite_conv.clock_conv_lite_resp_r/handshake/dest_hsdata_ff_reg[19]} \
          {design_1_i/ps7_0_axi_periph/m15_couplers/auto_cc/inst/gen_clock_conv.gen_async_lite_conv.clock_conv_lite_resp_r/handshake/dest_hsdata_ff_reg[1]} \
          {design_1_i/ps7_0_axi_periph/m15_couplers/auto_cc/inst/gen_clock_conv.gen_async_lite_conv.clock_conv_lite_resp_r/handshake/dest_hsdata_ff_reg[20]} \
          {design_1_i/ps7_0_axi_periph/m15_couplers/auto_cc/inst/gen_clock_conv.gen_async_lite_conv.clock_conv_lite_resp_r/handshake/dest_hsdata_ff_reg[21]} \
          {design_1_i/ps7_0_axi_periph/m15_couplers/auto_cc/inst/gen_clock_conv.gen_async_lite_conv.clock_conv_lite_resp_r/handshake/dest_hsdata_ff_reg[22]} \
          {design_1_i/ps7_0_axi_periph/m15_couplers/auto_cc/inst/gen_clock_conv.gen_async_lite_conv.clock_conv_lite_resp_r/handshake/dest_hsdata_ff_reg[23]} \
          {design_1_i/ps7_0_axi_periph/m15_couplers/auto_cc/inst/gen_clock_conv.gen_async_lite_conv.clock_conv_lite_resp_r/handshake/dest_hsdata_ff_reg[24]} \
          {design_1_i/ps7_0_axi_periph/m15_couplers/auto_cc/inst/gen_clock_conv.gen_async_lite_conv.clock_conv_lite_resp_r/handshake/dest_hsdata_ff_reg[25]} \
          {design_1_i/ps7_0_axi_periph/m15_couplers/auto_cc/inst/gen_clock_conv.gen_async_lite_conv.clock_conv_lite_resp_r/handshake/dest_hsdata_ff_reg[26]} \
          {design_1_i/ps7_0_axi_periph/m15_couplers/auto_cc/inst/gen_clock_conv.gen_async_lite_conv.clock_conv_lite_resp_r/handshake/dest_hsdata_ff_reg[27]} \
          {design_1_i/ps7_0_axi_periph/m15_couplers/auto_cc/inst/gen_clock_conv.gen_async_lite_conv.clock_conv_lite_resp_r/handshake/dest_hsdata_ff_reg[28]} \
          {design_1_i/ps7_0_axi_periph/m15_couplers/auto_cc/inst/gen_clock_conv.gen_async_lite_conv.clock_conv_lite_resp_r/handshake/dest_hsdata_ff_reg[29]} \
          {design_1_i/ps7_0_axi_periph/m15_couplers/auto_cc/inst/gen_clock_conv.gen_async_lite_conv.clock_conv_lite_resp_r/handshake/dest_hsdata_ff_reg[2]} \
          {design_1_i/ps7_0_axi_periph/m15_couplers/auto_cc/inst/gen_clock_conv.gen_async_lite_conv.clock_conv_lite_resp_r/handshake/dest_hsdata_ff_reg[30]} \
          {design_1_i/ps7_0_axi_periph/m15_couplers/auto_cc/inst/gen_clock_conv.gen_async_lite_conv.clock_conv_lite_resp_r/handshake/dest_hsdata_ff_reg[31]} \
          {design_1_i/ps7_0_axi_periph/m15_couplers/auto_cc/inst/gen_clock_conv.gen_async_lite_conv.clock_conv_lite_resp_r/handshake/dest_hsdata_ff_reg[32]} \
          {design_1_i/ps7_0_axi_periph/m15_couplers/auto_cc/inst/gen_clock_conv.gen_async_lite_conv.clock_conv_lite_resp_r/handshake/dest_hsdata_ff_reg[33]} \
          {design_1_i/ps7_0_axi_periph/m15_couplers/auto_cc/inst/gen_clock_conv.gen_async_lite_conv.clock_conv_lite_resp_r/handshake/dest_hsdata_ff_reg[3]} \
          {design_1_i/ps7_0_axi_periph/m15_couplers/auto_cc/inst/gen_clock_conv.gen_async_lite_conv.clock_conv_lite_resp_r/handshake/dest_hsdata_ff_reg[4]} \
          {design_1_i/ps7_0_axi_periph/m15_couplers/auto_cc/inst/gen_clock_conv.gen_async_lite_conv.clock_conv_lite_resp_r/handshake/dest_hsdata_ff_reg[5]} \
          {design_1_i/ps7_0_axi_periph/m15_couplers/auto_cc/inst/gen_clock_conv.gen_async_lite_conv.clock_conv_lite_resp_r/handshake/dest_hsdata_ff_reg[6]} \
          {design_1_i/ps7_0_axi_periph/m15_couplers/auto_cc/inst/gen_clock_conv.gen_async_lite_conv.clock_conv_lite_resp_r/handshake/dest_hsdata_ff_reg[7]} \
          {design_1_i/ps7_0_axi_periph/m15_couplers/auto_cc/inst/gen_clock_conv.gen_async_lite_conv.clock_conv_lite_resp_r/handshake/dest_hsdata_ff_reg[8]} \
          {design_1_i/ps7_0_axi_periph/m15_couplers/auto_cc/inst/gen_clock_conv.gen_async_lite_conv.clock_conv_lite_resp_r/handshake/dest_hsdata_ff_reg[9]}]]
                                                                              Slow             30.000       1.341     28.659
20  166       [get_cells [list {design_1_i/ps7_0_axi_periph/m05_couplers/auto_cc/inst/gen_clock_conv.gen_async_lite_conv.clock_conv_lite_resp_r/handshake/src_hsdata_ff_reg[0]} \
          {design_1_i/ps7_0_axi_periph/m05_couplers/auto_cc/inst/gen_clock_conv.gen_async_lite_conv.clock_conv_lite_resp_r/handshake/src_hsdata_ff_reg[10]} \
          {design_1_i/ps7_0_axi_periph/m05_couplers/auto_cc/inst/gen_clock_conv.gen_async_lite_conv.clock_conv_lite_resp_r/handshake/src_hsdata_ff_reg[11]} \
          {design_1_i/ps7_0_axi_periph/m05_couplers/auto_cc/inst/gen_clock_conv.gen_async_lite_conv.clock_conv_lite_resp_r/handshake/src_hsdata_ff_reg[12]} \
          {design_1_i/ps7_0_axi_periph/m05_couplers/auto_cc/inst/gen_clock_conv.gen_async_lite_conv.clock_conv_lite_resp_r/handshake/src_hsdata_ff_reg[13]} \
          {design_1_i/ps7_0_axi_periph/m05_couplers/auto_cc/inst/gen_clock_conv.gen_async_lite_conv.clock_conv_lite_resp_r/handshake/src_hsdata_ff_reg[14]} \
          {design_1_i/ps7_0_axi_periph/m05_couplers/auto_cc/inst/gen_clock_conv.gen_async_lite_conv.clock_conv_lite_resp_r/handshake/src_hsdata_ff_reg[15]} \
          {design_1_i/ps7_0_axi_periph/m05_couplers/auto_cc/inst/gen_clock_conv.gen_async_lite_conv.clock_conv_lite_resp_r/handshake/src_hsdata_ff_reg[1]} \
          {design_1_i/ps7_0_axi_periph/m05_couplers/auto_cc/inst/gen_clock_conv.gen_async_lite_conv.clock_conv_lite_resp_r/handshake/src_hsdata_ff_reg[2]} \
          {design_1_i/ps7_0_axi_periph/m05_couplers/auto_cc/inst/gen_clock_conv.gen_async_lite_conv.clock_conv_lite_resp_r/handshake/src_hsdata_ff_reg[3]} \
          {design_1_i/ps7_0_axi_periph/m05_couplers/auto_cc/inst/gen_clock_conv.gen_async_lite_conv.clock_conv_lite_resp_r/handshake/src_hsdata_ff_reg[4]} \
          {design_1_i/ps7_0_axi_periph/m05_couplers/auto_cc/inst/gen_clock_conv.gen_async_lite_conv.clock_conv_lite_resp_r/handshake/src_hsdata_ff_reg[5]} \
          {design_1_i/ps7_0_axi_periph/m05_couplers/auto_cc/inst/gen_clock_conv.gen_async_lite_conv.clock_conv_lite_resp_r/handshake/src_hsdata_ff_reg[6]} \
          {design_1_i/ps7_0_axi_periph/m05_couplers/auto_cc/inst/gen_clock_conv.gen_async_lite_conv.clock_conv_lite_resp_r/handshake/src_hsdata_ff_reg[7]} \
          {design_1_i/ps7_0_axi_periph/m05_couplers/auto_cc/inst/gen_clock_conv.gen_async_lite_conv.clock_conv_lite_resp_r/handshake/src_hsdata_ff_reg[8]} \
          {design_1_i/ps7_0_axi_periph/m05_couplers/auto_cc/inst/gen_clock_conv.gen_async_lite_conv.clock_conv_lite_resp_r/handshake/src_hsdata_ff_reg[9]}]]
                                              [get_cells [list {design_1_i/ps7_0_axi_periph/m05_couplers/auto_cc/inst/gen_clock_conv.gen_async_lite_conv.clock_conv_lite_resp_r/handshake/dest_hsdata_ff_reg[0]} \
          {design_1_i/ps7_0_axi_periph/m05_couplers/auto_cc/inst/gen_clock_conv.gen_async_lite_conv.clock_conv_lite_resp_r/handshake/dest_hsdata_ff_reg[10]} \
          {design_1_i/ps7_0_axi_periph/m05_couplers/auto_cc/inst/gen_clock_conv.gen_async_lite_conv.clock_conv_lite_resp_r/handshake/dest_hsdata_ff_reg[11]} \
          {design_1_i/ps7_0_axi_periph/m05_couplers/auto_cc/inst/gen_clock_conv.gen_async_lite_conv.clock_conv_lite_resp_r/handshake/dest_hsdata_ff_reg[12]} \
          {design_1_i/ps7_0_axi_periph/m05_couplers/auto_cc/inst/gen_clock_conv.gen_async_lite_conv.clock_conv_lite_resp_r/handshake/dest_hsdata_ff_reg[13]} \
          {design_1_i/ps7_0_axi_periph/m05_couplers/auto_cc/inst/gen_clock_conv.gen_async_lite_conv.clock_conv_lite_resp_r/handshake/dest_hsdata_ff_reg[14]} \
          {design_1_i/ps7_0_axi_periph/m05_couplers/auto_cc/inst/gen_clock_conv.gen_async_lite_conv.clock_conv_lite_resp_r/handshake/dest_hsdata_ff_reg[15]} \
          {design_1_i/ps7_0_axi_periph/m05_couplers/auto_cc/inst/gen_clock_conv.gen_async_lite_conv.clock_conv_lite_resp_r/handshake/dest_hsdata_ff_reg[16]} \
          {design_1_i/ps7_0_axi_periph/m05_couplers/auto_cc/inst/gen_clock_conv.gen_async_lite_conv.clock_conv_lite_resp_r/handshake/dest_hsdata_ff_reg[17]} \
          {design_1_i/ps7_0_axi_periph/m05_couplers/auto_cc/inst/gen_clock_conv.gen_async_lite_conv.clock_conv_lite_resp_r/handshake/dest_hsdata_ff_reg[18]} \
          {design_1_i/ps7_0_axi_periph/m05_couplers/auto_cc/inst/gen_clock_conv.gen_async_lite_conv.clock_conv_lite_resp_r/handshake/dest_hsdata_ff_reg[19]} \
          {design_1_i/ps7_0_axi_periph/m05_couplers/auto_cc/inst/gen_clock_conv.gen_async_lite_conv.clock_conv_lite_resp_r/handshake/dest_hsdata_ff_reg[1]} \
          {design_1_i/ps7_0_axi_periph/m05_couplers/auto_cc/inst/gen_clock_conv.gen_async_lite_conv.clock_conv_lite_resp_r/handshake/dest_hsdata_ff_reg[20]} \
          {design_1_i/ps7_0_axi_periph/m05_couplers/auto_cc/inst/gen_clock_conv.gen_async_lite_conv.clock_conv_lite_resp_r/handshake/dest_hsdata_ff_reg[21]} \
          {design_1_i/ps7_0_axi_periph/m05_couplers/auto_cc/inst/gen_clock_conv.gen_async_lite_conv.clock_conv_lite_resp_r/handshake/dest_hsdata_ff_reg[22]} \
          {design_1_i/ps7_0_axi_periph/m05_couplers/auto_cc/inst/gen_clock_conv.gen_async_lite_conv.clock_conv_lite_resp_r/handshake/dest_hsdata_ff_reg[23]} \
          {design_1_i/ps7_0_axi_periph/m05_couplers/auto_cc/inst/gen_clock_conv.gen_async_lite_conv.clock_conv_lite_resp_r/handshake/dest_hsdata_ff_reg[24]} \
          {design_1_i/ps7_0_axi_periph/m05_couplers/auto_cc/inst/gen_clock_conv.gen_async_lite_conv.clock_conv_lite_resp_r/handshake/dest_hsdata_ff_reg[25]} \
          {design_1_i/ps7_0_axi_periph/m05_couplers/auto_cc/inst/gen_clock_conv.gen_async_lite_conv.clock_conv_lite_resp_r/handshake/dest_hsdata_ff_reg[26]} \
          {design_1_i/ps7_0_axi_periph/m05_couplers/auto_cc/inst/gen_clock_conv.gen_async_lite_conv.clock_conv_lite_resp_r/handshake/dest_hsdata_ff_reg[27]} \
          {design_1_i/ps7_0_axi_periph/m05_couplers/auto_cc/inst/gen_clock_conv.gen_async_lite_conv.clock_conv_lite_resp_r/handshake/dest_hsdata_ff_reg[28]} \
          {design_1_i/ps7_0_axi_periph/m05_couplers/auto_cc/inst/gen_clock_conv.gen_async_lite_conv.clock_conv_lite_resp_r/handshake/dest_hsdata_ff_reg[29]} \
          {design_1_i/ps7_0_axi_periph/m05_couplers/auto_cc/inst/gen_clock_conv.gen_async_lite_conv.clock_conv_lite_resp_r/handshake/dest_hsdata_ff_reg[2]} \
          {design_1_i/ps7_0_axi_periph/m05_couplers/auto_cc/inst/gen_clock_conv.gen_async_lite_conv.clock_conv_lite_resp_r/handshake/dest_hsdata_ff_reg[30]} \
          {design_1_i/ps7_0_axi_periph/m05_couplers/auto_cc/inst/gen_clock_conv.gen_async_lite_conv.clock_conv_lite_resp_r/handshake/dest_hsdata_ff_reg[31]} \
          {design_1_i/ps7_0_axi_periph/m05_couplers/auto_cc/inst/gen_clock_conv.gen_async_lite_conv.clock_conv_lite_resp_r/handshake/dest_hsdata_ff_reg[32]} \
          {design_1_i/ps7_0_axi_periph/m05_couplers/auto_cc/inst/gen_clock_conv.gen_async_lite_conv.clock_conv_lite_resp_r/handshake/dest_hsdata_ff_reg[33]} \
          {design_1_i/ps7_0_axi_periph/m05_couplers/auto_cc/inst/gen_clock_conv.gen_async_lite_conv.clock_conv_lite_resp_r/handshake/dest_hsdata_ff_reg[3]} \
          {design_1_i/ps7_0_axi_periph/m05_couplers/auto_cc/inst/gen_clock_conv.gen_async_lite_conv.clock_conv_lite_resp_r/handshake/dest_hsdata_ff_reg[4]} \
          {design_1_i/ps7_0_axi_periph/m05_couplers/auto_cc/inst/gen_clock_conv.gen_async_lite_conv.clock_conv_lite_resp_r/handshake/dest_hsdata_ff_reg[5]} \
          {design_1_i/ps7_0_axi_periph/m05_couplers/auto_cc/inst/gen_clock_conv.gen_async_lite_conv.clock_conv_lite_resp_r/handshake/dest_hsdata_ff_reg[6]} \
          {design_1_i/ps7_0_axi_periph/m05_couplers/auto_cc/inst/gen_clock_conv.gen_async_lite_conv.clock_conv_lite_resp_r/handshake/dest_hsdata_ff_reg[7]} \
          {design_1_i/ps7_0_axi_periph/m05_couplers/auto_cc/inst/gen_clock_conv.gen_async_lite_conv.clock_conv_lite_resp_r/handshake/dest_hsdata_ff_reg[8]} \
          {design_1_i/ps7_0_axi_periph/m05_couplers/auto_cc/inst/gen_clock_conv.gen_async_lite_conv.clock_conv_lite_resp_r/handshake/dest_hsdata_ff_reg[9]}]]
                                                                              Slow             30.000       1.268     28.732
21  168       [get_cells [list {design_1_i/ps7_0_axi_periph/m06_couplers/auto_cc/inst/gen_clock_conv.gen_async_lite_conv.clock_conv_lite_resp_r/handshake/src_hsdata_ff_reg[0]} \
          {design_1_i/ps7_0_axi_periph/m06_couplers/auto_cc/inst/gen_clock_conv.gen_async_lite_conv.clock_conv_lite_resp_r/handshake/src_hsdata_ff_reg[10]} \
          {design_1_i/ps7_0_axi_periph/m06_couplers/auto_cc/inst/gen_clock_conv.gen_async_lite_conv.clock_conv_lite_resp_r/handshake/src_hsdata_ff_reg[11]} \
          {design_1_i/ps7_0_axi_periph/m06_couplers/auto_cc/inst/gen_clock_conv.gen_async_lite_conv.clock_conv_lite_resp_r/handshake/src_hsdata_ff_reg[12]} \
          {design_1_i/ps7_0_axi_periph/m06_couplers/auto_cc/inst/gen_clock_conv.gen_async_lite_conv.clock_conv_lite_resp_r/handshake/src_hsdata_ff_reg[13]} \
          {design_1_i/ps7_0_axi_periph/m06_couplers/auto_cc/inst/gen_clock_conv.gen_async_lite_conv.clock_conv_lite_resp_r/handshake/src_hsdata_ff_reg[14]} \
          {design_1_i/ps7_0_axi_periph/m06_couplers/auto_cc/inst/gen_clock_conv.gen_async_lite_conv.clock_conv_lite_resp_r/handshake/src_hsdata_ff_reg[15]} \
          {design_1_i/ps7_0_axi_periph/m06_couplers/auto_cc/inst/gen_clock_conv.gen_async_lite_conv.clock_conv_lite_resp_r/handshake/src_hsdata_ff_reg[16]} \
          {design_1_i/ps7_0_axi_periph/m06_couplers/auto_cc/inst/gen_clock_conv.gen_async_lite_conv.clock_conv_lite_resp_r/handshake/src_hsdata_ff_reg[17]} \
          {design_1_i/ps7_0_axi_periph/m06_couplers/auto_cc/inst/gen_clock_conv.gen_async_lite_conv.clock_conv_lite_resp_r/handshake/src_hsdata_ff_reg[18]} \
          {design_1_i/ps7_0_axi_periph/m06_couplers/auto_cc/inst/gen_clock_conv.gen_async_lite_conv.clock_conv_lite_resp_r/handshake/src_hsdata_ff_reg[19]} \
          {design_1_i/ps7_0_axi_periph/m06_couplers/auto_cc/inst/gen_clock_conv.gen_async_lite_conv.clock_conv_lite_resp_r/handshake/src_hsdata_ff_reg[1]} \
          {design_1_i/ps7_0_axi_periph/m06_couplers/auto_cc/inst/gen_clock_conv.gen_async_lite_conv.clock_conv_lite_resp_r/handshake/src_hsdata_ff_reg[20]} \
          {design_1_i/ps7_0_axi_periph/m06_couplers/auto_cc/inst/gen_clock_conv.gen_async_lite_conv.clock_conv_lite_resp_r/handshake/src_hsdata_ff_reg[21]} \
          {design_1_i/ps7_0_axi_periph/m06_couplers/auto_cc/inst/gen_clock_conv.gen_async_lite_conv.clock_conv_lite_resp_r/handshake/src_hsdata_ff_reg[22]} \
          {design_1_i/ps7_0_axi_periph/m06_couplers/auto_cc/inst/gen_clock_conv.gen_async_lite_conv.clock_conv_lite_resp_r/handshake/src_hsdata_ff_reg[23]} \
          {design_1_i/ps7_0_axi_periph/m06_couplers/auto_cc/inst/gen_clock_conv.gen_async_lite_conv.clock_conv_lite_resp_r/handshake/src_hsdata_ff_reg[24]} \
          {design_1_i/ps7_0_axi_periph/m06_couplers/auto_cc/inst/gen_clock_conv.gen_async_lite_conv.clock_conv_lite_resp_r/handshake/src_hsdata_ff_reg[25]} \
          {design_1_i/ps7_0_axi_periph/m06_couplers/auto_cc/inst/gen_clock_conv.gen_async_lite_conv.clock_conv_lite_resp_r/handshake/src_hsdata_ff_reg[26]} \
          {design_1_i/ps7_0_axi_periph/m06_couplers/auto_cc/inst/gen_clock_conv.gen_async_lite_conv.clock_conv_lite_resp_r/handshake/src_hsdata_ff_reg[27]} \
          {design_1_i/ps7_0_axi_periph/m06_couplers/auto_cc/inst/gen_clock_conv.gen_async_lite_conv.clock_conv_lite_resp_r/handshake/src_hsdata_ff_reg[28]} \
          {design_1_i/ps7_0_axi_periph/m06_couplers/auto_cc/inst/gen_clock_conv.gen_async_lite_conv.clock_conv_lite_resp_r/handshake/src_hsdata_ff_reg[29]} \
          {design_1_i/ps7_0_axi_periph/m06_couplers/auto_cc/inst/gen_clock_conv.gen_async_lite_conv.clock_conv_lite_resp_r/handshake/src_hsdata_ff_reg[2]} \
          {design_1_i/ps7_0_axi_periph/m06_couplers/auto_cc/inst/gen_clock_conv.gen_async_lite_conv.clock_conv_lite_resp_r/handshake/src_hsdata_ff_reg[30]} \
          {design_1_i/ps7_0_axi_periph/m06_couplers/auto_cc/inst/gen_clock_conv.gen_async_lite_conv.clock_conv_lite_resp_r/handshake/src_hsdata_ff_reg[31]} \
          {design_1_i/ps7_0_axi_periph/m06_couplers/auto_cc/inst/gen_clock_conv.gen_async_lite_conv.clock_conv_lite_resp_r/handshake/src_hsdata_ff_reg[3]} \
          {design_1_i/ps7_0_axi_periph/m06_couplers/auto_cc/inst/gen_clock_conv.gen_async_lite_conv.clock_conv_lite_resp_r/handshake/src_hsdata_ff_reg[4]} \
          {design_1_i/ps7_0_axi_periph/m06_couplers/auto_cc/inst/gen_clock_conv.gen_async_lite_conv.clock_conv_lite_resp_r/handshake/src_hsdata_ff_reg[5]} \
          {design_1_i/ps7_0_axi_periph/m06_couplers/auto_cc/inst/gen_clock_conv.gen_async_lite_conv.clock_conv_lite_resp_r/handshake/src_hsdata_ff_reg[6]} \
          {design_1_i/ps7_0_axi_periph/m06_couplers/auto_cc/inst/gen_clock_conv.gen_async_lite_conv.clock_conv_lite_resp_r/handshake/src_hsdata_ff_reg[7]} \
          {design_1_i/ps7_0_axi_periph/m06_couplers/auto_cc/inst/gen_clock_conv.gen_async_lite_conv.clock_conv_lite_resp_r/handshake/src_hsdata_ff_reg[8]} \
          {design_1_i/ps7_0_axi_periph/m06_couplers/auto_cc/inst/gen_clock_conv.gen_async_lite_conv.clock_conv_lite_resp_r/handshake/src_hsdata_ff_reg[9]}]]
                                              [get_cells [list {design_1_i/ps7_0_axi_periph/m06_couplers/auto_cc/inst/gen_clock_conv.gen_async_lite_conv.clock_conv_lite_resp_r/handshake/dest_hsdata_ff_reg[0]} \
          {design_1_i/ps7_0_axi_periph/m06_couplers/auto_cc/inst/gen_clock_conv.gen_async_lite_conv.clock_conv_lite_resp_r/handshake/dest_hsdata_ff_reg[10]} \
          {design_1_i/ps7_0_axi_periph/m06_couplers/auto_cc/inst/gen_clock_conv.gen_async_lite_conv.clock_conv_lite_resp_r/handshake/dest_hsdata_ff_reg[11]} \
          {design_1_i/ps7_0_axi_periph/m06_couplers/auto_cc/inst/gen_clock_conv.gen_async_lite_conv.clock_conv_lite_resp_r/handshake/dest_hsdata_ff_reg[12]} \
          {design_1_i/ps7_0_axi_periph/m06_couplers/auto_cc/inst/gen_clock_conv.gen_async_lite_conv.clock_conv_lite_resp_r/handshake/dest_hsdata_ff_reg[13]} \
          {design_1_i/ps7_0_axi_periph/m06_couplers/auto_cc/inst/gen_clock_conv.gen_async_lite_conv.clock_conv_lite_resp_r/handshake/dest_hsdata_ff_reg[14]} \
          {design_1_i/ps7_0_axi_periph/m06_couplers/auto_cc/inst/gen_clock_conv.gen_async_lite_conv.clock_conv_lite_resp_r/handshake/dest_hsdata_ff_reg[15]} \
          {design_1_i/ps7_0_axi_periph/m06_couplers/auto_cc/inst/gen_clock_conv.gen_async_lite_conv.clock_conv_lite_resp_r/handshake/dest_hsdata_ff_reg[16]} \
          {design_1_i/ps7_0_axi_periph/m06_couplers/auto_cc/inst/gen_clock_conv.gen_async_lite_conv.clock_conv_lite_resp_r/handshake/dest_hsdata_ff_reg[17]} \
          {design_1_i/ps7_0_axi_periph/m06_couplers/auto_cc/inst/gen_clock_conv.gen_async_lite_conv.clock_conv_lite_resp_r/handshake/dest_hsdata_ff_reg[18]} \
          {design_1_i/ps7_0_axi_periph/m06_couplers/auto_cc/inst/gen_clock_conv.gen_async_lite_conv.clock_conv_lite_resp_r/handshake/dest_hsdata_ff_reg[19]} \
          {design_1_i/ps7_0_axi_periph/m06_couplers/auto_cc/inst/gen_clock_conv.gen_async_lite_conv.clock_conv_lite_resp_r/handshake/dest_hsdata_ff_reg[1]} \
          {design_1_i/ps7_0_axi_periph/m06_couplers/auto_cc/inst/gen_clock_conv.gen_async_lite_conv.clock_conv_lite_resp_r/handshake/dest_hsdata_ff_reg[20]} \
          {design_1_i/ps7_0_axi_periph/m06_couplers/auto_cc/inst/gen_clock_conv.gen_async_lite_conv.clock_conv_lite_resp_r/handshake/dest_hsdata_ff_reg[21]} \
          {design_1_i/ps7_0_axi_periph/m06_couplers/auto_cc/inst/gen_clock_conv.gen_async_lite_conv.clock_conv_lite_resp_r/handshake/dest_hsdata_ff_reg[22]} \
          {design_1_i/ps7_0_axi_periph/m06_couplers/auto_cc/inst/gen_clock_conv.gen_async_lite_conv.clock_conv_lite_resp_r/handshake/dest_hsdata_ff_reg[23]} \
          {design_1_i/ps7_0_axi_periph/m06_couplers/auto_cc/inst/gen_clock_conv.gen_async_lite_conv.clock_conv_lite_resp_r/handshake/dest_hsdata_ff_reg[24]} \
          {design_1_i/ps7_0_axi_periph/m06_couplers/auto_cc/inst/gen_clock_conv.gen_async_lite_conv.clock_conv_lite_resp_r/handshake/dest_hsdata_ff_reg[25]} \
          {design_1_i/ps7_0_axi_periph/m06_couplers/auto_cc/inst/gen_clock_conv.gen_async_lite_conv.clock_conv_lite_resp_r/handshake/dest_hsdata_ff_reg[26]} \
          {design_1_i/ps7_0_axi_periph/m06_couplers/auto_cc/inst/gen_clock_conv.gen_async_lite_conv.clock_conv_lite_resp_r/handshake/dest_hsdata_ff_reg[27]} \
          {design_1_i/ps7_0_axi_periph/m06_couplers/auto_cc/inst/gen_clock_conv.gen_async_lite_conv.clock_conv_lite_resp_r/handshake/dest_hsdata_ff_reg[28]} \
          {design_1_i/ps7_0_axi_periph/m06_couplers/auto_cc/inst/gen_clock_conv.gen_async_lite_conv.clock_conv_lite_resp_r/handshake/dest_hsdata_ff_reg[29]} \
          {design_1_i/ps7_0_axi_periph/m06_couplers/auto_cc/inst/gen_clock_conv.gen_async_lite_conv.clock_conv_lite_resp_r/handshake/dest_hsdata_ff_reg[2]} \
          {design_1_i/ps7_0_axi_periph/m06_couplers/auto_cc/inst/gen_clock_conv.gen_async_lite_conv.clock_conv_lite_resp_r/handshake/dest_hsdata_ff_reg[30]} \
          {design_1_i/ps7_0_axi_periph/m06_couplers/auto_cc/inst/gen_clock_conv.gen_async_lite_conv.clock_conv_lite_resp_r/handshake/dest_hsdata_ff_reg[31]} \
          {design_1_i/ps7_0_axi_periph/m06_couplers/auto_cc/inst/gen_clock_conv.gen_async_lite_conv.clock_conv_lite_resp_r/handshake/dest_hsdata_ff_reg[32]} \
          {design_1_i/ps7_0_axi_periph/m06_couplers/auto_cc/inst/gen_clock_conv.gen_async_lite_conv.clock_conv_lite_resp_r/handshake/dest_hsdata_ff_reg[33]} \
          {design_1_i/ps7_0_axi_periph/m06_couplers/auto_cc/inst/gen_clock_conv.gen_async_lite_conv.clock_conv_lite_resp_r/handshake/dest_hsdata_ff_reg[3]} \
          {design_1_i/ps7_0_axi_periph/m06_couplers/auto_cc/inst/gen_clock_conv.gen_async_lite_conv.clock_conv_lite_resp_r/handshake/dest_hsdata_ff_reg[4]} \
          {design_1_i/ps7_0_axi_periph/m06_couplers/auto_cc/inst/gen_clock_conv.gen_async_lite_conv.clock_conv_lite_resp_r/handshake/dest_hsdata_ff_reg[5]} \
          {design_1_i/ps7_0_axi_periph/m06_couplers/auto_cc/inst/gen_clock_conv.gen_async_lite_conv.clock_conv_lite_resp_r/handshake/dest_hsdata_ff_reg[6]} \
          {design_1_i/ps7_0_axi_periph/m06_couplers/auto_cc/inst/gen_clock_conv.gen_async_lite_conv.clock_conv_lite_resp_r/handshake/dest_hsdata_ff_reg[7]} \
          {design_1_i/ps7_0_axi_periph/m06_couplers/auto_cc/inst/gen_clock_conv.gen_async_lite_conv.clock_conv_lite_resp_r/handshake/dest_hsdata_ff_reg[8]} \
          {design_1_i/ps7_0_axi_periph/m06_couplers/auto_cc/inst/gen_clock_conv.gen_async_lite_conv.clock_conv_lite_resp_r/handshake/dest_hsdata_ff_reg[9]}]]
                                                                              Slow             30.000       1.308     28.692
22  170       [get_cells [list {design_1_i/ps7_0_axi_periph/m07_couplers/auto_cc/inst/gen_clock_conv.gen_async_lite_conv.clock_conv_lite_resp_r/handshake/src_hsdata_ff_reg[0]} \
          {design_1_i/ps7_0_axi_periph/m07_couplers/auto_cc/inst/gen_clock_conv.gen_async_lite_conv.clock_conv_lite_resp_r/handshake/src_hsdata_ff_reg[10]} \
          {design_1_i/ps7_0_axi_periph/m07_couplers/auto_cc/inst/gen_clock_conv.gen_async_lite_conv.clock_conv_lite_resp_r/handshake/src_hsdata_ff_reg[11]} \
          {design_1_i/ps7_0_axi_periph/m07_couplers/auto_cc/inst/gen_clock_conv.gen_async_lite_conv.clock_conv_lite_resp_r/handshake/src_hsdata_ff_reg[12]} \
          {design_1_i/ps7_0_axi_periph/m07_couplers/auto_cc/inst/gen_clock_conv.gen_async_lite_conv.clock_conv_lite_resp_r/handshake/src_hsdata_ff_reg[13]} \
          {design_1_i/ps7_0_axi_periph/m07_couplers/auto_cc/inst/gen_clock_conv.gen_async_lite_conv.clock_conv_lite_resp_r/handshake/src_hsdata_ff_reg[14]} \
          {design_1_i/ps7_0_axi_periph/m07_couplers/auto_cc/inst/gen_clock_conv.gen_async_lite_conv.clock_conv_lite_resp_r/handshake/src_hsdata_ff_reg[15]} \
          {design_1_i/ps7_0_axi_periph/m07_couplers/auto_cc/inst/gen_clock_conv.gen_async_lite_conv.clock_conv_lite_resp_r/handshake/src_hsdata_ff_reg[16]} \
          {design_1_i/ps7_0_axi_periph/m07_couplers/auto_cc/inst/gen_clock_conv.gen_async_lite_conv.clock_conv_lite_resp_r/handshake/src_hsdata_ff_reg[17]} \
          {design_1_i/ps7_0_axi_periph/m07_couplers/auto_cc/inst/gen_clock_conv.gen_async_lite_conv.clock_conv_lite_resp_r/handshake/src_hsdata_ff_reg[18]} \
          {design_1_i/ps7_0_axi_periph/m07_couplers/auto_cc/inst/gen_clock_conv.gen_async_lite_conv.clock_conv_lite_resp_r/handshake/src_hsdata_ff_reg[19]} \
          {design_1_i/ps7_0_axi_periph/m07_couplers/auto_cc/inst/gen_clock_conv.gen_async_lite_conv.clock_conv_lite_resp_r/handshake/src_hsdata_ff_reg[1]} \
          {design_1_i/ps7_0_axi_periph/m07_couplers/auto_cc/inst/gen_clock_conv.gen_async_lite_conv.clock_conv_lite_resp_r/handshake/src_hsdata_ff_reg[20]} \
          {design_1_i/ps7_0_axi_periph/m07_couplers/auto_cc/inst/gen_clock_conv.gen_async_lite_conv.clock_conv_lite_resp_r/handshake/src_hsdata_ff_reg[21]} \
          {design_1_i/ps7_0_axi_periph/m07_couplers/auto_cc/inst/gen_clock_conv.gen_async_lite_conv.clock_conv_lite_resp_r/handshake/src_hsdata_ff_reg[22]} \
          {design_1_i/ps7_0_axi_periph/m07_couplers/auto_cc/inst/gen_clock_conv.gen_async_lite_conv.clock_conv_lite_resp_r/handshake/src_hsdata_ff_reg[23]} \
          {design_1_i/ps7_0_axi_periph/m07_couplers/auto_cc/inst/gen_clock_conv.gen_async_lite_conv.clock_conv_lite_resp_r/handshake/src_hsdata_ff_reg[24]} \
          {design_1_i/ps7_0_axi_periph/m07_couplers/auto_cc/inst/gen_clock_conv.gen_async_lite_conv.clock_conv_lite_resp_r/handshake/src_hsdata_ff_reg[25]} \
          {design_1_i/ps7_0_axi_periph/m07_couplers/auto_cc/inst/gen_clock_conv.gen_async_lite_conv.clock_conv_lite_resp_r/handshake/src_hsdata_ff_reg[26]} \
          {design_1_i/ps7_0_axi_periph/m07_couplers/auto_cc/inst/gen_clock_conv.gen_async_lite_conv.clock_conv_lite_resp_r/handshake/src_hsdata_ff_reg[27]} \
          {design_1_i/ps7_0_axi_periph/m07_couplers/auto_cc/inst/gen_clock_conv.gen_async_lite_conv.clock_conv_lite_resp_r/handshake/src_hsdata_ff_reg[28]} \
          {design_1_i/ps7_0_axi_periph/m07_couplers/auto_cc/inst/gen_clock_conv.gen_async_lite_conv.clock_conv_lite_resp_r/handshake/src_hsdata_ff_reg[29]} \
          {design_1_i/ps7_0_axi_periph/m07_couplers/auto_cc/inst/gen_clock_conv.gen_async_lite_conv.clock_conv_lite_resp_r/handshake/src_hsdata_ff_reg[2]} \
          {design_1_i/ps7_0_axi_periph/m07_couplers/auto_cc/inst/gen_clock_conv.gen_async_lite_conv.clock_conv_lite_resp_r/handshake/src_hsdata_ff_reg[30]} \
          {design_1_i/ps7_0_axi_periph/m07_couplers/auto_cc/inst/gen_clock_conv.gen_async_lite_conv.clock_conv_lite_resp_r/handshake/src_hsdata_ff_reg[31]} \
          {design_1_i/ps7_0_axi_periph/m07_couplers/auto_cc/inst/gen_clock_conv.gen_async_lite_conv.clock_conv_lite_resp_r/handshake/src_hsdata_ff_reg[3]} \
          {design_1_i/ps7_0_axi_periph/m07_couplers/auto_cc/inst/gen_clock_conv.gen_async_lite_conv.clock_conv_lite_resp_r/handshake/src_hsdata_ff_reg[4]} \
          {design_1_i/ps7_0_axi_periph/m07_couplers/auto_cc/inst/gen_clock_conv.gen_async_lite_conv.clock_conv_lite_resp_r/handshake/src_hsdata_ff_reg[5]} \
          {design_1_i/ps7_0_axi_periph/m07_couplers/auto_cc/inst/gen_clock_conv.gen_async_lite_conv.clock_conv_lite_resp_r/handshake/src_hsdata_ff_reg[6]} \
          {design_1_i/ps7_0_axi_periph/m07_couplers/auto_cc/inst/gen_clock_conv.gen_async_lite_conv.clock_conv_lite_resp_r/handshake/src_hsdata_ff_reg[7]} \
          {design_1_i/ps7_0_axi_periph/m07_couplers/auto_cc/inst/gen_clock_conv.gen_async_lite_conv.clock_conv_lite_resp_r/handshake/src_hsdata_ff_reg[8]} \
          {design_1_i/ps7_0_axi_periph/m07_couplers/auto_cc/inst/gen_clock_conv.gen_async_lite_conv.clock_conv_lite_resp_r/handshake/src_hsdata_ff_reg[9]}]]
                                              [get_cells [list {design_1_i/ps7_0_axi_periph/m07_couplers/auto_cc/inst/gen_clock_conv.gen_async_lite_conv.clock_conv_lite_resp_r/handshake/dest_hsdata_ff_reg[0]} \
          {design_1_i/ps7_0_axi_periph/m07_couplers/auto_cc/inst/gen_clock_conv.gen_async_lite_conv.clock_conv_lite_resp_r/handshake/dest_hsdata_ff_reg[10]} \
          {design_1_i/ps7_0_axi_periph/m07_couplers/auto_cc/inst/gen_clock_conv.gen_async_lite_conv.clock_conv_lite_resp_r/handshake/dest_hsdata_ff_reg[11]} \
          {design_1_i/ps7_0_axi_periph/m07_couplers/auto_cc/inst/gen_clock_conv.gen_async_lite_conv.clock_conv_lite_resp_r/handshake/dest_hsdata_ff_reg[12]} \
          {design_1_i/ps7_0_axi_periph/m07_couplers/auto_cc/inst/gen_clock_conv.gen_async_lite_conv.clock_conv_lite_resp_r/handshake/dest_hsdata_ff_reg[13]} \
          {design_1_i/ps7_0_axi_periph/m07_couplers/auto_cc/inst/gen_clock_conv.gen_async_lite_conv.clock_conv_lite_resp_r/handshake/dest_hsdata_ff_reg[14]} \
          {design_1_i/ps7_0_axi_periph/m07_couplers/auto_cc/inst/gen_clock_conv.gen_async_lite_conv.clock_conv_lite_resp_r/handshake/dest_hsdata_ff_reg[15]} \
          {design_1_i/ps7_0_axi_periph/m07_couplers/auto_cc/inst/gen_clock_conv.gen_async_lite_conv.clock_conv_lite_resp_r/handshake/dest_hsdata_ff_reg[16]} \
          {design_1_i/ps7_0_axi_periph/m07_couplers/auto_cc/inst/gen_clock_conv.gen_async_lite_conv.clock_conv_lite_resp_r/handshake/dest_hsdata_ff_reg[17]} \
          {design_1_i/ps7_0_axi_periph/m07_couplers/auto_cc/inst/gen_clock_conv.gen_async_lite_conv.clock_conv_lite_resp_r/handshake/dest_hsdata_ff_reg[18]} \
          {design_1_i/ps7_0_axi_periph/m07_couplers/auto_cc/inst/gen_clock_conv.gen_async_lite_conv.clock_conv_lite_resp_r/handshake/dest_hsdata_ff_reg[19]} \
          {design_1_i/ps7_0_axi_periph/m07_couplers/auto_cc/inst/gen_clock_conv.gen_async_lite_conv.clock_conv_lite_resp_r/handshake/dest_hsdata_ff_reg[1]} \
          {design_1_i/ps7_0_axi_periph/m07_couplers/auto_cc/inst/gen_clock_conv.gen_async_lite_conv.clock_conv_lite_resp_r/handshake/dest_hsdata_ff_reg[20]} \
          {design_1_i/ps7_0_axi_periph/m07_couplers/auto_cc/inst/gen_clock_conv.gen_async_lite_conv.clock_conv_lite_resp_r/handshake/dest_hsdata_ff_reg[21]} \
          {design_1_i/ps7_0_axi_periph/m07_couplers/auto_cc/inst/gen_clock_conv.gen_async_lite_conv.clock_conv_lite_resp_r/handshake/dest_hsdata_ff_reg[22]} \
          {design_1_i/ps7_0_axi_periph/m07_couplers/auto_cc/inst/gen_clock_conv.gen_async_lite_conv.clock_conv_lite_resp_r/handshake/dest_hsdata_ff_reg[23]} \
          {design_1_i/ps7_0_axi_periph/m07_couplers/auto_cc/inst/gen_clock_conv.gen_async_lite_conv.clock_conv_lite_resp_r/handshake/dest_hsdata_ff_reg[24]} \
          {design_1_i/ps7_0_axi_periph/m07_couplers/auto_cc/inst/gen_clock_conv.gen_async_lite_conv.clock_conv_lite_resp_r/handshake/dest_hsdata_ff_reg[25]} \
          {design_1_i/ps7_0_axi_periph/m07_couplers/auto_cc/inst/gen_clock_conv.gen_async_lite_conv.clock_conv_lite_resp_r/handshake/dest_hsdata_ff_reg[26]} \
          {design_1_i/ps7_0_axi_periph/m07_couplers/auto_cc/inst/gen_clock_conv.gen_async_lite_conv.clock_conv_lite_resp_r/handshake/dest_hsdata_ff_reg[27]} \
          {design_1_i/ps7_0_axi_periph/m07_couplers/auto_cc/inst/gen_clock_conv.gen_async_lite_conv.clock_conv_lite_resp_r/handshake/dest_hsdata_ff_reg[28]} \
          {design_1_i/ps7_0_axi_periph/m07_couplers/auto_cc/inst/gen_clock_conv.gen_async_lite_conv.clock_conv_lite_resp_r/handshake/dest_hsdata_ff_reg[29]} \
          {design_1_i/ps7_0_axi_periph/m07_couplers/auto_cc/inst/gen_clock_conv.gen_async_lite_conv.clock_conv_lite_resp_r/handshake/dest_hsdata_ff_reg[2]} \
          {design_1_i/ps7_0_axi_periph/m07_couplers/auto_cc/inst/gen_clock_conv.gen_async_lite_conv.clock_conv_lite_resp_r/handshake/dest_hsdata_ff_reg[30]} \
          {design_1_i/ps7_0_axi_periph/m07_couplers/auto_cc/inst/gen_clock_conv.gen_async_lite_conv.clock_conv_lite_resp_r/handshake/dest_hsdata_ff_reg[31]} \
          {design_1_i/ps7_0_axi_periph/m07_couplers/auto_cc/inst/gen_clock_conv.gen_async_lite_conv.clock_conv_lite_resp_r/handshake/dest_hsdata_ff_reg[32]} \
          {design_1_i/ps7_0_axi_periph/m07_couplers/auto_cc/inst/gen_clock_conv.gen_async_lite_conv.clock_conv_lite_resp_r/handshake/dest_hsdata_ff_reg[33]} \
          {design_1_i/ps7_0_axi_periph/m07_couplers/auto_cc/inst/gen_clock_conv.gen_async_lite_conv.clock_conv_lite_resp_r/handshake/dest_hsdata_ff_reg[3]} \
          {design_1_i/ps7_0_axi_periph/m07_couplers/auto_cc/inst/gen_clock_conv.gen_async_lite_conv.clock_conv_lite_resp_r/handshake/dest_hsdata_ff_reg[4]} \
          {design_1_i/ps7_0_axi_periph/m07_couplers/auto_cc/inst/gen_clock_conv.gen_async_lite_conv.clock_conv_lite_resp_r/handshake/dest_hsdata_ff_reg[5]} \
          {design_1_i/ps7_0_axi_periph/m07_couplers/auto_cc/inst/gen_clock_conv.gen_async_lite_conv.clock_conv_lite_resp_r/handshake/dest_hsdata_ff_reg[6]} \
          {design_1_i/ps7_0_axi_periph/m07_couplers/auto_cc/inst/gen_clock_conv.gen_async_lite_conv.clock_conv_lite_resp_r/handshake/dest_hsdata_ff_reg[7]} \
          {design_1_i/ps7_0_axi_periph/m07_couplers/auto_cc/inst/gen_clock_conv.gen_async_lite_conv.clock_conv_lite_resp_r/handshake/dest_hsdata_ff_reg[8]} \
          {design_1_i/ps7_0_axi_periph/m07_couplers/auto_cc/inst/gen_clock_conv.gen_async_lite_conv.clock_conv_lite_resp_r/handshake/dest_hsdata_ff_reg[9]}]]
                                                                              Slow             30.000       1.868     28.132
23  172       [get_cells [list {design_1_i/ps7_0_axi_periph/m11_couplers/auto_cc/inst/gen_clock_conv.gen_async_lite_conv.clock_conv_lite_resp_r/handshake/src_hsdata_ff_reg[0]} \
          {design_1_i/ps7_0_axi_periph/m11_couplers/auto_cc/inst/gen_clock_conv.gen_async_lite_conv.clock_conv_lite_resp_r/handshake/src_hsdata_ff_reg[10]} \
          {design_1_i/ps7_0_axi_periph/m11_couplers/auto_cc/inst/gen_clock_conv.gen_async_lite_conv.clock_conv_lite_resp_r/handshake/src_hsdata_ff_reg[11]} \
          {design_1_i/ps7_0_axi_periph/m11_couplers/auto_cc/inst/gen_clock_conv.gen_async_lite_conv.clock_conv_lite_resp_r/handshake/src_hsdata_ff_reg[12]} \
          {design_1_i/ps7_0_axi_periph/m11_couplers/auto_cc/inst/gen_clock_conv.gen_async_lite_conv.clock_conv_lite_resp_r/handshake/src_hsdata_ff_reg[13]} \
          {design_1_i/ps7_0_axi_periph/m11_couplers/auto_cc/inst/gen_clock_conv.gen_async_lite_conv.clock_conv_lite_resp_r/handshake/src_hsdata_ff_reg[14]} \
          {design_1_i/ps7_0_axi_periph/m11_couplers/auto_cc/inst/gen_clock_conv.gen_async_lite_conv.clock_conv_lite_resp_r/handshake/src_hsdata_ff_reg[15]} \
          {design_1_i/ps7_0_axi_periph/m11_couplers/auto_cc/inst/gen_clock_conv.gen_async_lite_conv.clock_conv_lite_resp_r/handshake/src_hsdata_ff_reg[16]} \
          {design_1_i/ps7_0_axi_periph/m11_couplers/auto_cc/inst/gen_clock_conv.gen_async_lite_conv.clock_conv_lite_resp_r/handshake/src_hsdata_ff_reg[17]} \
          {design_1_i/ps7_0_axi_periph/m11_couplers/auto_cc/inst/gen_clock_conv.gen_async_lite_conv.clock_conv_lite_resp_r/handshake/src_hsdata_ff_reg[18]} \
          {design_1_i/ps7_0_axi_periph/m11_couplers/auto_cc/inst/gen_clock_conv.gen_async_lite_conv.clock_conv_lite_resp_r/handshake/src_hsdata_ff_reg[19]} \
          {design_1_i/ps7_0_axi_periph/m11_couplers/auto_cc/inst/gen_clock_conv.gen_async_lite_conv.clock_conv_lite_resp_r/handshake/src_hsdata_ff_reg[1]} \
          {design_1_i/ps7_0_axi_periph/m11_couplers/auto_cc/inst/gen_clock_conv.gen_async_lite_conv.clock_conv_lite_resp_r/handshake/src_hsdata_ff_reg[20]} \
          {design_1_i/ps7_0_axi_periph/m11_couplers/auto_cc/inst/gen_clock_conv.gen_async_lite_conv.clock_conv_lite_resp_r/handshake/src_hsdata_ff_reg[21]} \
          {design_1_i/ps7_0_axi_periph/m11_couplers/auto_cc/inst/gen_clock_conv.gen_async_lite_conv.clock_conv_lite_resp_r/handshake/src_hsdata_ff_reg[22]} \
          {design_1_i/ps7_0_axi_periph/m11_couplers/auto_cc/inst/gen_clock_conv.gen_async_lite_conv.clock_conv_lite_resp_r/handshake/src_hsdata_ff_reg[23]} \
          {design_1_i/ps7_0_axi_periph/m11_couplers/auto_cc/inst/gen_clock_conv.gen_async_lite_conv.clock_conv_lite_resp_r/handshake/src_hsdata_ff_reg[24]} \
          {design_1_i/ps7_0_axi_periph/m11_couplers/auto_cc/inst/gen_clock_conv.gen_async_lite_conv.clock_conv_lite_resp_r/handshake/src_hsdata_ff_reg[25]} \
          {design_1_i/ps7_0_axi_periph/m11_couplers/auto_cc/inst/gen_clock_conv.gen_async_lite_conv.clock_conv_lite_resp_r/handshake/src_hsdata_ff_reg[26]} \
          {design_1_i/ps7_0_axi_periph/m11_couplers/auto_cc/inst/gen_clock_conv.gen_async_lite_conv.clock_conv_lite_resp_r/handshake/src_hsdata_ff_reg[27]} \
          {design_1_i/ps7_0_axi_periph/m11_couplers/auto_cc/inst/gen_clock_conv.gen_async_lite_conv.clock_conv_lite_resp_r/handshake/src_hsdata_ff_reg[28]} \
          {design_1_i/ps7_0_axi_periph/m11_couplers/auto_cc/inst/gen_clock_conv.gen_async_lite_conv.clock_conv_lite_resp_r/handshake/src_hsdata_ff_reg[29]} \
          {design_1_i/ps7_0_axi_periph/m11_couplers/auto_cc/inst/gen_clock_conv.gen_async_lite_conv.clock_conv_lite_resp_r/handshake/src_hsdata_ff_reg[2]} \
          {design_1_i/ps7_0_axi_periph/m11_couplers/auto_cc/inst/gen_clock_conv.gen_async_lite_conv.clock_conv_lite_resp_r/handshake/src_hsdata_ff_reg[30]} \
          {design_1_i/ps7_0_axi_periph/m11_couplers/auto_cc/inst/gen_clock_conv.gen_async_lite_conv.clock_conv_lite_resp_r/handshake/src_hsdata_ff_reg[31]} \
          {design_1_i/ps7_0_axi_periph/m11_couplers/auto_cc/inst/gen_clock_conv.gen_async_lite_conv.clock_conv_lite_resp_r/handshake/src_hsdata_ff_reg[3]} \
          {design_1_i/ps7_0_axi_periph/m11_couplers/auto_cc/inst/gen_clock_conv.gen_async_lite_conv.clock_conv_lite_resp_r/handshake/src_hsdata_ff_reg[4]} \
          {design_1_i/ps7_0_axi_periph/m11_couplers/auto_cc/inst/gen_clock_conv.gen_async_lite_conv.clock_conv_lite_resp_r/handshake/src_hsdata_ff_reg[5]} \
          {design_1_i/ps7_0_axi_periph/m11_couplers/auto_cc/inst/gen_clock_conv.gen_async_lite_conv.clock_conv_lite_resp_r/handshake/src_hsdata_ff_reg[6]} \
          {design_1_i/ps7_0_axi_periph/m11_couplers/auto_cc/inst/gen_clock_conv.gen_async_lite_conv.clock_conv_lite_resp_r/handshake/src_hsdata_ff_reg[7]} \
          {design_1_i/ps7_0_axi_periph/m11_couplers/auto_cc/inst/gen_clock_conv.gen_async_lite_conv.clock_conv_lite_resp_r/handshake/src_hsdata_ff_reg[8]} \
          {design_1_i/ps7_0_axi_periph/m11_couplers/auto_cc/inst/gen_clock_conv.gen_async_lite_conv.clock_conv_lite_resp_r/handshake/src_hsdata_ff_reg[9]}]]
                                              [get_cells [list {design_1_i/ps7_0_axi_periph/m11_couplers/auto_cc/inst/gen_clock_conv.gen_async_lite_conv.clock_conv_lite_resp_r/handshake/dest_hsdata_ff_reg[0]} \
          {design_1_i/ps7_0_axi_periph/m11_couplers/auto_cc/inst/gen_clock_conv.gen_async_lite_conv.clock_conv_lite_resp_r/handshake/dest_hsdata_ff_reg[10]} \
          {design_1_i/ps7_0_axi_periph/m11_couplers/auto_cc/inst/gen_clock_conv.gen_async_lite_conv.clock_conv_lite_resp_r/handshake/dest_hsdata_ff_reg[11]} \
          {design_1_i/ps7_0_axi_periph/m11_couplers/auto_cc/inst/gen_clock_conv.gen_async_lite_conv.clock_conv_lite_resp_r/handshake/dest_hsdata_ff_reg[12]} \
          {design_1_i/ps7_0_axi_periph/m11_couplers/auto_cc/inst/gen_clock_conv.gen_async_lite_conv.clock_conv_lite_resp_r/handshake/dest_hsdata_ff_reg[13]} \
          {design_1_i/ps7_0_axi_periph/m11_couplers/auto_cc/inst/gen_clock_conv.gen_async_lite_conv.clock_conv_lite_resp_r/handshake/dest_hsdata_ff_reg[14]} \
          {design_1_i/ps7_0_axi_periph/m11_couplers/auto_cc/inst/gen_clock_conv.gen_async_lite_conv.clock_conv_lite_resp_r/handshake/dest_hsdata_ff_reg[15]} \
          {design_1_i/ps7_0_axi_periph/m11_couplers/auto_cc/inst/gen_clock_conv.gen_async_lite_conv.clock_conv_lite_resp_r/handshake/dest_hsdata_ff_reg[16]} \
          {design_1_i/ps7_0_axi_periph/m11_couplers/auto_cc/inst/gen_clock_conv.gen_async_lite_conv.clock_conv_lite_resp_r/handshake/dest_hsdata_ff_reg[17]} \
          {design_1_i/ps7_0_axi_periph/m11_couplers/auto_cc/inst/gen_clock_conv.gen_async_lite_conv.clock_conv_lite_resp_r/handshake/dest_hsdata_ff_reg[18]} \
          {design_1_i/ps7_0_axi_periph/m11_couplers/auto_cc/inst/gen_clock_conv.gen_async_lite_conv.clock_conv_lite_resp_r/handshake/dest_hsdata_ff_reg[19]} \
          {design_1_i/ps7_0_axi_periph/m11_couplers/auto_cc/inst/gen_clock_conv.gen_async_lite_conv.clock_conv_lite_resp_r/handshake/dest_hsdata_ff_reg[1]} \
          {design_1_i/ps7_0_axi_periph/m11_couplers/auto_cc/inst/gen_clock_conv.gen_async_lite_conv.clock_conv_lite_resp_r/handshake/dest_hsdata_ff_reg[20]} \
          {design_1_i/ps7_0_axi_periph/m11_couplers/auto_cc/inst/gen_clock_conv.gen_async_lite_conv.clock_conv_lite_resp_r/handshake/dest_hsdata_ff_reg[21]} \
          {design_1_i/ps7_0_axi_periph/m11_couplers/auto_cc/inst/gen_clock_conv.gen_async_lite_conv.clock_conv_lite_resp_r/handshake/dest_hsdata_ff_reg[22]} \
          {design_1_i/ps7_0_axi_periph/m11_couplers/auto_cc/inst/gen_clock_conv.gen_async_lite_conv.clock_conv_lite_resp_r/handshake/dest_hsdata_ff_reg[23]} \
          {design_1_i/ps7_0_axi_periph/m11_couplers/auto_cc/inst/gen_clock_conv.gen_async_lite_conv.clock_conv_lite_resp_r/handshake/dest_hsdata_ff_reg[24]} \
          {design_1_i/ps7_0_axi_periph/m11_couplers/auto_cc/inst/gen_clock_conv.gen_async_lite_conv.clock_conv_lite_resp_r/handshake/dest_hsdata_ff_reg[25]} \
          {design_1_i/ps7_0_axi_periph/m11_couplers/auto_cc/inst/gen_clock_conv.gen_async_lite_conv.clock_conv_lite_resp_r/handshake/dest_hsdata_ff_reg[26]} \
          {design_1_i/ps7_0_axi_periph/m11_couplers/auto_cc/inst/gen_clock_conv.gen_async_lite_conv.clock_conv_lite_resp_r/handshake/dest_hsdata_ff_reg[27]} \
          {design_1_i/ps7_0_axi_periph/m11_couplers/auto_cc/inst/gen_clock_conv.gen_async_lite_conv.clock_conv_lite_resp_r/handshake/dest_hsdata_ff_reg[28]} \
          {design_1_i/ps7_0_axi_periph/m11_couplers/auto_cc/inst/gen_clock_conv.gen_async_lite_conv.clock_conv_lite_resp_r/handshake/dest_hsdata_ff_reg[29]} \
          {design_1_i/ps7_0_axi_periph/m11_couplers/auto_cc/inst/gen_clock_conv.gen_async_lite_conv.clock_conv_lite_resp_r/handshake/dest_hsdata_ff_reg[2]} \
          {design_1_i/ps7_0_axi_periph/m11_couplers/auto_cc/inst/gen_clock_conv.gen_async_lite_conv.clock_conv_lite_resp_r/handshake/dest_hsdata_ff_reg[30]} \
          {design_1_i/ps7_0_axi_periph/m11_couplers/auto_cc/inst/gen_clock_conv.gen_async_lite_conv.clock_conv_lite_resp_r/handshake/dest_hsdata_ff_reg[31]} \
          {design_1_i/ps7_0_axi_periph/m11_couplers/auto_cc/inst/gen_clock_conv.gen_async_lite_conv.clock_conv_lite_resp_r/handshake/dest_hsdata_ff_reg[32]} \
          {design_1_i/ps7_0_axi_periph/m11_couplers/auto_cc/inst/gen_clock_conv.gen_async_lite_conv.clock_conv_lite_resp_r/handshake/dest_hsdata_ff_reg[33]} \
          {design_1_i/ps7_0_axi_periph/m11_couplers/auto_cc/inst/gen_clock_conv.gen_async_lite_conv.clock_conv_lite_resp_r/handshake/dest_hsdata_ff_reg[3]} \
          {design_1_i/ps7_0_axi_periph/m11_couplers/auto_cc/inst/gen_clock_conv.gen_async_lite_conv.clock_conv_lite_resp_r/handshake/dest_hsdata_ff_reg[4]} \
          {design_1_i/ps7_0_axi_periph/m11_couplers/auto_cc/inst/gen_clock_conv.gen_async_lite_conv.clock_conv_lite_resp_r/handshake/dest_hsdata_ff_reg[5]} \
          {design_1_i/ps7_0_axi_periph/m11_couplers/auto_cc/inst/gen_clock_conv.gen_async_lite_conv.clock_conv_lite_resp_r/handshake/dest_hsdata_ff_reg[6]} \
          {design_1_i/ps7_0_axi_periph/m11_couplers/auto_cc/inst/gen_clock_conv.gen_async_lite_conv.clock_conv_lite_resp_r/handshake/dest_hsdata_ff_reg[7]} \
          {design_1_i/ps7_0_axi_periph/m11_couplers/auto_cc/inst/gen_clock_conv.gen_async_lite_conv.clock_conv_lite_resp_r/handshake/dest_hsdata_ff_reg[8]} \
          {design_1_i/ps7_0_axi_periph/m11_couplers/auto_cc/inst/gen_clock_conv.gen_async_lite_conv.clock_conv_lite_resp_r/handshake/dest_hsdata_ff_reg[9]}]]
                                                                              Slow             30.000       1.174     28.826
24  174       [get_cells [list {design_1_i/ps7_0_axi_periph/m11_couplers/auto_cc/inst/gen_clock_conv.gen_async_lite_conv.clock_conv_lite_fwd_ar/handshake/src_hsdata_ff_reg[0]} {design_1_i/ps7_0_axi_periph/m11_couplers/auto_cc/inst/gen_clock_conv.gen_async_lite_conv.clock_conv_lite_fwd_ar/handshake/src_hsdata_ff_reg[1]} {design_1_i/ps7_0_axi_periph/m11_couplers/auto_cc/inst/gen_clock_conv.gen_async_lite_conv.clock_conv_lite_fwd_ar/handshake/src_hsdata_ff_reg[2]} {design_1_i/ps7_0_axi_periph/m11_couplers/auto_cc/inst/gen_clock_conv.gen_async_lite_conv.clock_conv_lite_fwd_ar/handshake/src_hsdata_ff_reg[3]} {design_1_i/ps7_0_axi_periph/m11_couplers/auto_cc/inst/gen_clock_conv.gen_async_lite_conv.clock_conv_lite_fwd_ar/handshake/src_hsdata_ff_reg[4]} {design_1_i/ps7_0_axi_periph/m11_couplers/auto_cc/inst/gen_clock_conv.gen_async_lite_conv.clock_conv_lite_fwd_ar/handshake/src_hsdata_ff_reg[5]} {design_1_i/ps7_0_axi_periph/m11_couplers/auto_cc/inst/gen_clock_conv.gen_async_lite_conv.clock_conv_lite_fwd_ar/handshake/src_hsdata_ff_reg[6]}]]
                                              [get_cells [list {design_1_i/ps7_0_axi_periph/m11_couplers/auto_cc/inst/gen_clock_conv.gen_async_lite_conv.clock_conv_lite_fwd_ar/handshake/dest_hsdata_ff_reg[0]} {design_1_i/ps7_0_axi_periph/m11_couplers/auto_cc/inst/gen_clock_conv.gen_async_lite_conv.clock_conv_lite_fwd_ar/handshake/dest_hsdata_ff_reg[1]} {design_1_i/ps7_0_axi_periph/m11_couplers/auto_cc/inst/gen_clock_conv.gen_async_lite_conv.clock_conv_lite_fwd_ar/handshake/dest_hsdata_ff_reg[2]} {design_1_i/ps7_0_axi_periph/m11_couplers/auto_cc/inst/gen_clock_conv.gen_async_lite_conv.clock_conv_lite_fwd_ar/handshake/dest_hsdata_ff_reg[3]} {design_1_i/ps7_0_axi_periph/m11_couplers/auto_cc/inst/gen_clock_conv.gen_async_lite_conv.clock_conv_lite_fwd_ar/handshake/dest_hsdata_ff_reg[4]} {design_1_i/ps7_0_axi_periph/m11_couplers/auto_cc/inst/gen_clock_conv.gen_async_lite_conv.clock_conv_lite_fwd_ar/handshake/dest_hsdata_ff_reg[5]} {design_1_i/ps7_0_axi_periph/m11_couplers/auto_cc/inst/gen_clock_conv.gen_async_lite_conv.clock_conv_lite_fwd_ar/handshake/dest_hsdata_ff_reg[6]}]]
                                                                              Slow             20.202       0.845     19.357
25  176       [get_cells [list {design_1_i/ps7_0_axi_periph/m06_couplers/auto_cc/inst/gen_clock_conv.gen_async_lite_conv.clock_conv_lite_fwd_aw/handshake/src_hsdata_ff_reg[0]} {design_1_i/ps7_0_axi_periph/m06_couplers/auto_cc/inst/gen_clock_conv.gen_async_lite_conv.clock_conv_lite_fwd_aw/handshake/src_hsdata_ff_reg[1]} {design_1_i/ps7_0_axi_periph/m06_couplers/auto_cc/inst/gen_clock_conv.gen_async_lite_conv.clock_conv_lite_fwd_aw/handshake/src_hsdata_ff_reg[2]} {design_1_i/ps7_0_axi_periph/m06_couplers/auto_cc/inst/gen_clock_conv.gen_async_lite_conv.clock_conv_lite_fwd_aw/handshake/src_hsdata_ff_reg[3]} {design_1_i/ps7_0_axi_periph/m06_couplers/auto_cc/inst/gen_clock_conv.gen_async_lite_conv.clock_conv_lite_fwd_aw/handshake/src_hsdata_ff_reg[4]} {design_1_i/ps7_0_axi_periph/m06_couplers/auto_cc/inst/gen_clock_conv.gen_async_lite_conv.clock_conv_lite_fwd_aw/handshake/src_hsdata_ff_reg[5]} {design_1_i/ps7_0_axi_periph/m06_couplers/auto_cc/inst/gen_clock_conv.gen_async_lite_conv.clock_conv_lite_fwd_aw/handshake/src_hsdata_ff_reg[6]}]]
                                              [get_cells [list {design_1_i/ps7_0_axi_periph/m06_couplers/auto_cc/inst/gen_clock_conv.gen_async_lite_conv.clock_conv_lite_fwd_aw/handshake/dest_hsdata_ff_reg[0]} {design_1_i/ps7_0_axi_periph/m06_couplers/auto_cc/inst/gen_clock_conv.gen_async_lite_conv.clock_conv_lite_fwd_aw/handshake/dest_hsdata_ff_reg[1]} {design_1_i/ps7_0_axi_periph/m06_couplers/auto_cc/inst/gen_clock_conv.gen_async_lite_conv.clock_conv_lite_fwd_aw/handshake/dest_hsdata_ff_reg[2]} {design_1_i/ps7_0_axi_periph/m06_couplers/auto_cc/inst/gen_clock_conv.gen_async_lite_conv.clock_conv_lite_fwd_aw/handshake/dest_hsdata_ff_reg[3]} {design_1_i/ps7_0_axi_periph/m06_couplers/auto_cc/inst/gen_clock_conv.gen_async_lite_conv.clock_conv_lite_fwd_aw/handshake/dest_hsdata_ff_reg[4]} {design_1_i/ps7_0_axi_periph/m06_couplers/auto_cc/inst/gen_clock_conv.gen_async_lite_conv.clock_conv_lite_fwd_aw/handshake/dest_hsdata_ff_reg[5]} {design_1_i/ps7_0_axi_periph/m06_couplers/auto_cc/inst/gen_clock_conv.gen_async_lite_conv.clock_conv_lite_fwd_aw/handshake/dest_hsdata_ff_reg[6]}]]
                                                                              Slow             19.686       0.806     18.880
26  178       [get_cells [list {design_1_i/ps7_0_axi_periph/m06_couplers/auto_cc/inst/gen_clock_conv.gen_async_lite_conv.clock_conv_lite_fwd_ar/handshake/src_hsdata_ff_reg[0]} {design_1_i/ps7_0_axi_periph/m06_couplers/auto_cc/inst/gen_clock_conv.gen_async_lite_conv.clock_conv_lite_fwd_ar/handshake/src_hsdata_ff_reg[1]} {design_1_i/ps7_0_axi_periph/m06_couplers/auto_cc/inst/gen_clock_conv.gen_async_lite_conv.clock_conv_lite_fwd_ar/handshake/src_hsdata_ff_reg[2]} {design_1_i/ps7_0_axi_periph/m06_couplers/auto_cc/inst/gen_clock_conv.gen_async_lite_conv.clock_conv_lite_fwd_ar/handshake/src_hsdata_ff_reg[3]} {design_1_i/ps7_0_axi_periph/m06_couplers/auto_cc/inst/gen_clock_conv.gen_async_lite_conv.clock_conv_lite_fwd_ar/handshake/src_hsdata_ff_reg[4]} {design_1_i/ps7_0_axi_periph/m06_couplers/auto_cc/inst/gen_clock_conv.gen_async_lite_conv.clock_conv_lite_fwd_ar/handshake/src_hsdata_ff_reg[5]} {design_1_i/ps7_0_axi_periph/m06_couplers/auto_cc/inst/gen_clock_conv.gen_async_lite_conv.clock_conv_lite_fwd_ar/handshake/src_hsdata_ff_reg[6]}]]
                                              [get_cells [list {design_1_i/ps7_0_axi_periph/m06_couplers/auto_cc/inst/gen_clock_conv.gen_async_lite_conv.clock_conv_lite_fwd_ar/handshake/dest_hsdata_ff_reg[0]} {design_1_i/ps7_0_axi_periph/m06_couplers/auto_cc/inst/gen_clock_conv.gen_async_lite_conv.clock_conv_lite_fwd_ar/handshake/dest_hsdata_ff_reg[1]} {design_1_i/ps7_0_axi_periph/m06_couplers/auto_cc/inst/gen_clock_conv.gen_async_lite_conv.clock_conv_lite_fwd_ar/handshake/dest_hsdata_ff_reg[2]} {design_1_i/ps7_0_axi_periph/m06_couplers/auto_cc/inst/gen_clock_conv.gen_async_lite_conv.clock_conv_lite_fwd_ar/handshake/dest_hsdata_ff_reg[3]} {design_1_i/ps7_0_axi_periph/m06_couplers/auto_cc/inst/gen_clock_conv.gen_async_lite_conv.clock_conv_lite_fwd_ar/handshake/dest_hsdata_ff_reg[4]} {design_1_i/ps7_0_axi_periph/m06_couplers/auto_cc/inst/gen_clock_conv.gen_async_lite_conv.clock_conv_lite_fwd_ar/handshake/dest_hsdata_ff_reg[5]} {design_1_i/ps7_0_axi_periph/m06_couplers/auto_cc/inst/gen_clock_conv.gen_async_lite_conv.clock_conv_lite_fwd_ar/handshake/dest_hsdata_ff_reg[6]}]]
                                                                              Slow             19.686       0.819     18.867
27  180       [get_cells [list {design_1_i/ps7_0_axi_periph/m11_couplers/auto_cc/inst/gen_clock_conv.gen_async_lite_conv.clock_conv_lite_fwd_aw/handshake/src_hsdata_ff_reg[0]} {design_1_i/ps7_0_axi_periph/m11_couplers/auto_cc/inst/gen_clock_conv.gen_async_lite_conv.clock_conv_lite_fwd_aw/handshake/src_hsdata_ff_reg[1]} {design_1_i/ps7_0_axi_periph/m11_couplers/auto_cc/inst/gen_clock_conv.gen_async_lite_conv.clock_conv_lite_fwd_aw/handshake/src_hsdata_ff_reg[2]} {design_1_i/ps7_0_axi_periph/m11_couplers/auto_cc/inst/gen_clock_conv.gen_async_lite_conv.clock_conv_lite_fwd_aw/handshake/src_hsdata_ff_reg[3]} {design_1_i/ps7_0_axi_periph/m11_couplers/auto_cc/inst/gen_clock_conv.gen_async_lite_conv.clock_conv_lite_fwd_aw/handshake/src_hsdata_ff_reg[4]} {design_1_i/ps7_0_axi_periph/m11_couplers/auto_cc/inst/gen_clock_conv.gen_async_lite_conv.clock_conv_lite_fwd_aw/handshake/src_hsdata_ff_reg[5]} {design_1_i/ps7_0_axi_periph/m11_couplers/auto_cc/inst/gen_clock_conv.gen_async_lite_conv.clock_conv_lite_fwd_aw/handshake/src_hsdata_ff_reg[6]}]]
                                              [get_cells [list {design_1_i/ps7_0_axi_periph/m11_couplers/auto_cc/inst/gen_clock_conv.gen_async_lite_conv.clock_conv_lite_fwd_aw/handshake/dest_hsdata_ff_reg[0]} {design_1_i/ps7_0_axi_periph/m11_couplers/auto_cc/inst/gen_clock_conv.gen_async_lite_conv.clock_conv_lite_fwd_aw/handshake/dest_hsdata_ff_reg[1]} {design_1_i/ps7_0_axi_periph/m11_couplers/auto_cc/inst/gen_clock_conv.gen_async_lite_conv.clock_conv_lite_fwd_aw/handshake/dest_hsdata_ff_reg[2]} {design_1_i/ps7_0_axi_periph/m11_couplers/auto_cc/inst/gen_clock_conv.gen_async_lite_conv.clock_conv_lite_fwd_aw/handshake/dest_hsdata_ff_reg[3]} {design_1_i/ps7_0_axi_periph/m11_couplers/auto_cc/inst/gen_clock_conv.gen_async_lite_conv.clock_conv_lite_fwd_aw/handshake/dest_hsdata_ff_reg[4]} {design_1_i/ps7_0_axi_periph/m11_couplers/auto_cc/inst/gen_clock_conv.gen_async_lite_conv.clock_conv_lite_fwd_aw/handshake/dest_hsdata_ff_reg[5]} {design_1_i/ps7_0_axi_periph/m11_couplers/auto_cc/inst/gen_clock_conv.gen_async_lite_conv.clock_conv_lite_fwd_aw/handshake/dest_hsdata_ff_reg[6]}]]
                                                                              Slow             20.202       0.584     19.618
28  182       [get_cells [list {design_1_i/ps7_0_axi_periph/m07_couplers/auto_cc/inst/gen_clock_conv.gen_async_lite_conv.clock_conv_lite_fwd_ar/handshake/src_hsdata_ff_reg[0]} \
          {design_1_i/ps7_0_axi_periph/m07_couplers/auto_cc/inst/gen_clock_conv.gen_async_lite_conv.clock_conv_lite_fwd_ar/handshake/src_hsdata_ff_reg[10]} \
          {design_1_i/ps7_0_axi_periph/m07_couplers/auto_cc/inst/gen_clock_conv.gen_async_lite_conv.clock_conv_lite_fwd_ar/handshake/src_hsdata_ff_reg[11]} \
          {design_1_i/ps7_0_axi_periph/m07_couplers/auto_cc/inst/gen_clock_conv.gen_async_lite_conv.clock_conv_lite_fwd_ar/handshake/src_hsdata_ff_reg[12]} \
          {design_1_i/ps7_0_axi_periph/m07_couplers/auto_cc/inst/gen_clock_conv.gen_async_lite_conv.clock_conv_lite_fwd_ar/handshake/src_hsdata_ff_reg[9]} \
          {design_1_i/ps7_0_axi_periph/m07_couplers/auto_cc/inst/gen_clock_conv.gen_async_lite_conv.clock_conv_lite_fwd_ar/handshake/src_hsdata_ff_reg[8]} \
          {design_1_i/ps7_0_axi_periph/m07_couplers/auto_cc/inst/gen_clock_conv.gen_async_lite_conv.clock_conv_lite_fwd_ar/handshake/src_hsdata_ff_reg[7]} \
          {design_1_i/ps7_0_axi_periph/m07_couplers/auto_cc/inst/gen_clock_conv.gen_async_lite_conv.clock_conv_lite_fwd_ar/handshake/src_hsdata_ff_reg[1]} \
          {design_1_i/ps7_0_axi_periph/m07_couplers/auto_cc/inst/gen_clock_conv.gen_async_lite_conv.clock_conv_lite_fwd_ar/handshake/src_hsdata_ff_reg[2]} \
          {design_1_i/ps7_0_axi_periph/m07_couplers/auto_cc/inst/gen_clock_conv.gen_async_lite_conv.clock_conv_lite_fwd_ar/handshake/src_hsdata_ff_reg[3]} \
          {design_1_i/ps7_0_axi_periph/m07_couplers/auto_cc/inst/gen_clock_conv.gen_async_lite_conv.clock_conv_lite_fwd_ar/handshake/src_hsdata_ff_reg[4]} \
          {design_1_i/ps7_0_axi_periph/m07_couplers/auto_cc/inst/gen_clock_conv.gen_async_lite_conv.clock_conv_lite_fwd_ar/handshake/src_hsdata_ff_reg[5]} \
          {design_1_i/ps7_0_axi_periph/m07_couplers/auto_cc/inst/gen_clock_conv.gen_async_lite_conv.clock_conv_lite_fwd_ar/handshake/src_hsdata_ff_reg[6]}]]
                                              [get_cells [list {design_1_i/ps7_0_axi_periph/m07_couplers/auto_cc/inst/gen_clock_conv.gen_async_lite_conv.clock_conv_lite_fwd_ar/handshake/dest_hsdata_ff_reg[0]} \
          {design_1_i/ps7_0_axi_periph/m07_couplers/auto_cc/inst/gen_clock_conv.gen_async_lite_conv.clock_conv_lite_fwd_ar/handshake/dest_hsdata_ff_reg[10]} \
          {design_1_i/ps7_0_axi_periph/m07_couplers/auto_cc/inst/gen_clock_conv.gen_async_lite_conv.clock_conv_lite_fwd_ar/handshake/dest_hsdata_ff_reg[11]} \
          {design_1_i/ps7_0_axi_periph/m07_couplers/auto_cc/inst/gen_clock_conv.gen_async_lite_conv.clock_conv_lite_fwd_ar/handshake/dest_hsdata_ff_reg[12]} \
          {design_1_i/ps7_0_axi_periph/m07_couplers/auto_cc/inst/gen_clock_conv.gen_async_lite_conv.clock_conv_lite_fwd_ar/handshake/dest_hsdata_ff_reg[9]} \
          {design_1_i/ps7_0_axi_periph/m07_couplers/auto_cc/inst/gen_clock_conv.gen_async_lite_conv.clock_conv_lite_fwd_ar/handshake/dest_hsdata_ff_reg[8]} \
          {design_1_i/ps7_0_axi_periph/m07_couplers/auto_cc/inst/gen_clock_conv.gen_async_lite_conv.clock_conv_lite_fwd_ar/handshake/dest_hsdata_ff_reg[7]} \
          {design_1_i/ps7_0_axi_periph/m07_couplers/auto_cc/inst/gen_clock_conv.gen_async_lite_conv.clock_conv_lite_fwd_ar/handshake/dest_hsdata_ff_reg[1]} \
          {design_1_i/ps7_0_axi_periph/m07_couplers/auto_cc/inst/gen_clock_conv.gen_async_lite_conv.clock_conv_lite_fwd_ar/handshake/dest_hsdata_ff_reg[2]} \
          {design_1_i/ps7_0_axi_periph/m07_couplers/auto_cc/inst/gen_clock_conv.gen_async_lite_conv.clock_conv_lite_fwd_ar/handshake/dest_hsdata_ff_reg[3]} \
          {design_1_i/ps7_0_axi_periph/m07_couplers/auto_cc/inst/gen_clock_conv.gen_async_lite_conv.clock_conv_lite_fwd_ar/handshake/dest_hsdata_ff_reg[4]} \
          {design_1_i/ps7_0_axi_periph/m07_couplers/auto_cc/inst/gen_clock_conv.gen_async_lite_conv.clock_conv_lite_fwd_ar/handshake/dest_hsdata_ff_reg[5]} \
          {design_1_i/ps7_0_axi_periph/m07_couplers/auto_cc/inst/gen_clock_conv.gen_async_lite_conv.clock_conv_lite_fwd_ar/handshake/dest_hsdata_ff_reg[6]}]]
                                                                              Slow             19.686       0.756     18.930
29  184       [get_cells [list {design_1_i/ps7_0_axi_periph/m07_couplers/auto_cc/inst/gen_clock_conv.gen_async_lite_conv.clock_conv_lite_fwd_aw/handshake/src_hsdata_ff_reg[0]} \
          {design_1_i/ps7_0_axi_periph/m07_couplers/auto_cc/inst/gen_clock_conv.gen_async_lite_conv.clock_conv_lite_fwd_aw/handshake/src_hsdata_ff_reg[10]} \
          {design_1_i/ps7_0_axi_periph/m07_couplers/auto_cc/inst/gen_clock_conv.gen_async_lite_conv.clock_conv_lite_fwd_aw/handshake/src_hsdata_ff_reg[11]} \
          {design_1_i/ps7_0_axi_periph/m07_couplers/auto_cc/inst/gen_clock_conv.gen_async_lite_conv.clock_conv_lite_fwd_aw/handshake/src_hsdata_ff_reg[12]} \
          {design_1_i/ps7_0_axi_periph/m07_couplers/auto_cc/inst/gen_clock_conv.gen_async_lite_conv.clock_conv_lite_fwd_aw/handshake/src_hsdata_ff_reg[9]} \
          {design_1_i/ps7_0_axi_periph/m07_couplers/auto_cc/inst/gen_clock_conv.gen_async_lite_conv.clock_conv_lite_fwd_aw/handshake/src_hsdata_ff_reg[8]} \
          {design_1_i/ps7_0_axi_periph/m07_couplers/auto_cc/inst/gen_clock_conv.gen_async_lite_conv.clock_conv_lite_fwd_aw/handshake/src_hsdata_ff_reg[7]} \
          {design_1_i/ps7_0_axi_periph/m07_couplers/auto_cc/inst/gen_clock_conv.gen_async_lite_conv.clock_conv_lite_fwd_aw/handshake/src_hsdata_ff_reg[1]} \
          {design_1_i/ps7_0_axi_periph/m07_couplers/auto_cc/inst/gen_clock_conv.gen_async_lite_conv.clock_conv_lite_fwd_aw/handshake/src_hsdata_ff_reg[2]} \
          {design_1_i/ps7_0_axi_periph/m07_couplers/auto_cc/inst/gen_clock_conv.gen_async_lite_conv.clock_conv_lite_fwd_aw/handshake/src_hsdata_ff_reg[3]} \
          {design_1_i/ps7_0_axi_periph/m07_couplers/auto_cc/inst/gen_clock_conv.gen_async_lite_conv.clock_conv_lite_fwd_aw/handshake/src_hsdata_ff_reg[4]} \
          {design_1_i/ps7_0_axi_periph/m07_couplers/auto_cc/inst/gen_clock_conv.gen_async_lite_conv.clock_conv_lite_fwd_aw/handshake/src_hsdata_ff_reg[5]} \
          {design_1_i/ps7_0_axi_periph/m07_couplers/auto_cc/inst/gen_clock_conv.gen_async_lite_conv.clock_conv_lite_fwd_aw/handshake/src_hsdata_ff_reg[6]}]]
                                              [get_cells [list {design_1_i/ps7_0_axi_periph/m07_couplers/auto_cc/inst/gen_clock_conv.gen_async_lite_conv.clock_conv_lite_fwd_aw/handshake/dest_hsdata_ff_reg[0]} \
          {design_1_i/ps7_0_axi_periph/m07_couplers/auto_cc/inst/gen_clock_conv.gen_async_lite_conv.clock_conv_lite_fwd_aw/handshake/dest_hsdata_ff_reg[10]} \
          {design_1_i/ps7_0_axi_periph/m07_couplers/auto_cc/inst/gen_clock_conv.gen_async_lite_conv.clock_conv_lite_fwd_aw/handshake/dest_hsdata_ff_reg[11]} \
          {design_1_i/ps7_0_axi_periph/m07_couplers/auto_cc/inst/gen_clock_conv.gen_async_lite_conv.clock_conv_lite_fwd_aw/handshake/dest_hsdata_ff_reg[12]} \
          {design_1_i/ps7_0_axi_periph/m07_couplers/auto_cc/inst/gen_clock_conv.gen_async_lite_conv.clock_conv_lite_fwd_aw/handshake/dest_hsdata_ff_reg[9]} \
          {design_1_i/ps7_0_axi_periph/m07_couplers/auto_cc/inst/gen_clock_conv.gen_async_lite_conv.clock_conv_lite_fwd_aw/handshake/dest_hsdata_ff_reg[8]} \
          {design_1_i/ps7_0_axi_periph/m07_couplers/auto_cc/inst/gen_clock_conv.gen_async_lite_conv.clock_conv_lite_fwd_aw/handshake/dest_hsdata_ff_reg[7]} \
          {design_1_i/ps7_0_axi_periph/m07_couplers/auto_cc/inst/gen_clock_conv.gen_async_lite_conv.clock_conv_lite_fwd_aw/handshake/dest_hsdata_ff_reg[1]} \
          {design_1_i/ps7_0_axi_periph/m07_couplers/auto_cc/inst/gen_clock_conv.gen_async_lite_conv.clock_conv_lite_fwd_aw/handshake/dest_hsdata_ff_reg[2]} \
          {design_1_i/ps7_0_axi_periph/m07_couplers/auto_cc/inst/gen_clock_conv.gen_async_lite_conv.clock_conv_lite_fwd_aw/handshake/dest_hsdata_ff_reg[3]} \
          {design_1_i/ps7_0_axi_periph/m07_couplers/auto_cc/inst/gen_clock_conv.gen_async_lite_conv.clock_conv_lite_fwd_aw/handshake/dest_hsdata_ff_reg[4]} \
          {design_1_i/ps7_0_axi_periph/m07_couplers/auto_cc/inst/gen_clock_conv.gen_async_lite_conv.clock_conv_lite_fwd_aw/handshake/dest_hsdata_ff_reg[5]} \
          {design_1_i/ps7_0_axi_periph/m07_couplers/auto_cc/inst/gen_clock_conv.gen_async_lite_conv.clock_conv_lite_fwd_aw/handshake/dest_hsdata_ff_reg[6]}]]
                                                                              Slow             19.686       0.974     18.712
30  186       [get_cells [list {design_1_i/ps7_0_axi_periph/m15_couplers/auto_cc/inst/gen_clock_conv.gen_async_lite_conv.clock_conv_lite_fwd_ar/handshake/src_hsdata_ff_reg[0]} {design_1_i/ps7_0_axi_periph/m15_couplers/auto_cc/inst/gen_clock_conv.gen_async_lite_conv.clock_conv_lite_fwd_ar/handshake/src_hsdata_ff_reg[2]} {design_1_i/ps7_0_axi_periph/m15_couplers/auto_cc/inst/gen_clock_conv.gen_async_lite_conv.clock_conv_lite_fwd_ar/handshake/src_hsdata_ff_reg[1]} {design_1_i/ps7_0_axi_periph/m15_couplers/auto_cc/inst/gen_clock_conv.gen_async_lite_conv.clock_conv_lite_fwd_ar/handshake/src_hsdata_ff_reg[7]} {design_1_i/ps7_0_axi_periph/m15_couplers/auto_cc/inst/gen_clock_conv.gen_async_lite_conv.clock_conv_lite_fwd_ar/handshake/src_hsdata_ff_reg[6]} {design_1_i/ps7_0_axi_periph/m15_couplers/auto_cc/inst/gen_clock_conv.gen_async_lite_conv.clock_conv_lite_fwd_ar/handshake/src_hsdata_ff_reg[5]} {design_1_i/ps7_0_axi_periph/m15_couplers/auto_cc/inst/gen_clock_conv.gen_async_lite_conv.clock_conv_lite_fwd_ar/handshake/src_hsdata_ff_reg[4]} {design_1_i/ps7_0_axi_periph/m15_couplers/auto_cc/inst/gen_clock_conv.gen_async_lite_conv.clock_conv_lite_fwd_ar/handshake/src_hsdata_ff_reg[3]}]]
                                              [get_cells [list {design_1_i/ps7_0_axi_periph/m15_couplers/auto_cc/inst/gen_clock_conv.gen_async_lite_conv.clock_conv_lite_fwd_ar/handshake/dest_hsdata_ff_reg[0]} {design_1_i/ps7_0_axi_periph/m15_couplers/auto_cc/inst/gen_clock_conv.gen_async_lite_conv.clock_conv_lite_fwd_ar/handshake/dest_hsdata_ff_reg[2]} {design_1_i/ps7_0_axi_periph/m15_couplers/auto_cc/inst/gen_clock_conv.gen_async_lite_conv.clock_conv_lite_fwd_ar/handshake/dest_hsdata_ff_reg[1]} {design_1_i/ps7_0_axi_periph/m15_couplers/auto_cc/inst/gen_clock_conv.gen_async_lite_conv.clock_conv_lite_fwd_ar/handshake/dest_hsdata_ff_reg[7]} {design_1_i/ps7_0_axi_periph/m15_couplers/auto_cc/inst/gen_clock_conv.gen_async_lite_conv.clock_conv_lite_fwd_ar/handshake/dest_hsdata_ff_reg[6]} {design_1_i/ps7_0_axi_periph/m15_couplers/auto_cc/inst/gen_clock_conv.gen_async_lite_conv.clock_conv_lite_fwd_ar/handshake/dest_hsdata_ff_reg[5]} {design_1_i/ps7_0_axi_periph/m15_couplers/auto_cc/inst/gen_clock_conv.gen_async_lite_conv.clock_conv_lite_fwd_ar/handshake/dest_hsdata_ff_reg[4]} {design_1_i/ps7_0_axi_periph/m15_couplers/auto_cc/inst/gen_clock_conv.gen_async_lite_conv.clock_conv_lite_fwd_ar/handshake/dest_hsdata_ff_reg[3]}]]
                                                                              Slow             19.686       0.717     18.969
31  188       [get_cells [list {design_1_i/ps7_0_axi_periph/m15_couplers/auto_cc/inst/gen_clock_conv.gen_async_lite_conv.clock_conv_lite_fwd_aw/handshake/src_hsdata_ff_reg[0]} {design_1_i/ps7_0_axi_periph/m15_couplers/auto_cc/inst/gen_clock_conv.gen_async_lite_conv.clock_conv_lite_fwd_aw/handshake/src_hsdata_ff_reg[2]} {design_1_i/ps7_0_axi_periph/m15_couplers/auto_cc/inst/gen_clock_conv.gen_async_lite_conv.clock_conv_lite_fwd_aw/handshake/src_hsdata_ff_reg[1]} {design_1_i/ps7_0_axi_periph/m15_couplers/auto_cc/inst/gen_clock_conv.gen_async_lite_conv.clock_conv_lite_fwd_aw/handshake/src_hsdata_ff_reg[7]} {design_1_i/ps7_0_axi_periph/m15_couplers/auto_cc/inst/gen_clock_conv.gen_async_lite_conv.clock_conv_lite_fwd_aw/handshake/src_hsdata_ff_reg[6]} {design_1_i/ps7_0_axi_periph/m15_couplers/auto_cc/inst/gen_clock_conv.gen_async_lite_conv.clock_conv_lite_fwd_aw/handshake/src_hsdata_ff_reg[5]} {design_1_i/ps7_0_axi_periph/m15_couplers/auto_cc/inst/gen_clock_conv.gen_async_lite_conv.clock_conv_lite_fwd_aw/handshake/src_hsdata_ff_reg[4]} {design_1_i/ps7_0_axi_periph/m15_couplers/auto_cc/inst/gen_clock_conv.gen_async_lite_conv.clock_conv_lite_fwd_aw/handshake/src_hsdata_ff_reg[3]}]]
                                              [get_cells [list {design_1_i/ps7_0_axi_periph/m15_couplers/auto_cc/inst/gen_clock_conv.gen_async_lite_conv.clock_conv_lite_fwd_aw/handshake/dest_hsdata_ff_reg[0]} {design_1_i/ps7_0_axi_periph/m15_couplers/auto_cc/inst/gen_clock_conv.gen_async_lite_conv.clock_conv_lite_fwd_aw/handshake/dest_hsdata_ff_reg[2]} {design_1_i/ps7_0_axi_periph/m15_couplers/auto_cc/inst/gen_clock_conv.gen_async_lite_conv.clock_conv_lite_fwd_aw/handshake/dest_hsdata_ff_reg[1]} {design_1_i/ps7_0_axi_periph/m15_couplers/auto_cc/inst/gen_clock_conv.gen_async_lite_conv.clock_conv_lite_fwd_aw/handshake/dest_hsdata_ff_reg[7]} {design_1_i/ps7_0_axi_periph/m15_couplers/auto_cc/inst/gen_clock_conv.gen_async_lite_conv.clock_conv_lite_fwd_aw/handshake/dest_hsdata_ff_reg[6]} {design_1_i/ps7_0_axi_periph/m15_couplers/auto_cc/inst/gen_clock_conv.gen_async_lite_conv.clock_conv_lite_fwd_aw/handshake/dest_hsdata_ff_reg[5]} {design_1_i/ps7_0_axi_periph/m15_couplers/auto_cc/inst/gen_clock_conv.gen_async_lite_conv.clock_conv_lite_fwd_aw/handshake/dest_hsdata_ff_reg[4]} {design_1_i/ps7_0_axi_periph/m15_couplers/auto_cc/inst/gen_clock_conv.gen_async_lite_conv.clock_conv_lite_fwd_aw/handshake/dest_hsdata_ff_reg[3]}]]
                                                                              Slow             19.686       0.699     18.987


2. Bus Skew Report Per Constraint
---------------------------------

Id: 1
set_bus_skew -from [get_cells [list {design_1_i/audio/i2s_receiver/inst/I2S_RX_V1_0_SYS_INST/AXIS_FIFO_INST/xpm_fifo_async_inst/gnuram_async_fifo.xpm_fifo_base_inst/gen_cdc_pntr.rd_pntr_cdc_inst/src_gray_ff_reg[0]} {design_1_i/audio/i2s_receiver/inst/I2S_RX_V1_0_SYS_INST/AXIS_FIFO_INST/xpm_fifo_async_inst/gnuram_async_fifo.xpm_fifo_base_inst/gen_cdc_pntr.rd_pntr_cdc_inst/src_gray_ff_reg[1]} {design_1_i/audio/i2s_receiver/inst/I2S_RX_V1_0_SYS_INST/AXIS_FIFO_INST/xpm_fifo_async_inst/gnuram_async_fifo.xpm_fifo_base_inst/gen_cdc_pntr.rd_pntr_cdc_inst/src_gray_ff_reg[2]} {design_1_i/audio/i2s_receiver/inst/I2S_RX_V1_0_SYS_INST/AXIS_FIFO_INST/xpm_fifo_async_inst/gnuram_async_fifo.xpm_fifo_base_inst/gen_cdc_pntr.rd_pntr_cdc_inst/src_gray_ff_reg[3]} {design_1_i/audio/i2s_receiver/inst/I2S_RX_V1_0_SYS_INST/AXIS_FIFO_INST/xpm_fifo_async_inst/gnuram_async_fifo.xpm_fifo_base_inst/gen_cdc_pntr.rd_pntr_cdc_inst/src_gray_ff_reg[4]} {design_1_i/audio/i2s_receiver/inst/I2S_RX_V1_0_SYS_INST/AXIS_FIFO_INST/xpm_fifo_async_inst/gnuram_async_fifo.xpm_fifo_base_inst/gen_cdc_pntr.rd_pntr_cdc_inst/src_gray_ff_reg[5]} {design_1_i/audio/i2s_receiver/inst/I2S_RX_V1_0_SYS_INST/AXIS_FIFO_INST/xpm_fifo_async_inst/gnuram_async_fifo.xpm_fifo_base_inst/gen_cdc_pntr.rd_pntr_cdc_inst/src_gray_ff_reg[6]}]] -to [get_cells [list {design_1_i/audio/i2s_receiver/inst/I2S_RX_V1_0_SYS_INST/AXIS_FIFO_INST/xpm_fifo_async_inst/gnuram_async_fifo.xpm_fifo_base_inst/gen_cdc_pntr.rd_pntr_cdc_inst/dest_graysync_ff_reg[0][0]} {design_1_i/audio/i2s_receiver/inst/I2S_RX_V1_0_SYS_INST/AXIS_FIFO_INST/xpm_fifo_async_inst/gnuram_async_fifo.xpm_fifo_base_inst/gen_cdc_pntr.rd_pntr_cdc_inst/dest_graysync_ff_reg[0][1]} {design_1_i/audio/i2s_receiver/inst/I2S_RX_V1_0_SYS_INST/AXIS_FIFO_INST/xpm_fifo_async_inst/gnuram_async_fifo.xpm_fifo_base_inst/gen_cdc_pntr.rd_pntr_cdc_inst/dest_graysync_ff_reg[0][2]} {design_1_i/audio/i2s_receiver/inst/I2S_RX_V1_0_SYS_INST/AXIS_FIFO_INST/xpm_fifo_async_inst/gnuram_async_fifo.xpm_fifo_base_inst/gen_cdc_pntr.rd_pntr_cdc_inst/dest_graysync_ff_reg[0][3]} {design_1_i/audio/i2s_receiver/inst/I2S_RX_V1_0_SYS_INST/AXIS_FIFO_INST/xpm_fifo_async_inst/gnuram_async_fifo.xpm_fifo_base_inst/gen_cdc_pntr.rd_pntr_cdc_inst/dest_graysync_ff_reg[0][4]} {design_1_i/audio/i2s_receiver/inst/I2S_RX_V1_0_SYS_INST/AXIS_FIFO_INST/xpm_fifo_async_inst/gnuram_async_fifo.xpm_fifo_base_inst/gen_cdc_pntr.rd_pntr_cdc_inst/dest_graysync_ff_reg[0][5]} {design_1_i/audio/i2s_receiver/inst/I2S_RX_V1_0_SYS_INST/AXIS_FIFO_INST/xpm_fifo_async_inst/gnuram_async_fifo.xpm_fifo_base_inst/gen_cdc_pntr.rd_pntr_cdc_inst/dest_graysync_ff_reg[0][6]}]] 10.000
Requirement: 10.000ns
Endpoints: 7

From Clock            To Clock              Endpoint Pin                    Reference Pin                   Corner  Actual(ns)  Slack(ns)
--------------------  --------------------  ------------------------------  ------------------------------  ------  ----------  ---------
clk_fpga_0            mlck_design_1_clk_wiz_0_0
                                            design_1_i/audio/i2s_receiver/inst/I2S_RX_V1_0_SYS_INST/AXIS_FIFO_INST/xpm_fifo_async_inst/gnuram_async_fifo.xpm_fifo_base_inst/gen_cdc_pntr.rd_pntr_cdc_inst/dest_graysync_ff_reg[0][0]/D
                                                                            design_1_i/audio/i2s_receiver/inst/I2S_RX_V1_0_SYS_INST/AXIS_FIFO_INST/xpm_fifo_async_inst/gnuram_async_fifo.xpm_fifo_base_inst/gen_cdc_pntr.rd_pntr_cdc_inst/dest_graysync_ff_reg[0][2]/D
                                                                                                            Slow         0.592      9.408


Slack (MET) :             9.408ns  (requirement - actual skew)
  Endpoint Source:        design_1_i/audio/i2s_receiver/inst/I2S_RX_V1_0_SYS_INST/AXIS_FIFO_INST/xpm_fifo_async_inst/gnuram_async_fifo.xpm_fifo_base_inst/gen_cdc_pntr.rd_pntr_cdc_inst/src_gray_ff_reg[0]/C
                            (rising edge-triggered cell FDRE clocked by clk_fpga_0)
  Endpoint Destination:   design_1_i/audio/i2s_receiver/inst/I2S_RX_V1_0_SYS_INST/AXIS_FIFO_INST/xpm_fifo_async_inst/gnuram_async_fifo.xpm_fifo_base_inst/gen_cdc_pntr.rd_pntr_cdc_inst/dest_graysync_ff_reg[0][0]/D
                            (rising edge-triggered cell FDRE clocked by mlck_design_1_clk_wiz_0_0)
  Reference Source:       design_1_i/audio/i2s_receiver/inst/I2S_RX_V1_0_SYS_INST/AXIS_FIFO_INST/xpm_fifo_async_inst/gnuram_async_fifo.xpm_fifo_base_inst/gen_cdc_pntr.rd_pntr_cdc_inst/src_gray_ff_reg[2]/C
                            (rising edge-triggered cell FDRE clocked by clk_fpga_0)
  Reference Destination:  design_1_i/audio/i2s_receiver/inst/I2S_RX_V1_0_SYS_INST/AXIS_FIFO_INST/xpm_fifo_async_inst/gnuram_async_fifo.xpm_fifo_base_inst/gen_cdc_pntr.rd_pntr_cdc_inst/dest_graysync_ff_reg[0][2]/D
                            (rising edge-triggered cell FDRE clocked by mlck_design_1_clk_wiz_0_0)
  Path Type:              Bus Skew (Max at Slow Process Corner)
  Requirement:            10.000ns
  Endpoint Relative Delay:   -1.764ns
  Reference Relative Delay:  -2.955ns
  Relative CRPR:              0.599ns
  Actual Bus Skew:            0.592ns  (Endpoint Relative Delay - Reference Relative Delay - Relative CRPR)

Endpoint path:
    Location             Delay type                Incr(ns)  Path(ns)    Netlist Resource(s)
  -------------------------------------------------------------------    -------------------
                         (clock clk_fpga_0 rise edge)
                                                      0.000     0.000 r  
    PS7_X0Y0             PS7                          0.000     0.000 r  design_1_i/processing_system7_0/inst/PS7_i/FCLKCLK[0]
                         net (fo=1, routed)           0.994     0.994    design_1_i/processing_system7_0/inst/FCLK_CLK_unbuffered[0]
    BUFGCTRL_X0Y17       BUFG (Prop_bufg_I_O)         0.085     1.079 r  design_1_i/processing_system7_0/inst/buffer_fclk_clk_0.FCLK_CLK_0_BUFG/O
                         net (fo=14268, routed)       1.560     2.639    design_1_i/audio/i2s_receiver/inst/I2S_RX_V1_0_SYS_INST/AXIS_FIFO_INST/xpm_fifo_async_inst/gnuram_async_fifo.xpm_fifo_base_inst/gen_cdc_pntr.rd_pntr_cdc_inst/src_clk
    SLICE_X40Y105        FDRE                                         r  design_1_i/audio/i2s_receiver/inst/I2S_RX_V1_0_SYS_INST/AXIS_FIFO_INST/xpm_fifo_async_inst/gnuram_async_fifo.xpm_fifo_base_inst/gen_cdc_pntr.rd_pntr_cdc_inst/src_gray_ff_reg[0]/C
  -------------------------------------------------------------------    -------------------
    SLICE_X40Y105        FDRE (Prop_fdre_C_Q)         0.379     3.018 r  design_1_i/audio/i2s_receiver/inst/I2S_RX_V1_0_SYS_INST/AXIS_FIFO_INST/xpm_fifo_async_inst/gnuram_async_fifo.xpm_fifo_base_inst/gen_cdc_pntr.rd_pntr_cdc_inst/src_gray_ff_reg[0]/Q
                         net (fo=1, routed)           0.537     3.555    design_1_i/audio/i2s_receiver/inst/I2S_RX_V1_0_SYS_INST/AXIS_FIFO_INST/xpm_fifo_async_inst/gnuram_async_fifo.xpm_fifo_base_inst/gen_cdc_pntr.rd_pntr_cdc_inst/async_path[0]
    SLICE_X39Y106        FDRE                                         r  design_1_i/audio/i2s_receiver/inst/I2S_RX_V1_0_SYS_INST/AXIS_FIFO_INST/xpm_fifo_async_inst/gnuram_async_fifo.xpm_fifo_base_inst/gen_cdc_pntr.rd_pntr_cdc_inst/dest_graysync_ff_reg[0][0]/D
  -------------------------------------------------------------------    -------------------

                         (clock mlck_design_1_clk_wiz_0_0 rise edge)
                                                      0.000     0.000 r  
    PS7_X0Y0             PS7                          0.000     0.000 r  design_1_i/processing_system7_0/inst/PS7_i/FCLKCLK[0]
                         net (fo=1, routed)           0.905     0.905    design_1_i/processing_system7_0/inst/FCLK_CLK_unbuffered[0]
    BUFGCTRL_X0Y17       BUFG (Prop_bufg_I_O)         0.077     0.982 r  design_1_i/processing_system7_0/inst/buffer_fclk_clk_0.FCLK_CLK_0_BUFG/O
                         net (fo=14268, routed)       1.350     2.332    design_1_i/clk_wiz_0/inst/CLK_CORE_DRP_I/clk_inst/s_axi_aclk
    MMCME2_ADV_X0Y0      MMCME2_ADV (Prop_mmcme2_adv_CLKIN1_CLKOUT0)
                                                      0.073     2.405 r  design_1_i/clk_wiz_0/inst/CLK_CORE_DRP_I/clk_inst/mmcm_adv_inst/CLKOUT0
                         net (fo=1, routed)           1.426     3.832    design_1_i/clk_wiz_0/inst/CLK_CORE_DRP_I/clk_inst/mlck_design_1_clk_wiz_0_0
    BUFGCTRL_X0Y1        BUFG (Prop_bufg_I_O)         0.077     3.909 r  design_1_i/clk_wiz_0/inst/CLK_CORE_DRP_I/clk_inst/clkout1_buf/O
                         net (fo=673, routed)         1.393     5.302    design_1_i/audio/i2s_receiver/inst/I2S_RX_V1_0_SYS_INST/AXIS_FIFO_INST/xpm_fifo_async_inst/gnuram_async_fifo.xpm_fifo_base_inst/gen_cdc_pntr.rd_pntr_cdc_inst/dest_clk
    SLICE_X39Y106        FDRE                                         r  design_1_i/audio/i2s_receiver/inst/I2S_RX_V1_0_SYS_INST/AXIS_FIFO_INST/xpm_fifo_async_inst/gnuram_async_fifo.xpm_fifo_base_inst/gen_cdc_pntr.rd_pntr_cdc_inst/dest_graysync_ff_reg[0][0]/C
                         clock pessimism              0.097     5.398    
    SLICE_X39Y106        FDRE (Setup_fdre_C_D)       -0.079     5.319    design_1_i/audio/i2s_receiver/inst/I2S_RX_V1_0_SYS_INST/AXIS_FIFO_INST/xpm_fifo_async_inst/gnuram_async_fifo.xpm_fifo_base_inst/gen_cdc_pntr.rd_pntr_cdc_inst/dest_graysync_ff_reg[0][0]
  -------------------------------------------------------------------
                         data arrival                           3.555    
                         clock arrival                          5.319    
  -------------------------------------------------------------------
                         relative delay                        -1.764    

Reference path:
    Location             Delay type                Incr(ns)  Path(ns)    Netlist Resource(s)
  -------------------------------------------------------------------    -------------------
                         (clock clk_fpga_0 rise edge)
                                                      0.000     0.000 r  
    PS7_X0Y0             PS7                          0.000     0.000 r  design_1_i/processing_system7_0/inst/PS7_i/FCLKCLK[0]
                         net (fo=1, routed)           0.905     0.905    design_1_i/processing_system7_0/inst/FCLK_CLK_unbuffered[0]
    BUFGCTRL_X0Y17       BUFG (Prop_bufg_I_O)         0.077     0.982 r  design_1_i/processing_system7_0/inst/buffer_fclk_clk_0.FCLK_CLK_0_BUFG/O
                         net (fo=14268, routed)       1.390     2.372    design_1_i/audio/i2s_receiver/inst/I2S_RX_V1_0_SYS_INST/AXIS_FIFO_INST/xpm_fifo_async_inst/gnuram_async_fifo.xpm_fifo_base_inst/gen_cdc_pntr.rd_pntr_cdc_inst/src_clk
    SLICE_X40Y105        FDRE                                         r  design_1_i/audio/i2s_receiver/inst/I2S_RX_V1_0_SYS_INST/AXIS_FIFO_INST/xpm_fifo_async_inst/gnuram_async_fifo.xpm_fifo_base_inst/gen_cdc_pntr.rd_pntr_cdc_inst/src_gray_ff_reg[2]/C
  -------------------------------------------------------------------    -------------------
    SLICE_X40Y105        FDRE (Prop_fdre_C_Q)         0.304     2.676 r  design_1_i/audio/i2s_receiver/inst/I2S_RX_V1_0_SYS_INST/AXIS_FIFO_INST/xpm_fifo_async_inst/gnuram_async_fifo.xpm_fifo_base_inst/gen_cdc_pntr.rd_pntr_cdc_inst/src_gray_ff_reg[2]/Q
                         net (fo=1, routed)           0.293     2.970    design_1_i/audio/i2s_receiver/inst/I2S_RX_V1_0_SYS_INST/AXIS_FIFO_INST/xpm_fifo_async_inst/gnuram_async_fifo.xpm_fifo_base_inst/gen_cdc_pntr.rd_pntr_cdc_inst/async_path[2]
    SLICE_X40Y103        FDRE                                         r  design_1_i/audio/i2s_receiver/inst/I2S_RX_V1_0_SYS_INST/AXIS_FIFO_INST/xpm_fifo_async_inst/gnuram_async_fifo.xpm_fifo_base_inst/gen_cdc_pntr.rd_pntr_cdc_inst/dest_graysync_ff_reg[0][2]/D
  -------------------------------------------------------------------    -------------------

                         (clock mlck_design_1_clk_wiz_0_0 rise edge)
                                                      0.000     0.000 r  
    PS7_X0Y0             PS7                          0.000     0.000 r  design_1_i/processing_system7_0/inst/PS7_i/FCLKCLK[0]
                         net (fo=1, routed)           0.994     0.994    design_1_i/processing_system7_0/inst/FCLK_CLK_unbuffered[0]
    BUFGCTRL_X0Y17       BUFG (Prop_bufg_I_O)         0.085     1.079 r  design_1_i/processing_system7_0/inst/buffer_fclk_clk_0.FCLK_CLK_0_BUFG/O
                         net (fo=14268, routed)       1.515     2.594    design_1_i/clk_wiz_0/inst/CLK_CORE_DRP_I/clk_inst/s_axi_aclk
    MMCME2_ADV_X0Y0      MMCME2_ADV (Prop_mmcme2_adv_CLKIN1_CLKOUT0)
                                                      0.077     2.671 r  design_1_i/clk_wiz_0/inst/CLK_CORE_DRP_I/clk_inst/mmcm_adv_inst/CLKOUT0
                         net (fo=1, routed)           1.567     4.238    design_1_i/clk_wiz_0/inst/CLK_CORE_DRP_I/clk_inst/mlck_design_1_clk_wiz_0_0
    BUFGCTRL_X0Y1        BUFG (Prop_bufg_I_O)         0.085     4.323 r  design_1_i/clk_wiz_0/inst/CLK_CORE_DRP_I/clk_inst/clkout1_buf/O
                         net (fo=673, routed)         1.562     5.885    design_1_i/audio/i2s_receiver/inst/I2S_RX_V1_0_SYS_INST/AXIS_FIFO_INST/xpm_fifo_async_inst/gnuram_async_fifo.xpm_fifo_base_inst/gen_cdc_pntr.rd_pntr_cdc_inst/dest_clk
    SLICE_X40Y103        FDRE                                         r  design_1_i/audio/i2s_receiver/inst/I2S_RX_V1_0_SYS_INST/AXIS_FIFO_INST/xpm_fifo_async_inst/gnuram_async_fifo.xpm_fifo_base_inst/gen_cdc_pntr.rd_pntr_cdc_inst/dest_graysync_ff_reg[0][2]/C
                         clock pessimism             -0.097     5.788    
    SLICE_X40Y103        FDRE (Hold_fdre_C_D)         0.136     5.924    design_1_i/audio/i2s_receiver/inst/I2S_RX_V1_0_SYS_INST/AXIS_FIFO_INST/xpm_fifo_async_inst/gnuram_async_fifo.xpm_fifo_base_inst/gen_cdc_pntr.rd_pntr_cdc_inst/dest_graysync_ff_reg[0][2]
  -------------------------------------------------------------------
                         data arrival                           2.970    
                         clock arrival                          5.924    
  -------------------------------------------------------------------
                         relative delay                        -2.955    



Id: 2
set_bus_skew -from [get_cells [list {design_1_i/audio/i2s_transmitter/inst/I2S_TX_V1_0_SYS_INST/AXIS_FIFO_INST/xpm_fifo_async_inst/gnuram_async_fifo.xpm_fifo_base_inst/gen_cdc_pntr.wr_pntr_cdc_inst/src_gray_ff_reg[0]} {design_1_i/audio/i2s_transmitter/inst/I2S_TX_V1_0_SYS_INST/AXIS_FIFO_INST/xpm_fifo_async_inst/gnuram_async_fifo.xpm_fifo_base_inst/gen_cdc_pntr.wr_pntr_cdc_inst/src_gray_ff_reg[1]} {design_1_i/audio/i2s_transmitter/inst/I2S_TX_V1_0_SYS_INST/AXIS_FIFO_INST/xpm_fifo_async_inst/gnuram_async_fifo.xpm_fifo_base_inst/gen_cdc_pntr.wr_pntr_cdc_inst/src_gray_ff_reg[2]} {design_1_i/audio/i2s_transmitter/inst/I2S_TX_V1_0_SYS_INST/AXIS_FIFO_INST/xpm_fifo_async_inst/gnuram_async_fifo.xpm_fifo_base_inst/gen_cdc_pntr.wr_pntr_cdc_inst/src_gray_ff_reg[3]} {design_1_i/audio/i2s_transmitter/inst/I2S_TX_V1_0_SYS_INST/AXIS_FIFO_INST/xpm_fifo_async_inst/gnuram_async_fifo.xpm_fifo_base_inst/gen_cdc_pntr.wr_pntr_cdc_inst/src_gray_ff_reg[4]} {design_1_i/audio/i2s_transmitter/inst/I2S_TX_V1_0_SYS_INST/AXIS_FIFO_INST/xpm_fifo_async_inst/gnuram_async_fifo.xpm_fifo_base_inst/gen_cdc_pntr.wr_pntr_cdc_inst/src_gray_ff_reg[5]} {design_1_i/audio/i2s_transmitter/inst/I2S_TX_V1_0_SYS_INST/AXIS_FIFO_INST/xpm_fifo_async_inst/gnuram_async_fifo.xpm_fifo_base_inst/gen_cdc_pntr.wr_pntr_cdc_inst/src_gray_ff_reg[6]}]] -to [get_cells [list {design_1_i/audio/i2s_transmitter/inst/I2S_TX_V1_0_SYS_INST/AXIS_FIFO_INST/xpm_fifo_async_inst/gnuram_async_fifo.xpm_fifo_base_inst/gen_cdc_pntr.wr_pntr_cdc_inst/dest_graysync_ff_reg[0][0]} {design_1_i/audio/i2s_transmitter/inst/I2S_TX_V1_0_SYS_INST/AXIS_FIFO_INST/xpm_fifo_async_inst/gnuram_async_fifo.xpm_fifo_base_inst/gen_cdc_pntr.wr_pntr_cdc_inst/dest_graysync_ff_reg[0][1]} {design_1_i/audio/i2s_transmitter/inst/I2S_TX_V1_0_SYS_INST/AXIS_FIFO_INST/xpm_fifo_async_inst/gnuram_async_fifo.xpm_fifo_base_inst/gen_cdc_pntr.wr_pntr_cdc_inst/dest_graysync_ff_reg[0][2]} {design_1_i/audio/i2s_transmitter/inst/I2S_TX_V1_0_SYS_INST/AXIS_FIFO_INST/xpm_fifo_async_inst/gnuram_async_fifo.xpm_fifo_base_inst/gen_cdc_pntr.wr_pntr_cdc_inst/dest_graysync_ff_reg[0][3]} {design_1_i/audio/i2s_transmitter/inst/I2S_TX_V1_0_SYS_INST/AXIS_FIFO_INST/xpm_fifo_async_inst/gnuram_async_fifo.xpm_fifo_base_inst/gen_cdc_pntr.wr_pntr_cdc_inst/dest_graysync_ff_reg[0][4]} {design_1_i/audio/i2s_transmitter/inst/I2S_TX_V1_0_SYS_INST/AXIS_FIFO_INST/xpm_fifo_async_inst/gnuram_async_fifo.xpm_fifo_base_inst/gen_cdc_pntr.wr_pntr_cdc_inst/dest_graysync_ff_reg[0][5]} {design_1_i/audio/i2s_transmitter/inst/I2S_TX_V1_0_SYS_INST/AXIS_FIFO_INST/xpm_fifo_async_inst/gnuram_async_fifo.xpm_fifo_base_inst/gen_cdc_pntr.wr_pntr_cdc_inst/dest_graysync_ff_reg[0][6]}]] 10.000
Requirement: 10.000ns
Endpoints: 7

From Clock            To Clock              Endpoint Pin                    Reference Pin                   Corner  Actual(ns)  Slack(ns)
--------------------  --------------------  ------------------------------  ------------------------------  ------  ----------  ---------
clk_fpga_0            mlck_design_1_clk_wiz_0_0
                                            design_1_i/audio/i2s_transmitter/inst/I2S_TX_V1_0_SYS_INST/AXIS_FIFO_INST/xpm_fifo_async_inst/gnuram_async_fifo.xpm_fifo_base_inst/gen_cdc_pntr.wr_pntr_cdc_inst/dest_graysync_ff_reg[0][3]/D
                                                                            design_1_i/audio/i2s_transmitter/inst/I2S_TX_V1_0_SYS_INST/AXIS_FIFO_INST/xpm_fifo_async_inst/gnuram_async_fifo.xpm_fifo_base_inst/gen_cdc_pntr.wr_pntr_cdc_inst/dest_graysync_ff_reg[0][4]/D
                                                                                                            Slow         0.677      9.323


Slack (MET) :             9.323ns  (requirement - actual skew)
  Endpoint Source:        design_1_i/audio/i2s_transmitter/inst/I2S_TX_V1_0_SYS_INST/AXIS_FIFO_INST/xpm_fifo_async_inst/gnuram_async_fifo.xpm_fifo_base_inst/gen_cdc_pntr.wr_pntr_cdc_inst/src_gray_ff_reg[3]/C
                            (rising edge-triggered cell FDRE clocked by clk_fpga_0)
  Endpoint Destination:   design_1_i/audio/i2s_transmitter/inst/I2S_TX_V1_0_SYS_INST/AXIS_FIFO_INST/xpm_fifo_async_inst/gnuram_async_fifo.xpm_fifo_base_inst/gen_cdc_pntr.wr_pntr_cdc_inst/dest_graysync_ff_reg[0][3]/D
                            (rising edge-triggered cell FDRE clocked by mlck_design_1_clk_wiz_0_0)
  Reference Source:       design_1_i/audio/i2s_transmitter/inst/I2S_TX_V1_0_SYS_INST/AXIS_FIFO_INST/xpm_fifo_async_inst/gnuram_async_fifo.xpm_fifo_base_inst/gen_cdc_pntr.wr_pntr_cdc_inst/src_gray_ff_reg[4]/C
                            (rising edge-triggered cell FDRE clocked by clk_fpga_0)
  Reference Destination:  design_1_i/audio/i2s_transmitter/inst/I2S_TX_V1_0_SYS_INST/AXIS_FIFO_INST/xpm_fifo_async_inst/gnuram_async_fifo.xpm_fifo_base_inst/gen_cdc_pntr.wr_pntr_cdc_inst/dest_graysync_ff_reg[0][4]/D
                            (rising edge-triggered cell FDRE clocked by mlck_design_1_clk_wiz_0_0)
  Path Type:              Bus Skew (Max at Slow Process Corner)
  Requirement:            10.000ns
  Endpoint Relative Delay:   -1.692ns
  Reference Relative Delay:  -2.938ns
  Relative CRPR:              0.568ns
  Actual Bus Skew:            0.677ns  (Endpoint Relative Delay - Reference Relative Delay - Relative CRPR)

Endpoint path:
    Location             Delay type                Incr(ns)  Path(ns)    Netlist Resource(s)
  -------------------------------------------------------------------    -------------------
                         (clock clk_fpga_0 rise edge)
                                                      0.000     0.000 r  
    PS7_X0Y0             PS7                          0.000     0.000 r  design_1_i/processing_system7_0/inst/PS7_i/FCLKCLK[0]
                         net (fo=1, routed)           0.994     0.994    design_1_i/processing_system7_0/inst/FCLK_CLK_unbuffered[0]
    BUFGCTRL_X0Y17       BUFG (Prop_bufg_I_O)         0.085     1.079 r  design_1_i/processing_system7_0/inst/buffer_fclk_clk_0.FCLK_CLK_0_BUFG/O
                         net (fo=14268, routed)       1.432     2.511    design_1_i/audio/i2s_transmitter/inst/I2S_TX_V1_0_SYS_INST/AXIS_FIFO_INST/xpm_fifo_async_inst/gnuram_async_fifo.xpm_fifo_base_inst/gen_cdc_pntr.wr_pntr_cdc_inst/src_clk
    SLICE_X60Y69         FDRE                                         r  design_1_i/audio/i2s_transmitter/inst/I2S_TX_V1_0_SYS_INST/AXIS_FIFO_INST/xpm_fifo_async_inst/gnuram_async_fifo.xpm_fifo_base_inst/gen_cdc_pntr.wr_pntr_cdc_inst/src_gray_ff_reg[3]/C
  -------------------------------------------------------------------    -------------------
    SLICE_X60Y69         FDRE (Prop_fdre_C_Q)         0.348     2.859 r  design_1_i/audio/i2s_transmitter/inst/I2S_TX_V1_0_SYS_INST/AXIS_FIFO_INST/xpm_fifo_async_inst/gnuram_async_fifo.xpm_fifo_base_inst/gen_cdc_pntr.wr_pntr_cdc_inst/src_gray_ff_reg[3]/Q
                         net (fo=1, routed)           0.533     3.392    design_1_i/audio/i2s_transmitter/inst/I2S_TX_V1_0_SYS_INST/AXIS_FIFO_INST/xpm_fifo_async_inst/gnuram_async_fifo.xpm_fifo_base_inst/gen_cdc_pntr.wr_pntr_cdc_inst/async_path[3]
    SLICE_X64Y67         FDRE                                         r  design_1_i/audio/i2s_transmitter/inst/I2S_TX_V1_0_SYS_INST/AXIS_FIFO_INST/xpm_fifo_async_inst/gnuram_async_fifo.xpm_fifo_base_inst/gen_cdc_pntr.wr_pntr_cdc_inst/dest_graysync_ff_reg[0][3]/D
  -------------------------------------------------------------------    -------------------

                         (clock mlck_design_1_clk_wiz_0_0 rise edge)
                                                      0.000     0.000 r  
    PS7_X0Y0             PS7                          0.000     0.000 r  design_1_i/processing_system7_0/inst/PS7_i/FCLKCLK[0]
                         net (fo=1, routed)           0.905     0.905    design_1_i/processing_system7_0/inst/FCLK_CLK_unbuffered[0]
    BUFGCTRL_X0Y17       BUFG (Prop_bufg_I_O)         0.077     0.982 r  design_1_i/processing_system7_0/inst/buffer_fclk_clk_0.FCLK_CLK_0_BUFG/O
                         net (fo=14268, routed)       1.350     2.332    design_1_i/clk_wiz_0/inst/CLK_CORE_DRP_I/clk_inst/s_axi_aclk
    MMCME2_ADV_X0Y0      MMCME2_ADV (Prop_mmcme2_adv_CLKIN1_CLKOUT0)
                                                      0.073     2.405 r  design_1_i/clk_wiz_0/inst/CLK_CORE_DRP_I/clk_inst/mmcm_adv_inst/CLKOUT0
                         net (fo=1, routed)           1.426     3.832    design_1_i/clk_wiz_0/inst/CLK_CORE_DRP_I/clk_inst/mlck_design_1_clk_wiz_0_0
    BUFGCTRL_X0Y1        BUFG (Prop_bufg_I_O)         0.077     3.909 r  design_1_i/clk_wiz_0/inst/CLK_CORE_DRP_I/clk_inst/clkout1_buf/O
                         net (fo=673, routed)         1.284     5.193    design_1_i/audio/i2s_transmitter/inst/I2S_TX_V1_0_SYS_INST/AXIS_FIFO_INST/xpm_fifo_async_inst/gnuram_async_fifo.xpm_fifo_base_inst/gen_cdc_pntr.wr_pntr_cdc_inst/dest_clk
    SLICE_X64Y67         FDRE                                         r  design_1_i/audio/i2s_transmitter/inst/I2S_TX_V1_0_SYS_INST/AXIS_FIFO_INST/xpm_fifo_async_inst/gnuram_async_fifo.xpm_fifo_base_inst/gen_cdc_pntr.wr_pntr_cdc_inst/dest_graysync_ff_reg[0][3]/C
                         clock pessimism              0.097     5.289    
    SLICE_X64Y67         FDRE (Setup_fdre_C_D)       -0.206     5.083    design_1_i/audio/i2s_transmitter/inst/I2S_TX_V1_0_SYS_INST/AXIS_FIFO_INST/xpm_fifo_async_inst/gnuram_async_fifo.xpm_fifo_base_inst/gen_cdc_pntr.wr_pntr_cdc_inst/dest_graysync_ff_reg[0][3]
  -------------------------------------------------------------------
                         data arrival                           3.392    
                         clock arrival                          5.083    
  -------------------------------------------------------------------
                         relative delay                        -1.692    

Reference path:
    Location             Delay type                Incr(ns)  Path(ns)    Netlist Resource(s)
  -------------------------------------------------------------------    -------------------
                         (clock clk_fpga_0 rise edge)
                                                      0.000     0.000 r  
    PS7_X0Y0             PS7                          0.000     0.000 r  design_1_i/processing_system7_0/inst/PS7_i/FCLKCLK[0]
                         net (fo=1, routed)           0.905     0.905    design_1_i/processing_system7_0/inst/FCLK_CLK_unbuffered[0]
    BUFGCTRL_X0Y17       BUFG (Prop_bufg_I_O)         0.077     0.982 r  design_1_i/processing_system7_0/inst/buffer_fclk_clk_0.FCLK_CLK_0_BUFG/O
                         net (fo=14268, routed)       1.277     2.260    design_1_i/audio/i2s_transmitter/inst/I2S_TX_V1_0_SYS_INST/AXIS_FIFO_INST/xpm_fifo_async_inst/gnuram_async_fifo.xpm_fifo_base_inst/gen_cdc_pntr.wr_pntr_cdc_inst/src_clk
    SLICE_X60Y69         FDRE                                         r  design_1_i/audio/i2s_transmitter/inst/I2S_TX_V1_0_SYS_INST/AXIS_FIFO_INST/xpm_fifo_async_inst/gnuram_async_fifo.xpm_fifo_base_inst/gen_cdc_pntr.wr_pntr_cdc_inst/src_gray_ff_reg[4]/C
  -------------------------------------------------------------------    -------------------
    SLICE_X60Y69         FDRE (Prop_fdre_C_Q)         0.304     2.564 r  design_1_i/audio/i2s_transmitter/inst/I2S_TX_V1_0_SYS_INST/AXIS_FIFO_INST/xpm_fifo_async_inst/gnuram_async_fifo.xpm_fifo_base_inst/gen_cdc_pntr.wr_pntr_cdc_inst/src_gray_ff_reg[4]/Q
                         net (fo=1, routed)           0.298     2.862    design_1_i/audio/i2s_transmitter/inst/I2S_TX_V1_0_SYS_INST/AXIS_FIFO_INST/xpm_fifo_async_inst/gnuram_async_fifo.xpm_fifo_base_inst/gen_cdc_pntr.wr_pntr_cdc_inst/async_path[4]
    SLICE_X60Y68         FDRE                                         r  design_1_i/audio/i2s_transmitter/inst/I2S_TX_V1_0_SYS_INST/AXIS_FIFO_INST/xpm_fifo_async_inst/gnuram_async_fifo.xpm_fifo_base_inst/gen_cdc_pntr.wr_pntr_cdc_inst/dest_graysync_ff_reg[0][4]/D
  -------------------------------------------------------------------    -------------------

                         (clock mlck_design_1_clk_wiz_0_0 rise edge)
                                                      0.000     0.000 r  
    PS7_X0Y0             PS7                          0.000     0.000 r  design_1_i/processing_system7_0/inst/PS7_i/FCLKCLK[0]
                         net (fo=1, routed)           0.994     0.994    design_1_i/processing_system7_0/inst/FCLK_CLK_unbuffered[0]
    BUFGCTRL_X0Y17       BUFG (Prop_bufg_I_O)         0.085     1.079 r  design_1_i/processing_system7_0/inst/buffer_fclk_clk_0.FCLK_CLK_0_BUFG/O
                         net (fo=14268, routed)       1.515     2.594    design_1_i/clk_wiz_0/inst/CLK_CORE_DRP_I/clk_inst/s_axi_aclk
    MMCME2_ADV_X0Y0      MMCME2_ADV (Prop_mmcme2_adv_CLKIN1_CLKOUT0)
                                                      0.077     2.671 r  design_1_i/clk_wiz_0/inst/CLK_CORE_DRP_I/clk_inst/mmcm_adv_inst/CLKOUT0
                         net (fo=1, routed)           1.567     4.238    design_1_i/clk_wiz_0/inst/CLK_CORE_DRP_I/clk_inst/mlck_design_1_clk_wiz_0_0
    BUFGCTRL_X0Y1        BUFG (Prop_bufg_I_O)         0.085     4.323 r  design_1_i/clk_wiz_0/inst/CLK_CORE_DRP_I/clk_inst/clkout1_buf/O
                         net (fo=673, routed)         1.435     5.758    design_1_i/audio/i2s_transmitter/inst/I2S_TX_V1_0_SYS_INST/AXIS_FIFO_INST/xpm_fifo_async_inst/gnuram_async_fifo.xpm_fifo_base_inst/gen_cdc_pntr.wr_pntr_cdc_inst/dest_clk
    SLICE_X60Y68         FDRE                                         r  design_1_i/audio/i2s_transmitter/inst/I2S_TX_V1_0_SYS_INST/AXIS_FIFO_INST/xpm_fifo_async_inst/gnuram_async_fifo.xpm_fifo_base_inst/gen_cdc_pntr.wr_pntr_cdc_inst/dest_graysync_ff_reg[0][4]/C
                         clock pessimism             -0.097     5.661    
    SLICE_X60Y68         FDRE (Hold_fdre_C_D)         0.138     5.799    design_1_i/audio/i2s_transmitter/inst/I2S_TX_V1_0_SYS_INST/AXIS_FIFO_INST/xpm_fifo_async_inst/gnuram_async_fifo.xpm_fifo_base_inst/gen_cdc_pntr.wr_pntr_cdc_inst/dest_graysync_ff_reg[0][4]
  -------------------------------------------------------------------
                         data arrival                           2.862    
                         clock arrival                          5.799    
  -------------------------------------------------------------------
                         relative delay                        -2.938    



Id: 3
set_bus_skew -from [get_cells [list {design_1_i/audio/i2s_transmitter/inst/I2S_TX_V1_0_SYS_INST/AXIS_FIFO_INST/xpm_fifo_async_inst/gnuram_async_fifo.xpm_fifo_base_inst/gen_cdc_pntr.rd_pntr_cdc_inst/src_gray_ff_reg[0]} {design_1_i/audio/i2s_transmitter/inst/I2S_TX_V1_0_SYS_INST/AXIS_FIFO_INST/xpm_fifo_async_inst/gnuram_async_fifo.xpm_fifo_base_inst/gen_cdc_pntr.rd_pntr_cdc_inst/src_gray_ff_reg[1]} {design_1_i/audio/i2s_transmitter/inst/I2S_TX_V1_0_SYS_INST/AXIS_FIFO_INST/xpm_fifo_async_inst/gnuram_async_fifo.xpm_fifo_base_inst/gen_cdc_pntr.rd_pntr_cdc_inst/src_gray_ff_reg[2]} {design_1_i/audio/i2s_transmitter/inst/I2S_TX_V1_0_SYS_INST/AXIS_FIFO_INST/xpm_fifo_async_inst/gnuram_async_fifo.xpm_fifo_base_inst/gen_cdc_pntr.rd_pntr_cdc_inst/src_gray_ff_reg[3]} {design_1_i/audio/i2s_transmitter/inst/I2S_TX_V1_0_SYS_INST/AXIS_FIFO_INST/xpm_fifo_async_inst/gnuram_async_fifo.xpm_fifo_base_inst/gen_cdc_pntr.rd_pntr_cdc_inst/src_gray_ff_reg[4]} {design_1_i/audio/i2s_transmitter/inst/I2S_TX_V1_0_SYS_INST/AXIS_FIFO_INST/xpm_fifo_async_inst/gnuram_async_fifo.xpm_fifo_base_inst/gen_cdc_pntr.rd_pntr_cdc_inst/src_gray_ff_reg[5]} {design_1_i/audio/i2s_transmitter/inst/I2S_TX_V1_0_SYS_INST/AXIS_FIFO_INST/xpm_fifo_async_inst/gnuram_async_fifo.xpm_fifo_base_inst/gen_cdc_pntr.rd_pntr_cdc_inst/src_gray_ff_reg[6]}]] -to [get_cells [list {design_1_i/audio/i2s_transmitter/inst/I2S_TX_V1_0_SYS_INST/AXIS_FIFO_INST/xpm_fifo_async_inst/gnuram_async_fifo.xpm_fifo_base_inst/gen_cdc_pntr.rd_pntr_cdc_inst/dest_graysync_ff_reg[0][0]} {design_1_i/audio/i2s_transmitter/inst/I2S_TX_V1_0_SYS_INST/AXIS_FIFO_INST/xpm_fifo_async_inst/gnuram_async_fifo.xpm_fifo_base_inst/gen_cdc_pntr.rd_pntr_cdc_inst/dest_graysync_ff_reg[0][1]} {design_1_i/audio/i2s_transmitter/inst/I2S_TX_V1_0_SYS_INST/AXIS_FIFO_INST/xpm_fifo_async_inst/gnuram_async_fifo.xpm_fifo_base_inst/gen_cdc_pntr.rd_pntr_cdc_inst/dest_graysync_ff_reg[0][2]} {design_1_i/audio/i2s_transmitter/inst/I2S_TX_V1_0_SYS_INST/AXIS_FIFO_INST/xpm_fifo_async_inst/gnuram_async_fifo.xpm_fifo_base_inst/gen_cdc_pntr.rd_pntr_cdc_inst/dest_graysync_ff_reg[0][3]} {design_1_i/audio/i2s_transmitter/inst/I2S_TX_V1_0_SYS_INST/AXIS_FIFO_INST/xpm_fifo_async_inst/gnuram_async_fifo.xpm_fifo_base_inst/gen_cdc_pntr.rd_pntr_cdc_inst/dest_graysync_ff_reg[0][4]} {design_1_i/audio/i2s_transmitter/inst/I2S_TX_V1_0_SYS_INST/AXIS_FIFO_INST/xpm_fifo_async_inst/gnuram_async_fifo.xpm_fifo_base_inst/gen_cdc_pntr.rd_pntr_cdc_inst/dest_graysync_ff_reg[0][5]} {design_1_i/audio/i2s_transmitter/inst/I2S_TX_V1_0_SYS_INST/AXIS_FIFO_INST/xpm_fifo_async_inst/gnuram_async_fifo.xpm_fifo_base_inst/gen_cdc_pntr.rd_pntr_cdc_inst/dest_graysync_ff_reg[0][6]}]] 10.000
Requirement: 10.000ns
Endpoints: 7

From Clock            To Clock              Endpoint Pin                    Reference Pin                   Corner  Actual(ns)  Slack(ns)
--------------------  --------------------  ------------------------------  ------------------------------  ------  ----------  ---------
mlck_design_1_clk_wiz_0_0
                      clk_fpga_0            design_1_i/audio/i2s_transmitter/inst/I2S_TX_V1_0_SYS_INST/AXIS_FIFO_INST/xpm_fifo_async_inst/gnuram_async_fifo.xpm_fifo_base_inst/gen_cdc_pntr.rd_pntr_cdc_inst/dest_graysync_ff_reg[0][0]/D
                                                                            design_1_i/audio/i2s_transmitter/inst/I2S_TX_V1_0_SYS_INST/AXIS_FIFO_INST/xpm_fifo_async_inst/gnuram_async_fifo.xpm_fifo_base_inst/gen_cdc_pntr.rd_pntr_cdc_inst/dest_graysync_ff_reg[0][2]/D
                                                                                                            Slow         0.759      9.241


Slack (MET) :             9.241ns  (requirement - actual skew)
  Endpoint Source:        design_1_i/audio/i2s_transmitter/inst/I2S_TX_V1_0_SYS_INST/AXIS_FIFO_INST/xpm_fifo_async_inst/gnuram_async_fifo.xpm_fifo_base_inst/gen_cdc_pntr.rd_pntr_cdc_inst/src_gray_ff_reg[0]/C
                            (rising edge-triggered cell FDRE clocked by mlck_design_1_clk_wiz_0_0)
  Endpoint Destination:   design_1_i/audio/i2s_transmitter/inst/I2S_TX_V1_0_SYS_INST/AXIS_FIFO_INST/xpm_fifo_async_inst/gnuram_async_fifo.xpm_fifo_base_inst/gen_cdc_pntr.rd_pntr_cdc_inst/dest_graysync_ff_reg[0][0]/D
                            (rising edge-triggered cell FDRE clocked by clk_fpga_0)
  Reference Source:       design_1_i/audio/i2s_transmitter/inst/I2S_TX_V1_0_SYS_INST/AXIS_FIFO_INST/xpm_fifo_async_inst/gnuram_async_fifo.xpm_fifo_base_inst/gen_cdc_pntr.rd_pntr_cdc_inst/src_gray_ff_reg[2]/C
                            (rising edge-triggered cell FDRE clocked by mlck_design_1_clk_wiz_0_0)
  Reference Destination:  design_1_i/audio/i2s_transmitter/inst/I2S_TX_V1_0_SYS_INST/AXIS_FIFO_INST/xpm_fifo_async_inst/gnuram_async_fifo.xpm_fifo_base_inst/gen_cdc_pntr.rd_pntr_cdc_inst/dest_graysync_ff_reg[0][2]/D
                            (rising edge-triggered cell FDRE clocked by clk_fpga_0)
  Path Type:              Bus Skew (Max at Slow Process Corner)
  Requirement:            10.000ns
  Endpoint Relative Delay:    4.569ns
  Reference Relative Delay:   3.208ns
  Relative CRPR:              0.602ns
  Actual Bus Skew:            0.759ns  (Endpoint Relative Delay - Reference Relative Delay - Relative CRPR)

Endpoint path:
    Location             Delay type                Incr(ns)  Path(ns)    Netlist Resource(s)
  -------------------------------------------------------------------    -------------------
                         (clock mlck_design_1_clk_wiz_0_0 rise edge)
                                                      0.000     0.000 r  
    PS7_X0Y0             PS7                          0.000     0.000 r  design_1_i/processing_system7_0/inst/PS7_i/FCLKCLK[0]
                         net (fo=1, routed)           0.994     0.994    design_1_i/processing_system7_0/inst/FCLK_CLK_unbuffered[0]
    BUFGCTRL_X0Y17       BUFG (Prop_bufg_I_O)         0.085     1.079 r  design_1_i/processing_system7_0/inst/buffer_fclk_clk_0.FCLK_CLK_0_BUFG/O
                         net (fo=14268, routed)       1.515     2.594    design_1_i/clk_wiz_0/inst/CLK_CORE_DRP_I/clk_inst/s_axi_aclk
    MMCME2_ADV_X0Y0      MMCME2_ADV (Prop_mmcme2_adv_CLKIN1_CLKOUT0)
                                                      0.077     2.671 r  design_1_i/clk_wiz_0/inst/CLK_CORE_DRP_I/clk_inst/mmcm_adv_inst/CLKOUT0
                         net (fo=1, routed)           1.567     4.238    design_1_i/clk_wiz_0/inst/CLK_CORE_DRP_I/clk_inst/mlck_design_1_clk_wiz_0_0
    BUFGCTRL_X0Y1        BUFG (Prop_bufg_I_O)         0.085     4.323 r  design_1_i/clk_wiz_0/inst/CLK_CORE_DRP_I/clk_inst/clkout1_buf/O
                         net (fo=673, routed)         1.437     5.760    design_1_i/audio/i2s_transmitter/inst/I2S_TX_V1_0_SYS_INST/AXIS_FIFO_INST/xpm_fifo_async_inst/gnuram_async_fifo.xpm_fifo_base_inst/gen_cdc_pntr.rd_pntr_cdc_inst/src_clk
    SLICE_X61Y66         FDRE                                         r  design_1_i/audio/i2s_transmitter/inst/I2S_TX_V1_0_SYS_INST/AXIS_FIFO_INST/xpm_fifo_async_inst/gnuram_async_fifo.xpm_fifo_base_inst/gen_cdc_pntr.rd_pntr_cdc_inst/src_gray_ff_reg[0]/C
  -------------------------------------------------------------------    -------------------
    SLICE_X61Y66         FDRE (Prop_fdre_C_Q)         0.379     6.139 r  design_1_i/audio/i2s_transmitter/inst/I2S_TX_V1_0_SYS_INST/AXIS_FIFO_INST/xpm_fifo_async_inst/gnuram_async_fifo.xpm_fifo_base_inst/gen_cdc_pntr.rd_pntr_cdc_inst/src_gray_ff_reg[0]/Q
                         net (fo=1, routed)           0.714     6.853    design_1_i/audio/i2s_transmitter/inst/I2S_TX_V1_0_SYS_INST/AXIS_FIFO_INST/xpm_fifo_async_inst/gnuram_async_fifo.xpm_fifo_base_inst/gen_cdc_pntr.rd_pntr_cdc_inst/async_path[0]
    SLICE_X60Y65         FDRE                                         r  design_1_i/audio/i2s_transmitter/inst/I2S_TX_V1_0_SYS_INST/AXIS_FIFO_INST/xpm_fifo_async_inst/gnuram_async_fifo.xpm_fifo_base_inst/gen_cdc_pntr.rd_pntr_cdc_inst/dest_graysync_ff_reg[0][0]/D
  -------------------------------------------------------------------    -------------------

                         (clock clk_fpga_0 rise edge)
                                                      0.000     0.000 r  
    PS7_X0Y0             PS7                          0.000     0.000 r  design_1_i/processing_system7_0/inst/PS7_i/FCLKCLK[0]
                         net (fo=1, routed)           0.905     0.905    design_1_i/processing_system7_0/inst/FCLK_CLK_unbuffered[0]
    BUFGCTRL_X0Y17       BUFG (Prop_bufg_I_O)         0.077     0.982 r  design_1_i/processing_system7_0/inst/buffer_fclk_clk_0.FCLK_CLK_0_BUFG/O
                         net (fo=14268, routed)       1.280     2.263    design_1_i/audio/i2s_transmitter/inst/I2S_TX_V1_0_SYS_INST/AXIS_FIFO_INST/xpm_fifo_async_inst/gnuram_async_fifo.xpm_fifo_base_inst/gen_cdc_pntr.rd_pntr_cdc_inst/dest_clk
    SLICE_X60Y65         FDRE                                         r  design_1_i/audio/i2s_transmitter/inst/I2S_TX_V1_0_SYS_INST/AXIS_FIFO_INST/xpm_fifo_async_inst/gnuram_async_fifo.xpm_fifo_base_inst/gen_cdc_pntr.rd_pntr_cdc_inst/dest_graysync_ff_reg[0][0]/C
                         clock pessimism              0.097     2.359    
    SLICE_X60Y65         FDRE (Setup_fdre_C_D)       -0.075     2.284    design_1_i/audio/i2s_transmitter/inst/I2S_TX_V1_0_SYS_INST/AXIS_FIFO_INST/xpm_fifo_async_inst/gnuram_async_fifo.xpm_fifo_base_inst/gen_cdc_pntr.rd_pntr_cdc_inst/dest_graysync_ff_reg[0][0]
  -------------------------------------------------------------------
                         data arrival                           6.853    
                         clock arrival                          2.284    
  -------------------------------------------------------------------
                         relative delay                         4.569    

Reference path:
    Location             Delay type                Incr(ns)  Path(ns)    Netlist Resource(s)
  -------------------------------------------------------------------    -------------------
                         (clock mlck_design_1_clk_wiz_0_0 rise edge)
                                                      0.000     0.000 r  
    PS7_X0Y0             PS7                          0.000     0.000 r  design_1_i/processing_system7_0/inst/PS7_i/FCLKCLK[0]
                         net (fo=1, routed)           0.905     0.905    design_1_i/processing_system7_0/inst/FCLK_CLK_unbuffered[0]
    BUFGCTRL_X0Y17       BUFG (Prop_bufg_I_O)         0.077     0.982 r  design_1_i/processing_system7_0/inst/buffer_fclk_clk_0.FCLK_CLK_0_BUFG/O
                         net (fo=14268, routed)       1.350     2.332    design_1_i/clk_wiz_0/inst/CLK_CORE_DRP_I/clk_inst/s_axi_aclk
    MMCME2_ADV_X0Y0      MMCME2_ADV (Prop_mmcme2_adv_CLKIN1_CLKOUT0)
                                                      0.073     2.405 r  design_1_i/clk_wiz_0/inst/CLK_CORE_DRP_I/clk_inst/mmcm_adv_inst/CLKOUT0
                         net (fo=1, routed)           1.426     3.832    design_1_i/clk_wiz_0/inst/CLK_CORE_DRP_I/clk_inst/mlck_design_1_clk_wiz_0_0
    BUFGCTRL_X0Y1        BUFG (Prop_bufg_I_O)         0.077     3.909 r  design_1_i/clk_wiz_0/inst/CLK_CORE_DRP_I/clk_inst/clkout1_buf/O
                         net (fo=673, routed)         1.282     5.191    design_1_i/audio/i2s_transmitter/inst/I2S_TX_V1_0_SYS_INST/AXIS_FIFO_INST/xpm_fifo_async_inst/gnuram_async_fifo.xpm_fifo_base_inst/gen_cdc_pntr.rd_pntr_cdc_inst/src_clk
    SLICE_X61Y66         FDRE                                         r  design_1_i/audio/i2s_transmitter/inst/I2S_TX_V1_0_SYS_INST/AXIS_FIFO_INST/xpm_fifo_async_inst/gnuram_async_fifo.xpm_fifo_base_inst/gen_cdc_pntr.rd_pntr_cdc_inst/src_gray_ff_reg[2]/C
  -------------------------------------------------------------------    -------------------
    SLICE_X61Y66         FDRE (Prop_fdre_C_Q)         0.304     5.495 r  design_1_i/audio/i2s_transmitter/inst/I2S_TX_V1_0_SYS_INST/AXIS_FIFO_INST/xpm_fifo_async_inst/gnuram_async_fifo.xpm_fifo_base_inst/gen_cdc_pntr.rd_pntr_cdc_inst/src_gray_ff_reg[2]/Q
                         net (fo=1, routed)           0.317     5.812    design_1_i/audio/i2s_transmitter/inst/I2S_TX_V1_0_SYS_INST/AXIS_FIFO_INST/xpm_fifo_async_inst/gnuram_async_fifo.xpm_fifo_base_inst/gen_cdc_pntr.rd_pntr_cdc_inst/async_path[2]
    SLICE_X62Y66         FDRE                                         r  design_1_i/audio/i2s_transmitter/inst/I2S_TX_V1_0_SYS_INST/AXIS_FIFO_INST/xpm_fifo_async_inst/gnuram_async_fifo.xpm_fifo_base_inst/gen_cdc_pntr.rd_pntr_cdc_inst/dest_graysync_ff_reg[0][2]/D
  -------------------------------------------------------------------    -------------------

                         (clock clk_fpga_0 rise edge)
                                                      0.000     0.000 r  
    PS7_X0Y0             PS7                          0.000     0.000 r  design_1_i/processing_system7_0/inst/PS7_i/FCLKCLK[0]
                         net (fo=1, routed)           0.994     0.994    design_1_i/processing_system7_0/inst/FCLK_CLK_unbuffered[0]
    BUFGCTRL_X0Y17       BUFG (Prop_bufg_I_O)         0.085     1.079 r  design_1_i/processing_system7_0/inst/buffer_fclk_clk_0.FCLK_CLK_0_BUFG/O
                         net (fo=14268, routed)       1.435     2.514    design_1_i/audio/i2s_transmitter/inst/I2S_TX_V1_0_SYS_INST/AXIS_FIFO_INST/xpm_fifo_async_inst/gnuram_async_fifo.xpm_fifo_base_inst/gen_cdc_pntr.rd_pntr_cdc_inst/dest_clk
    SLICE_X62Y66         FDRE                                         r  design_1_i/audio/i2s_transmitter/inst/I2S_TX_V1_0_SYS_INST/AXIS_FIFO_INST/xpm_fifo_async_inst/gnuram_async_fifo.xpm_fifo_base_inst/gen_cdc_pntr.rd_pntr_cdc_inst/dest_graysync_ff_reg[0][2]/C
                         clock pessimism             -0.097     2.418    
    SLICE_X62Y66         FDRE (Hold_fdre_C_D)         0.187     2.605    design_1_i/audio/i2s_transmitter/inst/I2S_TX_V1_0_SYS_INST/AXIS_FIFO_INST/xpm_fifo_async_inst/gnuram_async_fifo.xpm_fifo_base_inst/gen_cdc_pntr.rd_pntr_cdc_inst/dest_graysync_ff_reg[0][2]
  -------------------------------------------------------------------
                         data arrival                           5.812    
                         clock arrival                          2.605    
  -------------------------------------------------------------------
                         relative delay                         3.208    



Id: 4
set_bus_skew -from [get_cells [list {design_1_i/audio/i2s_receiver/inst/I2S_RX_V1_0_SYS_INST/AXIS_FIFO_INST/xpm_fifo_async_inst/gnuram_async_fifo.xpm_fifo_base_inst/gen_cdc_pntr.wr_pntr_cdc_inst/src_gray_ff_reg[0]} {design_1_i/audio/i2s_receiver/inst/I2S_RX_V1_0_SYS_INST/AXIS_FIFO_INST/xpm_fifo_async_inst/gnuram_async_fifo.xpm_fifo_base_inst/gen_cdc_pntr.wr_pntr_cdc_inst/src_gray_ff_reg[1]} {design_1_i/audio/i2s_receiver/inst/I2S_RX_V1_0_SYS_INST/AXIS_FIFO_INST/xpm_fifo_async_inst/gnuram_async_fifo.xpm_fifo_base_inst/gen_cdc_pntr.wr_pntr_cdc_inst/src_gray_ff_reg[2]} {design_1_i/audio/i2s_receiver/inst/I2S_RX_V1_0_SYS_INST/AXIS_FIFO_INST/xpm_fifo_async_inst/gnuram_async_fifo.xpm_fifo_base_inst/gen_cdc_pntr.wr_pntr_cdc_inst/src_gray_ff_reg[3]} {design_1_i/audio/i2s_receiver/inst/I2S_RX_V1_0_SYS_INST/AXIS_FIFO_INST/xpm_fifo_async_inst/gnuram_async_fifo.xpm_fifo_base_inst/gen_cdc_pntr.wr_pntr_cdc_inst/src_gray_ff_reg[4]} {design_1_i/audio/i2s_receiver/inst/I2S_RX_V1_0_SYS_INST/AXIS_FIFO_INST/xpm_fifo_async_inst/gnuram_async_fifo.xpm_fifo_base_inst/gen_cdc_pntr.wr_pntr_cdc_inst/src_gray_ff_reg[5]} {design_1_i/audio/i2s_receiver/inst/I2S_RX_V1_0_SYS_INST/AXIS_FIFO_INST/xpm_fifo_async_inst/gnuram_async_fifo.xpm_fifo_base_inst/gen_cdc_pntr.wr_pntr_cdc_inst/src_gray_ff_reg[6]}]] -to [get_cells [list {design_1_i/audio/i2s_receiver/inst/I2S_RX_V1_0_SYS_INST/AXIS_FIFO_INST/xpm_fifo_async_inst/gnuram_async_fifo.xpm_fifo_base_inst/gen_cdc_pntr.wr_pntr_cdc_inst/dest_graysync_ff_reg[0][0]} {design_1_i/audio/i2s_receiver/inst/I2S_RX_V1_0_SYS_INST/AXIS_FIFO_INST/xpm_fifo_async_inst/gnuram_async_fifo.xpm_fifo_base_inst/gen_cdc_pntr.wr_pntr_cdc_inst/dest_graysync_ff_reg[0][1]} {design_1_i/audio/i2s_receiver/inst/I2S_RX_V1_0_SYS_INST/AXIS_FIFO_INST/xpm_fifo_async_inst/gnuram_async_fifo.xpm_fifo_base_inst/gen_cdc_pntr.wr_pntr_cdc_inst/dest_graysync_ff_reg[0][2]} {design_1_i/audio/i2s_receiver/inst/I2S_RX_V1_0_SYS_INST/AXIS_FIFO_INST/xpm_fifo_async_inst/gnuram_async_fifo.xpm_fifo_base_inst/gen_cdc_pntr.wr_pntr_cdc_inst/dest_graysync_ff_reg[0][3]} {design_1_i/audio/i2s_receiver/inst/I2S_RX_V1_0_SYS_INST/AXIS_FIFO_INST/xpm_fifo_async_inst/gnuram_async_fifo.xpm_fifo_base_inst/gen_cdc_pntr.wr_pntr_cdc_inst/dest_graysync_ff_reg[0][4]} {design_1_i/audio/i2s_receiver/inst/I2S_RX_V1_0_SYS_INST/AXIS_FIFO_INST/xpm_fifo_async_inst/gnuram_async_fifo.xpm_fifo_base_inst/gen_cdc_pntr.wr_pntr_cdc_inst/dest_graysync_ff_reg[0][5]} {design_1_i/audio/i2s_receiver/inst/I2S_RX_V1_0_SYS_INST/AXIS_FIFO_INST/xpm_fifo_async_inst/gnuram_async_fifo.xpm_fifo_base_inst/gen_cdc_pntr.wr_pntr_cdc_inst/dest_graysync_ff_reg[0][6]}]] 10.000
Requirement: 10.000ns
Endpoints: 7

From Clock            To Clock              Endpoint Pin                    Reference Pin                   Corner  Actual(ns)  Slack(ns)
--------------------  --------------------  ------------------------------  ------------------------------  ------  ----------  ---------
mlck_design_1_clk_wiz_0_0
                      clk_fpga_0            design_1_i/audio/i2s_receiver/inst/I2S_RX_V1_0_SYS_INST/AXIS_FIFO_INST/xpm_fifo_async_inst/gnuram_async_fifo.xpm_fifo_base_inst/gen_cdc_pntr.wr_pntr_cdc_inst/dest_graysync_ff_reg[0][3]/D
                                                                            design_1_i/audio/i2s_receiver/inst/I2S_RX_V1_0_SYS_INST/AXIS_FIFO_INST/xpm_fifo_async_inst/gnuram_async_fifo.xpm_fifo_base_inst/gen_cdc_pntr.wr_pntr_cdc_inst/dest_graysync_ff_reg[0][0]/D
                                                                                                            Slow         0.699      9.301


Slack (MET) :             9.301ns  (requirement - actual skew)
  Endpoint Source:        design_1_i/audio/i2s_receiver/inst/I2S_RX_V1_0_SYS_INST/AXIS_FIFO_INST/xpm_fifo_async_inst/gnuram_async_fifo.xpm_fifo_base_inst/gen_cdc_pntr.wr_pntr_cdc_inst/src_gray_ff_reg[3]/C
                            (rising edge-triggered cell FDRE clocked by mlck_design_1_clk_wiz_0_0)
  Endpoint Destination:   design_1_i/audio/i2s_receiver/inst/I2S_RX_V1_0_SYS_INST/AXIS_FIFO_INST/xpm_fifo_async_inst/gnuram_async_fifo.xpm_fifo_base_inst/gen_cdc_pntr.wr_pntr_cdc_inst/dest_graysync_ff_reg[0][3]/D
                            (rising edge-triggered cell FDRE clocked by clk_fpga_0)
  Reference Source:       design_1_i/audio/i2s_receiver/inst/I2S_RX_V1_0_SYS_INST/AXIS_FIFO_INST/xpm_fifo_async_inst/gnuram_async_fifo.xpm_fifo_base_inst/gen_cdc_pntr.wr_pntr_cdc_inst/src_gray_ff_reg[0]/C
                            (rising edge-triggered cell FDRE clocked by mlck_design_1_clk_wiz_0_0)
  Reference Destination:  design_1_i/audio/i2s_receiver/inst/I2S_RX_V1_0_SYS_INST/AXIS_FIFO_INST/xpm_fifo_async_inst/gnuram_async_fifo.xpm_fifo_base_inst/gen_cdc_pntr.wr_pntr_cdc_inst/dest_graysync_ff_reg[0][0]/D
                            (rising edge-triggered cell FDRE clocked by clk_fpga_0)
  Path Type:              Bus Skew (Max at Slow Process Corner)
  Requirement:            10.000ns
  Endpoint Relative Delay:    4.510ns
  Reference Relative Delay:   3.209ns
  Relative CRPR:              0.602ns
  Actual Bus Skew:            0.699ns  (Endpoint Relative Delay - Reference Relative Delay - Relative CRPR)

Endpoint path:
    Location             Delay type                Incr(ns)  Path(ns)    Netlist Resource(s)
  -------------------------------------------------------------------    -------------------
                         (clock mlck_design_1_clk_wiz_0_0 rise edge)
                                                      0.000     0.000 r  
    PS7_X0Y0             PS7                          0.000     0.000 r  design_1_i/processing_system7_0/inst/PS7_i/FCLKCLK[0]
                         net (fo=1, routed)           0.994     0.994    design_1_i/processing_system7_0/inst/FCLK_CLK_unbuffered[0]
    BUFGCTRL_X0Y17       BUFG (Prop_bufg_I_O)         0.085     1.079 r  design_1_i/processing_system7_0/inst/buffer_fclk_clk_0.FCLK_CLK_0_BUFG/O
                         net (fo=14268, routed)       1.515     2.594    design_1_i/clk_wiz_0/inst/CLK_CORE_DRP_I/clk_inst/s_axi_aclk
    MMCME2_ADV_X0Y0      MMCME2_ADV (Prop_mmcme2_adv_CLKIN1_CLKOUT0)
                                                      0.077     2.671 r  design_1_i/clk_wiz_0/inst/CLK_CORE_DRP_I/clk_inst/mmcm_adv_inst/CLKOUT0
                         net (fo=1, routed)           1.567     4.238    design_1_i/clk_wiz_0/inst/CLK_CORE_DRP_I/clk_inst/mlck_design_1_clk_wiz_0_0
    BUFGCTRL_X0Y1        BUFG (Prop_bufg_I_O)         0.085     4.323 r  design_1_i/clk_wiz_0/inst/CLK_CORE_DRP_I/clk_inst/clkout1_buf/O
                         net (fo=673, routed)         1.563     5.886    design_1_i/audio/i2s_receiver/inst/I2S_RX_V1_0_SYS_INST/AXIS_FIFO_INST/xpm_fifo_async_inst/gnuram_async_fifo.xpm_fifo_base_inst/gen_cdc_pntr.wr_pntr_cdc_inst/src_clk
    SLICE_X36Y104        FDRE                                         r  design_1_i/audio/i2s_receiver/inst/I2S_RX_V1_0_SYS_INST/AXIS_FIFO_INST/xpm_fifo_async_inst/gnuram_async_fifo.xpm_fifo_base_inst/gen_cdc_pntr.wr_pntr_cdc_inst/src_gray_ff_reg[3]/C
  -------------------------------------------------------------------    -------------------
    SLICE_X36Y104        FDRE (Prop_fdre_C_Q)         0.398     6.284 r  design_1_i/audio/i2s_receiver/inst/I2S_RX_V1_0_SYS_INST/AXIS_FIFO_INST/xpm_fifo_async_inst/gnuram_async_fifo.xpm_fifo_base_inst/gen_cdc_pntr.wr_pntr_cdc_inst/src_gray_ff_reg[3]/Q
                         net (fo=1, routed)           0.496     6.780    design_1_i/audio/i2s_receiver/inst/I2S_RX_V1_0_SYS_INST/AXIS_FIFO_INST/xpm_fifo_async_inst/gnuram_async_fifo.xpm_fifo_base_inst/gen_cdc_pntr.wr_pntr_cdc_inst/async_path[3]
    SLICE_X37Y104        FDRE                                         r  design_1_i/audio/i2s_receiver/inst/I2S_RX_V1_0_SYS_INST/AXIS_FIFO_INST/xpm_fifo_async_inst/gnuram_async_fifo.xpm_fifo_base_inst/gen_cdc_pntr.wr_pntr_cdc_inst/dest_graysync_ff_reg[0][3]/D
  -------------------------------------------------------------------    -------------------

                         (clock clk_fpga_0 rise edge)
                                                      0.000     0.000 r  
    PS7_X0Y0             PS7                          0.000     0.000 r  design_1_i/processing_system7_0/inst/PS7_i/FCLKCLK[0]
                         net (fo=1, routed)           0.905     0.905    design_1_i/processing_system7_0/inst/FCLK_CLK_unbuffered[0]
    BUFGCTRL_X0Y17       BUFG (Prop_bufg_I_O)         0.077     0.982 r  design_1_i/processing_system7_0/inst/buffer_fclk_clk_0.FCLK_CLK_0_BUFG/O
                         net (fo=14268, routed)       1.391     2.373    design_1_i/audio/i2s_receiver/inst/I2S_RX_V1_0_SYS_INST/AXIS_FIFO_INST/xpm_fifo_async_inst/gnuram_async_fifo.xpm_fifo_base_inst/gen_cdc_pntr.wr_pntr_cdc_inst/dest_clk
    SLICE_X37Y104        FDRE                                         r  design_1_i/audio/i2s_receiver/inst/I2S_RX_V1_0_SYS_INST/AXIS_FIFO_INST/xpm_fifo_async_inst/gnuram_async_fifo.xpm_fifo_base_inst/gen_cdc_pntr.wr_pntr_cdc_inst/dest_graysync_ff_reg[0][3]/C
                         clock pessimism              0.097     2.470    
    SLICE_X37Y104        FDRE (Setup_fdre_C_D)       -0.200     2.270    design_1_i/audio/i2s_receiver/inst/I2S_RX_V1_0_SYS_INST/AXIS_FIFO_INST/xpm_fifo_async_inst/gnuram_async_fifo.xpm_fifo_base_inst/gen_cdc_pntr.wr_pntr_cdc_inst/dest_graysync_ff_reg[0][3]
  -------------------------------------------------------------------
                         data arrival                           6.780    
                         clock arrival                          2.270    
  -------------------------------------------------------------------
                         relative delay                         4.510    

Reference path:
    Location             Delay type                Incr(ns)  Path(ns)    Netlist Resource(s)
  -------------------------------------------------------------------    -------------------
                         (clock mlck_design_1_clk_wiz_0_0 rise edge)
                                                      0.000     0.000 r  
    PS7_X0Y0             PS7                          0.000     0.000 r  design_1_i/processing_system7_0/inst/PS7_i/FCLKCLK[0]
                         net (fo=1, routed)           0.905     0.905    design_1_i/processing_system7_0/inst/FCLK_CLK_unbuffered[0]
    BUFGCTRL_X0Y17       BUFG (Prop_bufg_I_O)         0.077     0.982 r  design_1_i/processing_system7_0/inst/buffer_fclk_clk_0.FCLK_CLK_0_BUFG/O
                         net (fo=14268, routed)       1.350     2.332    design_1_i/clk_wiz_0/inst/CLK_CORE_DRP_I/clk_inst/s_axi_aclk
    MMCME2_ADV_X0Y0      MMCME2_ADV (Prop_mmcme2_adv_CLKIN1_CLKOUT0)
                                                      0.073     2.405 r  design_1_i/clk_wiz_0/inst/CLK_CORE_DRP_I/clk_inst/mmcm_adv_inst/CLKOUT0
                         net (fo=1, routed)           1.426     3.832    design_1_i/clk_wiz_0/inst/CLK_CORE_DRP_I/clk_inst/mlck_design_1_clk_wiz_0_0
    BUFGCTRL_X0Y1        BUFG (Prop_bufg_I_O)         0.077     3.909 r  design_1_i/clk_wiz_0/inst/CLK_CORE_DRP_I/clk_inst/clkout1_buf/O
                         net (fo=673, routed)         1.393     5.302    design_1_i/audio/i2s_receiver/inst/I2S_RX_V1_0_SYS_INST/AXIS_FIFO_INST/xpm_fifo_async_inst/gnuram_async_fifo.xpm_fifo_base_inst/gen_cdc_pntr.wr_pntr_cdc_inst/src_clk
    SLICE_X37Y103        FDRE                                         r  design_1_i/audio/i2s_receiver/inst/I2S_RX_V1_0_SYS_INST/AXIS_FIFO_INST/xpm_fifo_async_inst/gnuram_async_fifo.xpm_fifo_base_inst/gen_cdc_pntr.wr_pntr_cdc_inst/src_gray_ff_reg[0]/C
  -------------------------------------------------------------------    -------------------
    SLICE_X37Y103        FDRE (Prop_fdre_C_Q)         0.304     5.606 r  design_1_i/audio/i2s_receiver/inst/I2S_RX_V1_0_SYS_INST/AXIS_FIFO_INST/xpm_fifo_async_inst/gnuram_async_fifo.xpm_fifo_base_inst/gen_cdc_pntr.wr_pntr_cdc_inst/src_gray_ff_reg[0]/Q
                         net (fo=1, routed)           0.282     5.888    design_1_i/audio/i2s_receiver/inst/I2S_RX_V1_0_SYS_INST/AXIS_FIFO_INST/xpm_fifo_async_inst/gnuram_async_fifo.xpm_fifo_base_inst/gen_cdc_pntr.wr_pntr_cdc_inst/async_path[0]
    SLICE_X39Y103        FDRE                                         r  design_1_i/audio/i2s_receiver/inst/I2S_RX_V1_0_SYS_INST/AXIS_FIFO_INST/xpm_fifo_async_inst/gnuram_async_fifo.xpm_fifo_base_inst/gen_cdc_pntr.wr_pntr_cdc_inst/dest_graysync_ff_reg[0][0]/D
  -------------------------------------------------------------------    -------------------

                         (clock clk_fpga_0 rise edge)
                                                      0.000     0.000 r  
    PS7_X0Y0             PS7                          0.000     0.000 r  design_1_i/processing_system7_0/inst/PS7_i/FCLKCLK[0]
                         net (fo=1, routed)           0.994     0.994    design_1_i/processing_system7_0/inst/FCLK_CLK_unbuffered[0]
    BUFGCTRL_X0Y17       BUFG (Prop_bufg_I_O)         0.085     1.079 r  design_1_i/processing_system7_0/inst/buffer_fclk_clk_0.FCLK_CLK_0_BUFG/O
                         net (fo=14268, routed)       1.561     2.640    design_1_i/audio/i2s_receiver/inst/I2S_RX_V1_0_SYS_INST/AXIS_FIFO_INST/xpm_fifo_async_inst/gnuram_async_fifo.xpm_fifo_base_inst/gen_cdc_pntr.wr_pntr_cdc_inst/dest_clk
    SLICE_X39Y103        FDRE                                         r  design_1_i/audio/i2s_receiver/inst/I2S_RX_V1_0_SYS_INST/AXIS_FIFO_INST/xpm_fifo_async_inst/gnuram_async_fifo.xpm_fifo_base_inst/gen_cdc_pntr.wr_pntr_cdc_inst/dest_graysync_ff_reg[0][0]/C
                         clock pessimism             -0.097     2.543    
    SLICE_X39Y103        FDRE (Hold_fdre_C_D)         0.136     2.679    design_1_i/audio/i2s_receiver/inst/I2S_RX_V1_0_SYS_INST/AXIS_FIFO_INST/xpm_fifo_async_inst/gnuram_async_fifo.xpm_fifo_base_inst/gen_cdc_pntr.wr_pntr_cdc_inst/dest_graysync_ff_reg[0][0]
  -------------------------------------------------------------------
                         data arrival                           5.888    
                         clock arrival                          2.680    
  -------------------------------------------------------------------
                         relative delay                         3.209    



Id: 5
set_bus_skew -from [get_cells [list {design_1_i/audio/i2s_transmitter/inst/I2S_TX_V1_0_SYS_INST/AXIS_FIFO_INST/xpm_fifo_async_inst/gnuram_async_fifo.xpm_fifo_base_inst/gen_cdc_pntr.wr_pntr_cdc_dc_inst/src_gray_ff_reg[0]} {design_1_i/audio/i2s_transmitter/inst/I2S_TX_V1_0_SYS_INST/AXIS_FIFO_INST/xpm_fifo_async_inst/gnuram_async_fifo.xpm_fifo_base_inst/gen_cdc_pntr.wr_pntr_cdc_dc_inst/src_gray_ff_reg[1]} {design_1_i/audio/i2s_transmitter/inst/I2S_TX_V1_0_SYS_INST/AXIS_FIFO_INST/xpm_fifo_async_inst/gnuram_async_fifo.xpm_fifo_base_inst/gen_cdc_pntr.wr_pntr_cdc_dc_inst/src_gray_ff_reg[2]} {design_1_i/audio/i2s_transmitter/inst/I2S_TX_V1_0_SYS_INST/AXIS_FIFO_INST/xpm_fifo_async_inst/gnuram_async_fifo.xpm_fifo_base_inst/gen_cdc_pntr.wr_pntr_cdc_dc_inst/src_gray_ff_reg[3]} {design_1_i/audio/i2s_transmitter/inst/I2S_TX_V1_0_SYS_INST/AXIS_FIFO_INST/xpm_fifo_async_inst/gnuram_async_fifo.xpm_fifo_base_inst/gen_cdc_pntr.wr_pntr_cdc_dc_inst/src_gray_ff_reg[4]} {design_1_i/audio/i2s_transmitter/inst/I2S_TX_V1_0_SYS_INST/AXIS_FIFO_INST/xpm_fifo_async_inst/gnuram_async_fifo.xpm_fifo_base_inst/gen_cdc_pntr.wr_pntr_cdc_dc_inst/src_gray_ff_reg[5]} {design_1_i/audio/i2s_transmitter/inst/I2S_TX_V1_0_SYS_INST/AXIS_FIFO_INST/xpm_fifo_async_inst/gnuram_async_fifo.xpm_fifo_base_inst/gen_cdc_pntr.wr_pntr_cdc_dc_inst/src_gray_ff_reg[6]} {design_1_i/audio/i2s_transmitter/inst/I2S_TX_V1_0_SYS_INST/AXIS_FIFO_INST/xpm_fifo_async_inst/gnuram_async_fifo.xpm_fifo_base_inst/gen_cdc_pntr.wr_pntr_cdc_dc_inst/src_gray_ff_reg[7]}]] -to [get_cells [list {design_1_i/audio/i2s_transmitter/inst/I2S_TX_V1_0_SYS_INST/AXIS_FIFO_INST/xpm_fifo_async_inst/gnuram_async_fifo.xpm_fifo_base_inst/gen_cdc_pntr.wr_pntr_cdc_dc_inst/dest_graysync_ff_reg[0][0]} {design_1_i/audio/i2s_transmitter/inst/I2S_TX_V1_0_SYS_INST/AXIS_FIFO_INST/xpm_fifo_async_inst/gnuram_async_fifo.xpm_fifo_base_inst/gen_cdc_pntr.wr_pntr_cdc_dc_inst/dest_graysync_ff_reg[0][1]} {design_1_i/audio/i2s_transmitter/inst/I2S_TX_V1_0_SYS_INST/AXIS_FIFO_INST/xpm_fifo_async_inst/gnuram_async_fifo.xpm_fifo_base_inst/gen_cdc_pntr.wr_pntr_cdc_dc_inst/dest_graysync_ff_reg[0][2]} {design_1_i/audio/i2s_transmitter/inst/I2S_TX_V1_0_SYS_INST/AXIS_FIFO_INST/xpm_fifo_async_inst/gnuram_async_fifo.xpm_fifo_base_inst/gen_cdc_pntr.wr_pntr_cdc_dc_inst/dest_graysync_ff_reg[0][3]} {design_1_i/audio/i2s_transmitter/inst/I2S_TX_V1_0_SYS_INST/AXIS_FIFO_INST/xpm_fifo_async_inst/gnuram_async_fifo.xpm_fifo_base_inst/gen_cdc_pntr.wr_pntr_cdc_dc_inst/dest_graysync_ff_reg[0][4]} {design_1_i/audio/i2s_transmitter/inst/I2S_TX_V1_0_SYS_INST/AXIS_FIFO_INST/xpm_fifo_async_inst/gnuram_async_fifo.xpm_fifo_base_inst/gen_cdc_pntr.wr_pntr_cdc_dc_inst/dest_graysync_ff_reg[0][5]} {design_1_i/audio/i2s_transmitter/inst/I2S_TX_V1_0_SYS_INST/AXIS_FIFO_INST/xpm_fifo_async_inst/gnuram_async_fifo.xpm_fifo_base_inst/gen_cdc_pntr.wr_pntr_cdc_dc_inst/dest_graysync_ff_reg[0][6]} {design_1_i/audio/i2s_transmitter/inst/I2S_TX_V1_0_SYS_INST/AXIS_FIFO_INST/xpm_fifo_async_inst/gnuram_async_fifo.xpm_fifo_base_inst/gen_cdc_pntr.wr_pntr_cdc_dc_inst/dest_graysync_ff_reg[0][7]}]] 10.000
Requirement: 10.000ns
Endpoints: 8

From Clock            To Clock              Endpoint Pin                    Reference Pin                   Corner  Actual(ns)  Slack(ns)
--------------------  --------------------  ------------------------------  ------------------------------  ------  ----------  ---------
clk_fpga_0            mlck_design_1_clk_wiz_0_0
                                            design_1_i/audio/i2s_transmitter/inst/I2S_TX_V1_0_SYS_INST/AXIS_FIFO_INST/xpm_fifo_async_inst/gnuram_async_fifo.xpm_fifo_base_inst/gen_cdc_pntr.wr_pntr_cdc_dc_inst/dest_graysync_ff_reg[0][3]/D
                                                                            design_1_i/audio/i2s_transmitter/inst/I2S_TX_V1_0_SYS_INST/AXIS_FIFO_INST/xpm_fifo_async_inst/gnuram_async_fifo.xpm_fifo_base_inst/gen_cdc_pntr.wr_pntr_cdc_dc_inst/dest_graysync_ff_reg[0][4]/D
                                                                                                            Slow         0.729      9.271


Slack (MET) :             9.271ns  (requirement - actual skew)
  Endpoint Source:        design_1_i/audio/i2s_transmitter/inst/I2S_TX_V1_0_SYS_INST/AXIS_FIFO_INST/xpm_fifo_async_inst/gnuram_async_fifo.xpm_fifo_base_inst/gen_cdc_pntr.wr_pntr_cdc_dc_inst/src_gray_ff_reg[3]/C
                            (rising edge-triggered cell FDRE clocked by clk_fpga_0)
  Endpoint Destination:   design_1_i/audio/i2s_transmitter/inst/I2S_TX_V1_0_SYS_INST/AXIS_FIFO_INST/xpm_fifo_async_inst/gnuram_async_fifo.xpm_fifo_base_inst/gen_cdc_pntr.wr_pntr_cdc_dc_inst/dest_graysync_ff_reg[0][3]/D
                            (rising edge-triggered cell FDRE clocked by mlck_design_1_clk_wiz_0_0)
  Reference Source:       design_1_i/audio/i2s_transmitter/inst/I2S_TX_V1_0_SYS_INST/AXIS_FIFO_INST/xpm_fifo_async_inst/gnuram_async_fifo.xpm_fifo_base_inst/gen_cdc_pntr.wr_pntr_cdc_dc_inst/src_gray_ff_reg[4]/C
                            (rising edge-triggered cell FDRE clocked by clk_fpga_0)
  Reference Destination:  design_1_i/audio/i2s_transmitter/inst/I2S_TX_V1_0_SYS_INST/AXIS_FIFO_INST/xpm_fifo_async_inst/gnuram_async_fifo.xpm_fifo_base_inst/gen_cdc_pntr.wr_pntr_cdc_dc_inst/dest_graysync_ff_reg[0][4]/D
                            (rising edge-triggered cell FDRE clocked by mlck_design_1_clk_wiz_0_0)
  Path Type:              Bus Skew (Max at Slow Process Corner)
  Requirement:            10.000ns
  Endpoint Relative Delay:   -1.704ns
  Reference Relative Delay:  -2.975ns
  Relative CRPR:              0.541ns
  Actual Bus Skew:            0.729ns  (Endpoint Relative Delay - Reference Relative Delay - Relative CRPR)

Endpoint path:
    Location             Delay type                Incr(ns)  Path(ns)    Netlist Resource(s)
  -------------------------------------------------------------------    -------------------
                         (clock clk_fpga_0 rise edge)
                                                      0.000     0.000 r  
    PS7_X0Y0             PS7                          0.000     0.000 r  design_1_i/processing_system7_0/inst/PS7_i/FCLKCLK[0]
                         net (fo=1, routed)           0.994     0.994    design_1_i/processing_system7_0/inst/FCLK_CLK_unbuffered[0]
    BUFGCTRL_X0Y17       BUFG (Prop_bufg_I_O)         0.085     1.079 r  design_1_i/processing_system7_0/inst/buffer_fclk_clk_0.FCLK_CLK_0_BUFG/O
                         net (fo=14268, routed)       1.430     2.509    design_1_i/audio/i2s_transmitter/inst/I2S_TX_V1_0_SYS_INST/AXIS_FIFO_INST/xpm_fifo_async_inst/gnuram_async_fifo.xpm_fifo_base_inst/gen_cdc_pntr.wr_pntr_cdc_dc_inst/src_clk
    SLICE_X56Y68         FDRE                                         r  design_1_i/audio/i2s_transmitter/inst/I2S_TX_V1_0_SYS_INST/AXIS_FIFO_INST/xpm_fifo_async_inst/gnuram_async_fifo.xpm_fifo_base_inst/gen_cdc_pntr.wr_pntr_cdc_dc_inst/src_gray_ff_reg[3]/C
  -------------------------------------------------------------------    -------------------
    SLICE_X56Y68         FDRE (Prop_fdre_C_Q)         0.348     2.857 r  design_1_i/audio/i2s_transmitter/inst/I2S_TX_V1_0_SYS_INST/AXIS_FIFO_INST/xpm_fifo_async_inst/gnuram_async_fifo.xpm_fifo_base_inst/gen_cdc_pntr.wr_pntr_cdc_dc_inst/src_gray_ff_reg[3]/Q
                         net (fo=1, routed)           0.517     3.374    design_1_i/audio/i2s_transmitter/inst/I2S_TX_V1_0_SYS_INST/AXIS_FIFO_INST/xpm_fifo_async_inst/gnuram_async_fifo.xpm_fifo_base_inst/gen_cdc_pntr.wr_pntr_cdc_dc_inst/async_path[3]
    SLICE_X57Y68         FDRE                                         r  design_1_i/audio/i2s_transmitter/inst/I2S_TX_V1_0_SYS_INST/AXIS_FIFO_INST/xpm_fifo_async_inst/gnuram_async_fifo.xpm_fifo_base_inst/gen_cdc_pntr.wr_pntr_cdc_dc_inst/dest_graysync_ff_reg[0][3]/D
  -------------------------------------------------------------------    -------------------

                         (clock mlck_design_1_clk_wiz_0_0 rise edge)
                                                      0.000     0.000 r  
    PS7_X0Y0             PS7                          0.000     0.000 r  design_1_i/processing_system7_0/inst/PS7_i/FCLKCLK[0]
                         net (fo=1, routed)           0.905     0.905    design_1_i/processing_system7_0/inst/FCLK_CLK_unbuffered[0]
    BUFGCTRL_X0Y17       BUFG (Prop_bufg_I_O)         0.077     0.982 r  design_1_i/processing_system7_0/inst/buffer_fclk_clk_0.FCLK_CLK_0_BUFG/O
                         net (fo=14268, routed)       1.350     2.332    design_1_i/clk_wiz_0/inst/CLK_CORE_DRP_I/clk_inst/s_axi_aclk
    MMCME2_ADV_X0Y0      MMCME2_ADV (Prop_mmcme2_adv_CLKIN1_CLKOUT0)
                                                      0.073     2.405 r  design_1_i/clk_wiz_0/inst/CLK_CORE_DRP_I/clk_inst/mmcm_adv_inst/CLKOUT0
                         net (fo=1, routed)           1.426     3.832    design_1_i/clk_wiz_0/inst/CLK_CORE_DRP_I/clk_inst/mlck_design_1_clk_wiz_0_0
    BUFGCTRL_X0Y1        BUFG (Prop_bufg_I_O)         0.077     3.909 r  design_1_i/clk_wiz_0/inst/CLK_CORE_DRP_I/clk_inst/clkout1_buf/O
                         net (fo=673, routed)         1.279     5.188    design_1_i/audio/i2s_transmitter/inst/I2S_TX_V1_0_SYS_INST/AXIS_FIFO_INST/xpm_fifo_async_inst/gnuram_async_fifo.xpm_fifo_base_inst/gen_cdc_pntr.wr_pntr_cdc_dc_inst/dest_clk
    SLICE_X57Y68         FDRE                                         r  design_1_i/audio/i2s_transmitter/inst/I2S_TX_V1_0_SYS_INST/AXIS_FIFO_INST/xpm_fifo_async_inst/gnuram_async_fifo.xpm_fifo_base_inst/gen_cdc_pntr.wr_pntr_cdc_dc_inst/dest_graysync_ff_reg[0][3]/C
                         clock pessimism              0.097     5.284    
    SLICE_X57Y68         FDRE (Setup_fdre_C_D)       -0.207     5.077    design_1_i/audio/i2s_transmitter/inst/I2S_TX_V1_0_SYS_INST/AXIS_FIFO_INST/xpm_fifo_async_inst/gnuram_async_fifo.xpm_fifo_base_inst/gen_cdc_pntr.wr_pntr_cdc_dc_inst/dest_graysync_ff_reg[0][3]
  -------------------------------------------------------------------
                         data arrival                           3.374    
                         clock arrival                          5.077    
  -------------------------------------------------------------------
                         relative delay                        -1.704    

Reference path:
    Location             Delay type                Incr(ns)  Path(ns)    Netlist Resource(s)
  -------------------------------------------------------------------    -------------------
                         (clock clk_fpga_0 rise edge)
                                                      0.000     0.000 r  
    PS7_X0Y0             PS7                          0.000     0.000 r  design_1_i/processing_system7_0/inst/PS7_i/FCLKCLK[0]
                         net (fo=1, routed)           0.905     0.905    design_1_i/processing_system7_0/inst/FCLK_CLK_unbuffered[0]
    BUFGCTRL_X0Y17       BUFG (Prop_bufg_I_O)         0.077     0.982 r  design_1_i/processing_system7_0/inst/buffer_fclk_clk_0.FCLK_CLK_0_BUFG/O
                         net (fo=14268, routed)       1.277     2.260    design_1_i/audio/i2s_transmitter/inst/I2S_TX_V1_0_SYS_INST/AXIS_FIFO_INST/xpm_fifo_async_inst/gnuram_async_fifo.xpm_fifo_base_inst/gen_cdc_pntr.wr_pntr_cdc_dc_inst/src_clk
    SLICE_X60Y69         FDRE                                         r  design_1_i/audio/i2s_transmitter/inst/I2S_TX_V1_0_SYS_INST/AXIS_FIFO_INST/xpm_fifo_async_inst/gnuram_async_fifo.xpm_fifo_base_inst/gen_cdc_pntr.wr_pntr_cdc_dc_inst/src_gray_ff_reg[4]/C
  -------------------------------------------------------------------    -------------------
    SLICE_X60Y69         FDRE (Prop_fdre_C_Q)         0.304     2.564 r  design_1_i/audio/i2s_transmitter/inst/I2S_TX_V1_0_SYS_INST/AXIS_FIFO_INST/xpm_fifo_async_inst/gnuram_async_fifo.xpm_fifo_base_inst/gen_cdc_pntr.wr_pntr_cdc_dc_inst/src_gray_ff_reg[4]/Q
                         net (fo=1, routed)           0.306     2.870    design_1_i/audio/i2s_transmitter/inst/I2S_TX_V1_0_SYS_INST/AXIS_FIFO_INST/xpm_fifo_async_inst/gnuram_async_fifo.xpm_fifo_base_inst/gen_cdc_pntr.wr_pntr_cdc_dc_inst/async_path[4]
    SLICE_X58Y69         FDRE                                         r  design_1_i/audio/i2s_transmitter/inst/I2S_TX_V1_0_SYS_INST/AXIS_FIFO_INST/xpm_fifo_async_inst/gnuram_async_fifo.xpm_fifo_base_inst/gen_cdc_pntr.wr_pntr_cdc_dc_inst/dest_graysync_ff_reg[0][4]/D
  -------------------------------------------------------------------    -------------------

                         (clock mlck_design_1_clk_wiz_0_0 rise edge)
                                                      0.000     0.000 r  
    PS7_X0Y0             PS7                          0.000     0.000 r  design_1_i/processing_system7_0/inst/PS7_i/FCLKCLK[0]
                         net (fo=1, routed)           0.994     0.994    design_1_i/processing_system7_0/inst/FCLK_CLK_unbuffered[0]
    BUFGCTRL_X0Y17       BUFG (Prop_bufg_I_O)         0.085     1.079 r  design_1_i/processing_system7_0/inst/buffer_fclk_clk_0.FCLK_CLK_0_BUFG/O
                         net (fo=14268, routed)       1.515     2.594    design_1_i/clk_wiz_0/inst/CLK_CORE_DRP_I/clk_inst/s_axi_aclk
    MMCME2_ADV_X0Y0      MMCME2_ADV (Prop_mmcme2_adv_CLKIN1_CLKOUT0)
                                                      0.077     2.671 r  design_1_i/clk_wiz_0/inst/CLK_CORE_DRP_I/clk_inst/mmcm_adv_inst/CLKOUT0
                         net (fo=1, routed)           1.567     4.238    design_1_i/clk_wiz_0/inst/CLK_CORE_DRP_I/clk_inst/mlck_design_1_clk_wiz_0_0
    BUFGCTRL_X0Y1        BUFG (Prop_bufg_I_O)         0.085     4.323 r  design_1_i/clk_wiz_0/inst/CLK_CORE_DRP_I/clk_inst/clkout1_buf/O
                         net (fo=673, routed)         1.431     5.754    design_1_i/audio/i2s_transmitter/inst/I2S_TX_V1_0_SYS_INST/AXIS_FIFO_INST/xpm_fifo_async_inst/gnuram_async_fifo.xpm_fifo_base_inst/gen_cdc_pntr.wr_pntr_cdc_dc_inst/dest_clk
    SLICE_X58Y69         FDRE                                         r  design_1_i/audio/i2s_transmitter/inst/I2S_TX_V1_0_SYS_INST/AXIS_FIFO_INST/xpm_fifo_async_inst/gnuram_async_fifo.xpm_fifo_base_inst/gen_cdc_pntr.wr_pntr_cdc_dc_inst/dest_graysync_ff_reg[0][4]/C
                         clock pessimism             -0.097     5.657    
    SLICE_X58Y69         FDRE (Hold_fdre_C_D)         0.187     5.844    design_1_i/audio/i2s_transmitter/inst/I2S_TX_V1_0_SYS_INST/AXIS_FIFO_INST/xpm_fifo_async_inst/gnuram_async_fifo.xpm_fifo_base_inst/gen_cdc_pntr.wr_pntr_cdc_dc_inst/dest_graysync_ff_reg[0][4]
  -------------------------------------------------------------------
                         data arrival                           2.870    
                         clock arrival                          5.845    
  -------------------------------------------------------------------
                         relative delay                        -2.975    



Id: 6
set_bus_skew -from [get_cells [list {design_1_i/camera_in/mipi_csi2_rx_subsyst_0/inst/rx/inst/AXI_LITE.reg_inf/gen_spkt_fifo/generic_pkt/gnuram_async_fifo.xpm_fifo_base_inst/gen_cdc_pntr.rd_pntr_cdc_inst/src_gray_ff_reg[0]} {design_1_i/camera_in/mipi_csi2_rx_subsyst_0/inst/rx/inst/AXI_LITE.reg_inf/gen_spkt_fifo/generic_pkt/gnuram_async_fifo.xpm_fifo_base_inst/gen_cdc_pntr.rd_pntr_cdc_inst/src_gray_ff_reg[1]} {design_1_i/camera_in/mipi_csi2_rx_subsyst_0/inst/rx/inst/AXI_LITE.reg_inf/gen_spkt_fifo/generic_pkt/gnuram_async_fifo.xpm_fifo_base_inst/gen_cdc_pntr.rd_pntr_cdc_inst/src_gray_ff_reg[2]} {design_1_i/camera_in/mipi_csi2_rx_subsyst_0/inst/rx/inst/AXI_LITE.reg_inf/gen_spkt_fifo/generic_pkt/gnuram_async_fifo.xpm_fifo_base_inst/gen_cdc_pntr.rd_pntr_cdc_inst/src_gray_ff_reg[3]} {design_1_i/camera_in/mipi_csi2_rx_subsyst_0/inst/rx/inst/AXI_LITE.reg_inf/gen_spkt_fifo/generic_pkt/gnuram_async_fifo.xpm_fifo_base_inst/gen_cdc_pntr.rd_pntr_cdc_inst/src_gray_ff_reg[4]}]] -to [get_cells [list {design_1_i/camera_in/mipi_csi2_rx_subsyst_0/inst/rx/inst/AXI_LITE.reg_inf/gen_spkt_fifo/generic_pkt/gnuram_async_fifo.xpm_fifo_base_inst/gen_cdc_pntr.rd_pntr_cdc_inst/dest_graysync_ff_reg[0][0]} {design_1_i/camera_in/mipi_csi2_rx_subsyst_0/inst/rx/inst/AXI_LITE.reg_inf/gen_spkt_fifo/generic_pkt/gnuram_async_fifo.xpm_fifo_base_inst/gen_cdc_pntr.rd_pntr_cdc_inst/dest_graysync_ff_reg[0][1]} {design_1_i/camera_in/mipi_csi2_rx_subsyst_0/inst/rx/inst/AXI_LITE.reg_inf/gen_spkt_fifo/generic_pkt/gnuram_async_fifo.xpm_fifo_base_inst/gen_cdc_pntr.rd_pntr_cdc_inst/dest_graysync_ff_reg[0][2]} {design_1_i/camera_in/mipi_csi2_rx_subsyst_0/inst/rx/inst/AXI_LITE.reg_inf/gen_spkt_fifo/generic_pkt/gnuram_async_fifo.xpm_fifo_base_inst/gen_cdc_pntr.rd_pntr_cdc_inst/dest_graysync_ff_reg[0][3]} {design_1_i/camera_in/mipi_csi2_rx_subsyst_0/inst/rx/inst/AXI_LITE.reg_inf/gen_spkt_fifo/generic_pkt/gnuram_async_fifo.xpm_fifo_base_inst/gen_cdc_pntr.rd_pntr_cdc_inst/dest_graysync_ff_reg[0][4]}]] 6.562
Requirement: 6.562ns
Endpoints: 5

From Clock            To Clock              Endpoint Pin                    Reference Pin                   Corner  Actual(ns)  Slack(ns)
--------------------  --------------------  ------------------------------  ------------------------------  ------  ----------  ---------
clk_fpga_0            clk_fpga_1            design_1_i/camera_in/mipi_csi2_rx_subsyst_0/inst/rx/inst/AXI_LITE.reg_inf/gen_spkt_fifo/generic_pkt/gnuram_async_fifo.xpm_fifo_base_inst/gen_cdc_pntr.rd_pntr_cdc_inst/dest_graysync_ff_reg[0][3]/D
                                                                            design_1_i/camera_in/mipi_csi2_rx_subsyst_0/inst/rx/inst/AXI_LITE.reg_inf/gen_spkt_fifo/generic_pkt/gnuram_async_fifo.xpm_fifo_base_inst/gen_cdc_pntr.rd_pntr_cdc_inst/dest_graysync_ff_reg[0][4]/D
                                                                                                            Slow         0.594      5.968


Slack (MET) :             5.968ns  (requirement - actual skew)
  Endpoint Source:        design_1_i/camera_in/mipi_csi2_rx_subsyst_0/inst/rx/inst/AXI_LITE.reg_inf/gen_spkt_fifo/generic_pkt/gnuram_async_fifo.xpm_fifo_base_inst/gen_cdc_pntr.rd_pntr_cdc_inst/src_gray_ff_reg[3]/C
                            (rising edge-triggered cell FDRE clocked by clk_fpga_0)
  Endpoint Destination:   design_1_i/camera_in/mipi_csi2_rx_subsyst_0/inst/rx/inst/AXI_LITE.reg_inf/gen_spkt_fifo/generic_pkt/gnuram_async_fifo.xpm_fifo_base_inst/gen_cdc_pntr.rd_pntr_cdc_inst/dest_graysync_ff_reg[0][3]/D
                            (rising edge-triggered cell FDRE clocked by clk_fpga_1)
  Reference Source:       design_1_i/camera_in/mipi_csi2_rx_subsyst_0/inst/rx/inst/AXI_LITE.reg_inf/gen_spkt_fifo/generic_pkt/gnuram_async_fifo.xpm_fifo_base_inst/gen_cdc_pntr.rd_pntr_cdc_inst/src_gray_ff_reg[4]/C
                            (rising edge-triggered cell FDRE clocked by clk_fpga_0)
  Reference Destination:  design_1_i/camera_in/mipi_csi2_rx_subsyst_0/inst/rx/inst/AXI_LITE.reg_inf/gen_spkt_fifo/generic_pkt/gnuram_async_fifo.xpm_fifo_base_inst/gen_cdc_pntr.rd_pntr_cdc_inst/dest_graysync_ff_reg[0][4]/D
                            (rising edge-triggered cell FDRE clocked by clk_fpga_1)
  Path Type:              Bus Skew (Max at Slow Process Corner)
  Requirement:            6.562ns
  Endpoint Relative Delay:    1.189ns
  Reference Relative Delay:   0.180ns
  Relative CRPR:              0.415ns
  Actual Bus Skew:            0.594ns  (Endpoint Relative Delay - Reference Relative Delay - Relative CRPR)

Endpoint path:
    Location             Delay type                Incr(ns)  Path(ns)    Netlist Resource(s)
  -------------------------------------------------------------------    -------------------
                         (clock clk_fpga_0 rise edge)
                                                      0.000     0.000 r  
    PS7_X0Y0             PS7                          0.000     0.000 r  design_1_i/processing_system7_0/inst/PS7_i/FCLKCLK[0]
                         net (fo=1, routed)           0.994     0.994    design_1_i/processing_system7_0/inst/FCLK_CLK_unbuffered[0]
    BUFGCTRL_X0Y17       BUFG (Prop_bufg_I_O)         0.085     1.079 r  design_1_i/processing_system7_0/inst/buffer_fclk_clk_0.FCLK_CLK_0_BUFG/O
                         net (fo=14268, routed)       1.604     2.683    design_1_i/camera_in/mipi_csi2_rx_subsyst_0/inst/rx/inst/AXI_LITE.reg_inf/gen_spkt_fifo/generic_pkt/gnuram_async_fifo.xpm_fifo_base_inst/gen_cdc_pntr.rd_pntr_cdc_inst/src_clk
    SLICE_X65Y131        FDRE                                         r  design_1_i/camera_in/mipi_csi2_rx_subsyst_0/inst/rx/inst/AXI_LITE.reg_inf/gen_spkt_fifo/generic_pkt/gnuram_async_fifo.xpm_fifo_base_inst/gen_cdc_pntr.rd_pntr_cdc_inst/src_gray_ff_reg[3]/C
  -------------------------------------------------------------------    -------------------
    SLICE_X65Y131        FDRE (Prop_fdre_C_Q)         0.348     3.031 r  design_1_i/camera_in/mipi_csi2_rx_subsyst_0/inst/rx/inst/AXI_LITE.reg_inf/gen_spkt_fifo/generic_pkt/gnuram_async_fifo.xpm_fifo_base_inst/gen_cdc_pntr.rd_pntr_cdc_inst/src_gray_ff_reg[3]/Q
                         net (fo=1, routed)           0.368     3.399    design_1_i/camera_in/mipi_csi2_rx_subsyst_0/inst/rx/inst/AXI_LITE.reg_inf/gen_spkt_fifo/generic_pkt/gnuram_async_fifo.xpm_fifo_base_inst/gen_cdc_pntr.rd_pntr_cdc_inst/async_path[3]
    SLICE_X64Y133        FDRE                                         r  design_1_i/camera_in/mipi_csi2_rx_subsyst_0/inst/rx/inst/AXI_LITE.reg_inf/gen_spkt_fifo/generic_pkt/gnuram_async_fifo.xpm_fifo_base_inst/gen_cdc_pntr.rd_pntr_cdc_inst/dest_graysync_ff_reg[0][3]/D
  -------------------------------------------------------------------    -------------------

                         (clock clk_fpga_1 rise edge)
                                                      0.000     0.000 r  
    PS7_X0Y0             PS7                          0.000     0.000 r  design_1_i/processing_system7_0/inst/PS7_i/FCLKCLK[1]
                         net (fo=1, routed)           0.905     0.905    design_1_i/processing_system7_0/inst/FCLK_CLK_unbuffered[1]
    BUFGCTRL_X0Y16       BUFG (Prop_bufg_I_O)         0.077     0.982 r  design_1_i/processing_system7_0/inst/buffer_fclk_clk_1.FCLK_CLK_1_BUFG/O
                         net (fo=18021, routed)       1.438     2.420    design_1_i/camera_in/mipi_csi2_rx_subsyst_0/inst/rx/inst/AXI_LITE.reg_inf/gen_spkt_fifo/generic_pkt/gnuram_async_fifo.xpm_fifo_base_inst/gen_cdc_pntr.rd_pntr_cdc_inst/dest_clk
    SLICE_X64Y133        FDRE                                         r  design_1_i/camera_in/mipi_csi2_rx_subsyst_0/inst/rx/inst/AXI_LITE.reg_inf/gen_spkt_fifo/generic_pkt/gnuram_async_fifo.xpm_fifo_base_inst/gen_cdc_pntr.rd_pntr_cdc_inst/dest_graysync_ff_reg[0][3]/C
                         clock pessimism              0.000     2.420    
    SLICE_X64Y133        FDRE (Setup_fdre_C_D)       -0.210     2.210    design_1_i/camera_in/mipi_csi2_rx_subsyst_0/inst/rx/inst/AXI_LITE.reg_inf/gen_spkt_fifo/generic_pkt/gnuram_async_fifo.xpm_fifo_base_inst/gen_cdc_pntr.rd_pntr_cdc_inst/dest_graysync_ff_reg[0][3]
  -------------------------------------------------------------------
                         data arrival                           3.399    
                         clock arrival                          2.210    
  -------------------------------------------------------------------
                         relative delay                         1.189    

Reference path:
    Location             Delay type                Incr(ns)  Path(ns)    Netlist Resource(s)
  -------------------------------------------------------------------    -------------------
                         (clock clk_fpga_0 rise edge)
                                                      0.000     0.000 r  
    PS7_X0Y0             PS7                          0.000     0.000 r  design_1_i/processing_system7_0/inst/PS7_i/FCLKCLK[0]
                         net (fo=1, routed)           0.905     0.905    design_1_i/processing_system7_0/inst/FCLK_CLK_unbuffered[0]
    BUFGCTRL_X0Y17       BUFG (Prop_bufg_I_O)         0.077     0.982 r  design_1_i/processing_system7_0/inst/buffer_fclk_clk_0.FCLK_CLK_0_BUFG/O
                         net (fo=14268, routed)       1.433     2.415    design_1_i/camera_in/mipi_csi2_rx_subsyst_0/inst/rx/inst/AXI_LITE.reg_inf/gen_spkt_fifo/generic_pkt/gnuram_async_fifo.xpm_fifo_base_inst/gen_cdc_pntr.rd_pntr_cdc_inst/src_clk
    SLICE_X62Y131        FDRE                                         r  design_1_i/camera_in/mipi_csi2_rx_subsyst_0/inst/rx/inst/AXI_LITE.reg_inf/gen_spkt_fifo/generic_pkt/gnuram_async_fifo.xpm_fifo_base_inst/gen_cdc_pntr.rd_pntr_cdc_inst/src_gray_ff_reg[4]/C
  -------------------------------------------------------------------    -------------------
    SLICE_X62Y131        FDRE (Prop_fdre_C_Q)         0.347     2.762 r  design_1_i/camera_in/mipi_csi2_rx_subsyst_0/inst/rx/inst/AXI_LITE.reg_inf/gen_spkt_fifo/generic_pkt/gnuram_async_fifo.xpm_fifo_base_inst/gen_cdc_pntr.rd_pntr_cdc_inst/src_gray_ff_reg[4]/Q
                         net (fo=1, routed)           0.290     3.053    design_1_i/camera_in/mipi_csi2_rx_subsyst_0/inst/rx/inst/AXI_LITE.reg_inf/gen_spkt_fifo/generic_pkt/gnuram_async_fifo.xpm_fifo_base_inst/gen_cdc_pntr.rd_pntr_cdc_inst/async_path[4]
    SLICE_X62Y133        FDRE                                         r  design_1_i/camera_in/mipi_csi2_rx_subsyst_0/inst/rx/inst/AXI_LITE.reg_inf/gen_spkt_fifo/generic_pkt/gnuram_async_fifo.xpm_fifo_base_inst/gen_cdc_pntr.rd_pntr_cdc_inst/dest_graysync_ff_reg[0][4]/D
  -------------------------------------------------------------------    -------------------

                         (clock clk_fpga_1 rise edge)
                                                      0.000     0.000 r  
    PS7_X0Y0             PS7                          0.000     0.000 r  design_1_i/processing_system7_0/inst/PS7_i/FCLKCLK[1]
                         net (fo=1, routed)           0.994     0.994    design_1_i/processing_system7_0/inst/FCLK_CLK_unbuffered[1]
    BUFGCTRL_X0Y16       BUFG (Prop_bufg_I_O)         0.085     1.079 r  design_1_i/processing_system7_0/inst/buffer_fclk_clk_1.FCLK_CLK_1_BUFG/O
                         net (fo=18021, routed)       1.605     2.684    design_1_i/camera_in/mipi_csi2_rx_subsyst_0/inst/rx/inst/AXI_LITE.reg_inf/gen_spkt_fifo/generic_pkt/gnuram_async_fifo.xpm_fifo_base_inst/gen_cdc_pntr.rd_pntr_cdc_inst/dest_clk
    SLICE_X62Y133        FDRE                                         r  design_1_i/camera_in/mipi_csi2_rx_subsyst_0/inst/rx/inst/AXI_LITE.reg_inf/gen_spkt_fifo/generic_pkt/gnuram_async_fifo.xpm_fifo_base_inst/gen_cdc_pntr.rd_pntr_cdc_inst/dest_graysync_ff_reg[0][4]/C
                         clock pessimism              0.000     2.684    
    SLICE_X62Y133        FDRE (Hold_fdre_C_D)         0.189     2.873    design_1_i/camera_in/mipi_csi2_rx_subsyst_0/inst/rx/inst/AXI_LITE.reg_inf/gen_spkt_fifo/generic_pkt/gnuram_async_fifo.xpm_fifo_base_inst/gen_cdc_pntr.rd_pntr_cdc_inst/dest_graysync_ff_reg[0][4]
  -------------------------------------------------------------------
                         data arrival                           3.053    
                         clock arrival                          2.873    
  -------------------------------------------------------------------
                         relative delay                         0.180    



Id: 7
set_bus_skew -from [get_cells [list {design_1_i/camera_in/mipi_csi2_rx_subsyst_0/inst/rx/inst/gen_pkt_fifo/pkt_fifo/gnuram_async_fifo.xpm_fifo_base_inst/gen_cdc_pntr.wr_pntr_cdc_inst/src_gray_ff_reg[0]} {design_1_i/camera_in/mipi_csi2_rx_subsyst_0/inst/rx/inst/gen_pkt_fifo/pkt_fifo/gnuram_async_fifo.xpm_fifo_base_inst/gen_cdc_pntr.wr_pntr_cdc_inst/src_gray_ff_reg[1]} {design_1_i/camera_in/mipi_csi2_rx_subsyst_0/inst/rx/inst/gen_pkt_fifo/pkt_fifo/gnuram_async_fifo.xpm_fifo_base_inst/gen_cdc_pntr.wr_pntr_cdc_inst/src_gray_ff_reg[2]} {design_1_i/camera_in/mipi_csi2_rx_subsyst_0/inst/rx/inst/gen_pkt_fifo/pkt_fifo/gnuram_async_fifo.xpm_fifo_base_inst/gen_cdc_pntr.wr_pntr_cdc_inst/src_gray_ff_reg[3]} {design_1_i/camera_in/mipi_csi2_rx_subsyst_0/inst/rx/inst/gen_pkt_fifo/pkt_fifo/gnuram_async_fifo.xpm_fifo_base_inst/gen_cdc_pntr.wr_pntr_cdc_inst/src_gray_ff_reg[4]}]] -to [get_cells [list {design_1_i/camera_in/mipi_csi2_rx_subsyst_0/inst/rx/inst/gen_pkt_fifo/pkt_fifo/gnuram_async_fifo.xpm_fifo_base_inst/gen_cdc_pntr.wr_pntr_cdc_inst/dest_graysync_ff_reg[0][0]} {design_1_i/camera_in/mipi_csi2_rx_subsyst_0/inst/rx/inst/gen_pkt_fifo/pkt_fifo/gnuram_async_fifo.xpm_fifo_base_inst/gen_cdc_pntr.wr_pntr_cdc_inst/dest_graysync_ff_reg[0][1]} {design_1_i/camera_in/mipi_csi2_rx_subsyst_0/inst/rx/inst/gen_pkt_fifo/pkt_fifo/gnuram_async_fifo.xpm_fifo_base_inst/gen_cdc_pntr.wr_pntr_cdc_inst/dest_graysync_ff_reg[0][2]} {design_1_i/camera_in/mipi_csi2_rx_subsyst_0/inst/rx/inst/gen_pkt_fifo/pkt_fifo/gnuram_async_fifo.xpm_fifo_base_inst/gen_cdc_pntr.wr_pntr_cdc_inst/dest_graysync_ff_reg[0][3]} {design_1_i/camera_in/mipi_csi2_rx_subsyst_0/inst/rx/inst/gen_pkt_fifo/pkt_fifo/gnuram_async_fifo.xpm_fifo_base_inst/gen_cdc_pntr.wr_pntr_cdc_inst/dest_graysync_ff_reg[0][4]}]] 5.332
Requirement: 5.332ns
Endpoints: 5

From Clock            To Clock              Endpoint Pin                    Reference Pin                   Corner  Actual(ns)  Slack(ns)
--------------------  --------------------  ------------------------------  ------------------------------  ------  ----------  ---------
phy_n_6               clk_fpga_1            design_1_i/camera_in/mipi_csi2_rx_subsyst_0/inst/rx/inst/gen_pkt_fifo/pkt_fifo/gnuram_async_fifo.xpm_fifo_base_inst/gen_cdc_pntr.wr_pntr_cdc_inst/dest_graysync_ff_reg[0][4]/D
                                                                            design_1_i/camera_in/mipi_csi2_rx_subsyst_0/inst/rx/inst/gen_pkt_fifo/pkt_fifo/gnuram_async_fifo.xpm_fifo_base_inst/gen_cdc_pntr.wr_pntr_cdc_inst/dest_graysync_ff_reg[0][2]/D
                                                                                                            Slow         0.661      4.671


Slack (MET) :             4.671ns  (requirement - actual skew)
  Endpoint Source:        design_1_i/camera_in/mipi_csi2_rx_subsyst_0/inst/rx/inst/gen_pkt_fifo/pkt_fifo/gnuram_async_fifo.xpm_fifo_base_inst/gen_cdc_pntr.wr_pntr_cdc_inst/src_gray_ff_reg[4]/C
                            (rising edge-triggered cell FDRE clocked by phy_n_6)
  Endpoint Destination:   design_1_i/camera_in/mipi_csi2_rx_subsyst_0/inst/rx/inst/gen_pkt_fifo/pkt_fifo/gnuram_async_fifo.xpm_fifo_base_inst/gen_cdc_pntr.wr_pntr_cdc_inst/dest_graysync_ff_reg[0][4]/D
                            (rising edge-triggered cell FDRE clocked by clk_fpga_1)
  Reference Source:       design_1_i/camera_in/mipi_csi2_rx_subsyst_0/inst/rx/inst/gen_pkt_fifo/pkt_fifo/gnuram_async_fifo.xpm_fifo_base_inst/gen_cdc_pntr.wr_pntr_cdc_inst/src_gray_ff_reg[2]/C
                            (rising edge-triggered cell FDRE clocked by phy_n_6)
  Reference Destination:  design_1_i/camera_in/mipi_csi2_rx_subsyst_0/inst/rx/inst/gen_pkt_fifo/pkt_fifo/gnuram_async_fifo.xpm_fifo_base_inst/gen_cdc_pntr.wr_pntr_cdc_inst/dest_graysync_ff_reg[0][2]/D
                            (rising edge-triggered cell FDRE clocked by clk_fpga_1)
  Path Type:              Bus Skew (Max at Slow Process Corner)
  Requirement:            5.332ns
  Endpoint Relative Delay:    1.412ns
  Reference Relative Delay:   0.390ns
  Relative CRPR:              0.360ns
  Actual Bus Skew:            0.661ns  (Endpoint Relative Delay - Reference Relative Delay - Relative CRPR)

Endpoint path:
    Location             Delay type                Incr(ns)  Path(ns)    Netlist Resource(s)
  -------------------------------------------------------------------    -------------------
                         (clock phy_n_6 rise edge)    0.000     0.000 r  
    J18                                               0.000     0.000 r  mipi_phy_if_0_clk_hs_p (IN)
                         net (fo=0)                   0.000     0.000    design_1_i/camera_in/mipi_csi2_rx_subsyst_0/inst/phy/inst/inst/bd_d10d_phy_0_rx_support_i/slave_rx.bd_d10d_phy_0_rx_ioi_i/clk_hs_rxp
    J18                  IBUFDS (Prop_ibufds_I_O)     0.876     0.876 r  design_1_i/camera_in/mipi_csi2_rx_subsyst_0/inst/phy/inst/inst/bd_d10d_phy_0_rx_support_i/slave_rx.bd_d10d_phy_0_rx_ioi_i/ibufds_clk_inst/O
                         net (fo=2, routed)           0.459     1.335    design_1_i/camera_in/mipi_csi2_rx_subsyst_0/inst/phy/inst/inst/bd_d10d_phy_0_rx_support_i/slave_rx.bd_d10d_phy_0_rx_ioi_i/clk_in_int
    BUFR_X1Y9            BUFR (Prop_bufr_I_O)         0.795     2.130 r  design_1_i/camera_in/mipi_csi2_rx_subsyst_0/inst/phy/inst/inst/bd_d10d_phy_0_rx_support_i/slave_rx.bd_d10d_phy_0_rx_ioi_i/clkout_buf_inst/O
                         net (fo=845, routed)         0.729     2.859    design_1_i/camera_in/mipi_csi2_rx_subsyst_0/inst/rx/inst/gen_pkt_fifo/pkt_fifo/gnuram_async_fifo.xpm_fifo_base_inst/gen_cdc_pntr.wr_pntr_cdc_inst/src_clk
    SLICE_X99Y128        FDRE                                         r  design_1_i/camera_in/mipi_csi2_rx_subsyst_0/inst/rx/inst/gen_pkt_fifo/pkt_fifo/gnuram_async_fifo.xpm_fifo_base_inst/gen_cdc_pntr.wr_pntr_cdc_inst/src_gray_ff_reg[4]/C
  -------------------------------------------------------------------    -------------------
    SLICE_X99Y128        FDRE (Prop_fdre_C_Q)         0.348     3.207 r  design_1_i/camera_in/mipi_csi2_rx_subsyst_0/inst/rx/inst/gen_pkt_fifo/pkt_fifo/gnuram_async_fifo.xpm_fifo_base_inst/gen_cdc_pntr.wr_pntr_cdc_inst/src_gray_ff_reg[4]/Q
                         net (fo=1, routed)           0.512     3.719    design_1_i/camera_in/mipi_csi2_rx_subsyst_0/inst/rx/inst/gen_pkt_fifo/pkt_fifo/gnuram_async_fifo.xpm_fifo_base_inst/gen_cdc_pntr.wr_pntr_cdc_inst/async_path[4]
    SLICE_X98Y128        FDRE                                         r  design_1_i/camera_in/mipi_csi2_rx_subsyst_0/inst/rx/inst/gen_pkt_fifo/pkt_fifo/gnuram_async_fifo.xpm_fifo_base_inst/gen_cdc_pntr.wr_pntr_cdc_inst/dest_graysync_ff_reg[0][4]/D
  -------------------------------------------------------------------    -------------------

                         (clock clk_fpga_1 rise edge)
                                                      0.000     0.000 r  
    PS7_X0Y0             PS7                          0.000     0.000 r  design_1_i/processing_system7_0/inst/PS7_i/FCLKCLK[1]
                         net (fo=1, routed)           0.905     0.905    design_1_i/processing_system7_0/inst/FCLK_CLK_unbuffered[1]
    BUFGCTRL_X0Y16       BUFG (Prop_bufg_I_O)         0.077     0.982 r  design_1_i/processing_system7_0/inst/buffer_fclk_clk_1.FCLK_CLK_1_BUFG/O
                         net (fo=18021, routed)       1.491     2.473    design_1_i/camera_in/mipi_csi2_rx_subsyst_0/inst/rx/inst/gen_pkt_fifo/pkt_fifo/gnuram_async_fifo.xpm_fifo_base_inst/gen_cdc_pntr.wr_pntr_cdc_inst/dest_clk
    SLICE_X98Y128        FDRE                                         r  design_1_i/camera_in/mipi_csi2_rx_subsyst_0/inst/rx/inst/gen_pkt_fifo/pkt_fifo/gnuram_async_fifo.xpm_fifo_base_inst/gen_cdc_pntr.wr_pntr_cdc_inst/dest_graysync_ff_reg[0][4]/C
                         clock pessimism              0.000     2.473    
    SLICE_X98Y128        FDRE (Setup_fdre_C_D)       -0.166     2.307    design_1_i/camera_in/mipi_csi2_rx_subsyst_0/inst/rx/inst/gen_pkt_fifo/pkt_fifo/gnuram_async_fifo.xpm_fifo_base_inst/gen_cdc_pntr.wr_pntr_cdc_inst/dest_graysync_ff_reg[0][4]
  -------------------------------------------------------------------
                         data arrival                           3.719    
                         clock arrival                          2.307    
  -------------------------------------------------------------------
                         relative delay                         1.412    

Reference path:
    Location             Delay type                Incr(ns)  Path(ns)    Netlist Resource(s)
  -------------------------------------------------------------------    -------------------
                         (clock phy_n_6 rise edge)    0.000     0.000 r  
    J18                                               0.000     0.000 r  mipi_phy_if_0_clk_hs_p (IN)
                         net (fo=0)                   0.000     0.000    design_1_i/camera_in/mipi_csi2_rx_subsyst_0/inst/phy/inst/inst/bd_d10d_phy_0_rx_support_i/slave_rx.bd_d10d_phy_0_rx_ioi_i/clk_hs_rxp
    J18                  IBUFDS (Prop_ibufds_I_O)     0.837     0.837 r  design_1_i/camera_in/mipi_csi2_rx_subsyst_0/inst/phy/inst/inst/bd_d10d_phy_0_rx_support_i/slave_rx.bd_d10d_phy_0_rx_ioi_i/ibufds_clk_inst/O
                         net (fo=2, routed)           0.415     1.252    design_1_i/camera_in/mipi_csi2_rx_subsyst_0/inst/phy/inst/inst/bd_d10d_phy_0_rx_support_i/slave_rx.bd_d10d_phy_0_rx_ioi_i/clk_in_int
    BUFR_X1Y9            BUFR (Prop_bufr_I_O)         0.726     1.978 r  design_1_i/camera_in/mipi_csi2_rx_subsyst_0/inst/phy/inst/inst/bd_d10d_phy_0_rx_support_i/slave_rx.bd_d10d_phy_0_rx_ioi_i/clkout_buf_inst/O
                         net (fo=845, routed)         0.673     2.651    design_1_i/camera_in/mipi_csi2_rx_subsyst_0/inst/rx/inst/gen_pkt_fifo/pkt_fifo/gnuram_async_fifo.xpm_fifo_base_inst/gen_cdc_pntr.wr_pntr_cdc_inst/src_clk
    SLICE_X97Y131        FDRE                                         r  design_1_i/camera_in/mipi_csi2_rx_subsyst_0/inst/rx/inst/gen_pkt_fifo/pkt_fifo/gnuram_async_fifo.xpm_fifo_base_inst/gen_cdc_pntr.wr_pntr_cdc_inst/src_gray_ff_reg[2]/C
  -------------------------------------------------------------------    -------------------
    SLICE_X97Y131        FDRE (Prop_fdre_C_Q)         0.304     2.955 r  design_1_i/camera_in/mipi_csi2_rx_subsyst_0/inst/rx/inst/gen_pkt_fifo/pkt_fifo/gnuram_async_fifo.xpm_fifo_base_inst/gen_cdc_pntr.wr_pntr_cdc_inst/src_gray_ff_reg[2]/Q
                         net (fo=1, routed)           0.316     3.270    design_1_i/camera_in/mipi_csi2_rx_subsyst_0/inst/rx/inst/gen_pkt_fifo/pkt_fifo/gnuram_async_fifo.xpm_fifo_base_inst/gen_cdc_pntr.wr_pntr_cdc_inst/async_path[2]
    SLICE_X97Y129        FDRE                                         r  design_1_i/camera_in/mipi_csi2_rx_subsyst_0/inst/rx/inst/gen_pkt_fifo/pkt_fifo/gnuram_async_fifo.xpm_fifo_base_inst/gen_cdc_pntr.wr_pntr_cdc_inst/dest_graysync_ff_reg[0][2]/D
  -------------------------------------------------------------------    -------------------

                         (clock clk_fpga_1 rise edge)
                                                      0.000     0.000 r  
    PS7_X0Y0             PS7                          0.000     0.000 r  design_1_i/processing_system7_0/inst/PS7_i/FCLKCLK[1]
                         net (fo=1, routed)           0.994     0.994    design_1_i/processing_system7_0/inst/FCLK_CLK_unbuffered[1]
    BUFGCTRL_X0Y16       BUFG (Prop_bufg_I_O)         0.085     1.079 r  design_1_i/processing_system7_0/inst/buffer_fclk_clk_1.FCLK_CLK_1_BUFG/O
                         net (fo=18021, routed)       1.663     2.742    design_1_i/camera_in/mipi_csi2_rx_subsyst_0/inst/rx/inst/gen_pkt_fifo/pkt_fifo/gnuram_async_fifo.xpm_fifo_base_inst/gen_cdc_pntr.wr_pntr_cdc_inst/dest_clk
    SLICE_X97Y129        FDRE                                         r  design_1_i/camera_in/mipi_csi2_rx_subsyst_0/inst/rx/inst/gen_pkt_fifo/pkt_fifo/gnuram_async_fifo.xpm_fifo_base_inst/gen_cdc_pntr.wr_pntr_cdc_inst/dest_graysync_ff_reg[0][2]/C
                         clock pessimism              0.000     2.742    
    SLICE_X97Y129        FDRE (Hold_fdre_C_D)         0.138     2.880    design_1_i/camera_in/mipi_csi2_rx_subsyst_0/inst/rx/inst/gen_pkt_fifo/pkt_fifo/gnuram_async_fifo.xpm_fifo_base_inst/gen_cdc_pntr.wr_pntr_cdc_inst/dest_graysync_ff_reg[0][2]
  -------------------------------------------------------------------
                         data arrival                           3.270    
                         clock arrival                          2.880    
  -------------------------------------------------------------------
                         relative delay                         0.390    



Id: 8
set_bus_skew -from [get_cells [list {design_1_i/camera_in/mipi_csi2_rx_subsyst_0/inst/rx/inst/gen_pkt_fifo/pkt_fifo/gnuram_async_fifo.xpm_fifo_base_inst/gen_cdc_pntr.rd_pntr_cdc_inst/src_gray_ff_reg[0]} {design_1_i/camera_in/mipi_csi2_rx_subsyst_0/inst/rx/inst/gen_pkt_fifo/pkt_fifo/gnuram_async_fifo.xpm_fifo_base_inst/gen_cdc_pntr.rd_pntr_cdc_inst/src_gray_ff_reg[1]} {design_1_i/camera_in/mipi_csi2_rx_subsyst_0/inst/rx/inst/gen_pkt_fifo/pkt_fifo/gnuram_async_fifo.xpm_fifo_base_inst/gen_cdc_pntr.rd_pntr_cdc_inst/src_gray_ff_reg[2]} {design_1_i/camera_in/mipi_csi2_rx_subsyst_0/inst/rx/inst/gen_pkt_fifo/pkt_fifo/gnuram_async_fifo.xpm_fifo_base_inst/gen_cdc_pntr.rd_pntr_cdc_inst/src_gray_ff_reg[3]} {design_1_i/camera_in/mipi_csi2_rx_subsyst_0/inst/rx/inst/gen_pkt_fifo/pkt_fifo/gnuram_async_fifo.xpm_fifo_base_inst/gen_cdc_pntr.rd_pntr_cdc_inst/src_gray_ff_reg[4]}]] -to [get_cells [list {design_1_i/camera_in/mipi_csi2_rx_subsyst_0/inst/rx/inst/gen_pkt_fifo/pkt_fifo/gnuram_async_fifo.xpm_fifo_base_inst/gen_cdc_pntr.rd_pntr_cdc_inst/dest_graysync_ff_reg[0][0]} {design_1_i/camera_in/mipi_csi2_rx_subsyst_0/inst/rx/inst/gen_pkt_fifo/pkt_fifo/gnuram_async_fifo.xpm_fifo_base_inst/gen_cdc_pntr.rd_pntr_cdc_inst/dest_graysync_ff_reg[0][1]} {design_1_i/camera_in/mipi_csi2_rx_subsyst_0/inst/rx/inst/gen_pkt_fifo/pkt_fifo/gnuram_async_fifo.xpm_fifo_base_inst/gen_cdc_pntr.rd_pntr_cdc_inst/dest_graysync_ff_reg[0][2]} {design_1_i/camera_in/mipi_csi2_rx_subsyst_0/inst/rx/inst/gen_pkt_fifo/pkt_fifo/gnuram_async_fifo.xpm_fifo_base_inst/gen_cdc_pntr.rd_pntr_cdc_inst/dest_graysync_ff_reg[0][3]} {design_1_i/camera_in/mipi_csi2_rx_subsyst_0/inst/rx/inst/gen_pkt_fifo/pkt_fifo/gnuram_async_fifo.xpm_fifo_base_inst/gen_cdc_pntr.rd_pntr_cdc_inst/dest_graysync_ff_reg[0][4]}]] 5.332
Requirement: 5.332ns
Endpoints: 5

From Clock            To Clock              Endpoint Pin                    Reference Pin                   Corner  Actual(ns)  Slack(ns)
--------------------  --------------------  ------------------------------  ------------------------------  ------  ----------  ---------
clk_fpga_1            phy_n_6               design_1_i/camera_in/mipi_csi2_rx_subsyst_0/inst/rx/inst/gen_pkt_fifo/pkt_fifo/gnuram_async_fifo.xpm_fifo_base_inst/gen_cdc_pntr.rd_pntr_cdc_inst/dest_graysync_ff_reg[0][1]/D
                                                                            design_1_i/camera_in/mipi_csi2_rx_subsyst_0/inst/rx/inst/gen_pkt_fifo/pkt_fifo/gnuram_async_fifo.xpm_fifo_base_inst/gen_cdc_pntr.rd_pntr_cdc_inst/dest_graysync_ff_reg[0][4]/D
                                                                                                            Slow         0.739      4.593


Slack (MET) :             4.593ns  (requirement - actual skew)
  Endpoint Source:        design_1_i/camera_in/mipi_csi2_rx_subsyst_0/inst/rx/inst/gen_pkt_fifo/pkt_fifo/gnuram_async_fifo.xpm_fifo_base_inst/gen_cdc_pntr.rd_pntr_cdc_inst/src_gray_ff_reg[1]/C
                            (rising edge-triggered cell FDRE clocked by clk_fpga_1)
  Endpoint Destination:   design_1_i/camera_in/mipi_csi2_rx_subsyst_0/inst/rx/inst/gen_pkt_fifo/pkt_fifo/gnuram_async_fifo.xpm_fifo_base_inst/gen_cdc_pntr.rd_pntr_cdc_inst/dest_graysync_ff_reg[0][1]/D
                            (rising edge-triggered cell FDRE clocked by phy_n_6)
  Reference Source:       design_1_i/camera_in/mipi_csi2_rx_subsyst_0/inst/rx/inst/gen_pkt_fifo/pkt_fifo/gnuram_async_fifo.xpm_fifo_base_inst/gen_cdc_pntr.rd_pntr_cdc_inst/src_gray_ff_reg[4]/C
                            (rising edge-triggered cell FDRE clocked by clk_fpga_1)
  Reference Destination:  design_1_i/camera_in/mipi_csi2_rx_subsyst_0/inst/rx/inst/gen_pkt_fifo/pkt_fifo/gnuram_async_fifo.xpm_fifo_base_inst/gen_cdc_pntr.rd_pntr_cdc_inst/dest_graysync_ff_reg[0][4]/D
                            (rising edge-triggered cell FDRE clocked by phy_n_6)
  Path Type:              Bus Skew (Max at Slow Process Corner)
  Requirement:            5.332ns
  Endpoint Relative Delay:    1.165ns
  Reference Relative Delay:   0.066ns
  Relative CRPR:              0.360ns
  Actual Bus Skew:            0.739ns  (Endpoint Relative Delay - Reference Relative Delay - Relative CRPR)

Endpoint path:
    Location             Delay type                Incr(ns)  Path(ns)    Netlist Resource(s)
  -------------------------------------------------------------------    -------------------
                         (clock clk_fpga_1 rise edge)
                                                      0.000     0.000 r  
    PS7_X0Y0             PS7                          0.000     0.000 r  design_1_i/processing_system7_0/inst/PS7_i/FCLKCLK[1]
                         net (fo=1, routed)           0.994     0.994    design_1_i/processing_system7_0/inst/FCLK_CLK_unbuffered[1]
    BUFGCTRL_X0Y16       BUFG (Prop_bufg_I_O)         0.085     1.079 r  design_1_i/processing_system7_0/inst/buffer_fclk_clk_1.FCLK_CLK_1_BUFG/O
                         net (fo=18021, routed)       1.661     2.740    design_1_i/camera_in/mipi_csi2_rx_subsyst_0/inst/rx/inst/gen_pkt_fifo/pkt_fifo/gnuram_async_fifo.xpm_fifo_base_inst/gen_cdc_pntr.rd_pntr_cdc_inst/src_clk
    SLICE_X98Y128        FDRE                                         r  design_1_i/camera_in/mipi_csi2_rx_subsyst_0/inst/rx/inst/gen_pkt_fifo/pkt_fifo/gnuram_async_fifo.xpm_fifo_base_inst/gen_cdc_pntr.rd_pntr_cdc_inst/src_gray_ff_reg[1]/C
  -------------------------------------------------------------------    -------------------
    SLICE_X98Y128        FDRE (Prop_fdre_C_Q)         0.398     3.138 r  design_1_i/camera_in/mipi_csi2_rx_subsyst_0/inst/rx/inst/gen_pkt_fifo/pkt_fifo/gnuram_async_fifo.xpm_fifo_base_inst/gen_cdc_pntr.rd_pntr_cdc_inst/src_gray_ff_reg[1]/Q
                         net (fo=1, routed)           0.473     3.611    design_1_i/camera_in/mipi_csi2_rx_subsyst_0/inst/rx/inst/gen_pkt_fifo/pkt_fifo/gnuram_async_fifo.xpm_fifo_base_inst/gen_cdc_pntr.rd_pntr_cdc_inst/async_path[1]
    SLICE_X99Y128        FDRE                                         r  design_1_i/camera_in/mipi_csi2_rx_subsyst_0/inst/rx/inst/gen_pkt_fifo/pkt_fifo/gnuram_async_fifo.xpm_fifo_base_inst/gen_cdc_pntr.rd_pntr_cdc_inst/dest_graysync_ff_reg[0][1]/D
  -------------------------------------------------------------------    -------------------

                         (clock phy_n_6 rise edge)    0.000     0.000 r  
    J18                                               0.000     0.000 r  mipi_phy_if_0_clk_hs_p (IN)
                         net (fo=0)                   0.000     0.000    design_1_i/camera_in/mipi_csi2_rx_subsyst_0/inst/phy/inst/inst/bd_d10d_phy_0_rx_support_i/slave_rx.bd_d10d_phy_0_rx_ioi_i/clk_hs_rxp
    J18                  IBUFDS (Prop_ibufds_I_O)     0.837     0.837 r  design_1_i/camera_in/mipi_csi2_rx_subsyst_0/inst/phy/inst/inst/bd_d10d_phy_0_rx_support_i/slave_rx.bd_d10d_phy_0_rx_ioi_i/ibufds_clk_inst/O
                         net (fo=2, routed)           0.415     1.252    design_1_i/camera_in/mipi_csi2_rx_subsyst_0/inst/phy/inst/inst/bd_d10d_phy_0_rx_support_i/slave_rx.bd_d10d_phy_0_rx_ioi_i/clk_in_int
    BUFR_X1Y9            BUFR (Prop_bufr_I_O)         0.726     1.978 r  design_1_i/camera_in/mipi_csi2_rx_subsyst_0/inst/phy/inst/inst/bd_d10d_phy_0_rx_support_i/slave_rx.bd_d10d_phy_0_rx_ioi_i/clkout_buf_inst/O
                         net (fo=845, routed)         0.668     2.646    design_1_i/camera_in/mipi_csi2_rx_subsyst_0/inst/rx/inst/gen_pkt_fifo/pkt_fifo/gnuram_async_fifo.xpm_fifo_base_inst/gen_cdc_pntr.rd_pntr_cdc_inst/dest_clk
    SLICE_X99Y128        FDRE                                         r  design_1_i/camera_in/mipi_csi2_rx_subsyst_0/inst/rx/inst/gen_pkt_fifo/pkt_fifo/gnuram_async_fifo.xpm_fifo_base_inst/gen_cdc_pntr.rd_pntr_cdc_inst/dest_graysync_ff_reg[0][1]/C
                         clock pessimism              0.000     2.646    
    SLICE_X99Y128        FDRE (Setup_fdre_C_D)       -0.200     2.446    design_1_i/camera_in/mipi_csi2_rx_subsyst_0/inst/rx/inst/gen_pkt_fifo/pkt_fifo/gnuram_async_fifo.xpm_fifo_base_inst/gen_cdc_pntr.rd_pntr_cdc_inst/dest_graysync_ff_reg[0][1]
  -------------------------------------------------------------------
                         data arrival                           3.611    
                         clock arrival                          2.446    
  -------------------------------------------------------------------
                         relative delay                         1.165    

Reference path:
    Location             Delay type                Incr(ns)  Path(ns)    Netlist Resource(s)
  -------------------------------------------------------------------    -------------------
                         (clock clk_fpga_1 rise edge)
                                                      0.000     0.000 r  
    PS7_X0Y0             PS7                          0.000     0.000 r  design_1_i/processing_system7_0/inst/PS7_i/FCLKCLK[1]
                         net (fo=1, routed)           0.905     0.905    design_1_i/processing_system7_0/inst/FCLK_CLK_unbuffered[1]
    BUFGCTRL_X0Y16       BUFG (Prop_bufg_I_O)         0.077     0.982 r  design_1_i/processing_system7_0/inst/buffer_fclk_clk_1.FCLK_CLK_1_BUFG/O
                         net (fo=18021, routed)       1.489     2.471    design_1_i/camera_in/mipi_csi2_rx_subsyst_0/inst/rx/inst/gen_pkt_fifo/pkt_fifo/gnuram_async_fifo.xpm_fifo_base_inst/gen_cdc_pntr.rd_pntr_cdc_inst/src_clk
    SLICE_X95Y127        FDRE                                         r  design_1_i/camera_in/mipi_csi2_rx_subsyst_0/inst/rx/inst/gen_pkt_fifo/pkt_fifo/gnuram_async_fifo.xpm_fifo_base_inst/gen_cdc_pntr.rd_pntr_cdc_inst/src_gray_ff_reg[4]/C
  -------------------------------------------------------------------    -------------------
    SLICE_X95Y127        FDRE (Prop_fdre_C_Q)         0.304     2.775 r  design_1_i/camera_in/mipi_csi2_rx_subsyst_0/inst/rx/inst/gen_pkt_fifo/pkt_fifo/gnuram_async_fifo.xpm_fifo_base_inst/gen_cdc_pntr.rd_pntr_cdc_inst/src_gray_ff_reg[4]/Q
                         net (fo=1, routed)           0.289     3.064    design_1_i/camera_in/mipi_csi2_rx_subsyst_0/inst/rx/inst/gen_pkt_fifo/pkt_fifo/gnuram_async_fifo.xpm_fifo_base_inst/gen_cdc_pntr.rd_pntr_cdc_inst/async_path[4]
    SLICE_X95Y128        FDRE                                         r  design_1_i/camera_in/mipi_csi2_rx_subsyst_0/inst/rx/inst/gen_pkt_fifo/pkt_fifo/gnuram_async_fifo.xpm_fifo_base_inst/gen_cdc_pntr.rd_pntr_cdc_inst/dest_graysync_ff_reg[0][4]/D
  -------------------------------------------------------------------    -------------------

                         (clock phy_n_6 rise edge)    0.000     0.000 r  
    J18                                               0.000     0.000 r  mipi_phy_if_0_clk_hs_p (IN)
                         net (fo=0)                   0.000     0.000    design_1_i/camera_in/mipi_csi2_rx_subsyst_0/inst/phy/inst/inst/bd_d10d_phy_0_rx_support_i/slave_rx.bd_d10d_phy_0_rx_ioi_i/clk_hs_rxp
    J18                  IBUFDS (Prop_ibufds_I_O)     0.876     0.876 r  design_1_i/camera_in/mipi_csi2_rx_subsyst_0/inst/phy/inst/inst/bd_d10d_phy_0_rx_support_i/slave_rx.bd_d10d_phy_0_rx_ioi_i/ibufds_clk_inst/O
                         net (fo=2, routed)           0.459     1.335    design_1_i/camera_in/mipi_csi2_rx_subsyst_0/inst/phy/inst/inst/bd_d10d_phy_0_rx_support_i/slave_rx.bd_d10d_phy_0_rx_ioi_i/clk_in_int
    BUFR_X1Y9            BUFR (Prop_bufr_I_O)         0.795     2.130 r  design_1_i/camera_in/mipi_csi2_rx_subsyst_0/inst/phy/inst/inst/bd_d10d_phy_0_rx_support_i/slave_rx.bd_d10d_phy_0_rx_ioi_i/clkout_buf_inst/O
                         net (fo=845, routed)         0.730     2.860    design_1_i/camera_in/mipi_csi2_rx_subsyst_0/inst/rx/inst/gen_pkt_fifo/pkt_fifo/gnuram_async_fifo.xpm_fifo_base_inst/gen_cdc_pntr.rd_pntr_cdc_inst/dest_clk
    SLICE_X95Y128        FDRE                                         r  design_1_i/camera_in/mipi_csi2_rx_subsyst_0/inst/rx/inst/gen_pkt_fifo/pkt_fifo/gnuram_async_fifo.xpm_fifo_base_inst/gen_cdc_pntr.rd_pntr_cdc_inst/dest_graysync_ff_reg[0][4]/C
                         clock pessimism              0.000     2.860    
    SLICE_X95Y128        FDRE (Hold_fdre_C_D)         0.138     2.998    design_1_i/camera_in/mipi_csi2_rx_subsyst_0/inst/rx/inst/gen_pkt_fifo/pkt_fifo/gnuram_async_fifo.xpm_fifo_base_inst/gen_cdc_pntr.rd_pntr_cdc_inst/dest_graysync_ff_reg[0][4]
  -------------------------------------------------------------------
                         data arrival                           3.064    
                         clock arrival                          2.998    
  -------------------------------------------------------------------
                         relative delay                         0.066    



Id: 9
set_bus_skew -from [get_cells [list {design_1_i/camera_in/mipi_csi2_rx_subsyst_0/inst/rx/inst/AXI_LITE.reg_inf/gen_spkt_fifo/generic_pkt/gnuram_async_fifo.xpm_fifo_base_inst/gen_cdc_pntr.wr_pntr_cdc_inst/src_gray_ff_reg[0]} {design_1_i/camera_in/mipi_csi2_rx_subsyst_0/inst/rx/inst/AXI_LITE.reg_inf/gen_spkt_fifo/generic_pkt/gnuram_async_fifo.xpm_fifo_base_inst/gen_cdc_pntr.wr_pntr_cdc_inst/src_gray_ff_reg[1]} {design_1_i/camera_in/mipi_csi2_rx_subsyst_0/inst/rx/inst/AXI_LITE.reg_inf/gen_spkt_fifo/generic_pkt/gnuram_async_fifo.xpm_fifo_base_inst/gen_cdc_pntr.wr_pntr_cdc_inst/src_gray_ff_reg[2]} {design_1_i/camera_in/mipi_csi2_rx_subsyst_0/inst/rx/inst/AXI_LITE.reg_inf/gen_spkt_fifo/generic_pkt/gnuram_async_fifo.xpm_fifo_base_inst/gen_cdc_pntr.wr_pntr_cdc_inst/src_gray_ff_reg[3]} {design_1_i/camera_in/mipi_csi2_rx_subsyst_0/inst/rx/inst/AXI_LITE.reg_inf/gen_spkt_fifo/generic_pkt/gnuram_async_fifo.xpm_fifo_base_inst/gen_cdc_pntr.wr_pntr_cdc_inst/src_gray_ff_reg[4]}]] -to [get_cells [list {design_1_i/camera_in/mipi_csi2_rx_subsyst_0/inst/rx/inst/AXI_LITE.reg_inf/gen_spkt_fifo/generic_pkt/gnuram_async_fifo.xpm_fifo_base_inst/gen_cdc_pntr.wr_pntr_cdc_inst/dest_graysync_ff_reg[0][0]} {design_1_i/camera_in/mipi_csi2_rx_subsyst_0/inst/rx/inst/AXI_LITE.reg_inf/gen_spkt_fifo/generic_pkt/gnuram_async_fifo.xpm_fifo_base_inst/gen_cdc_pntr.wr_pntr_cdc_inst/dest_graysync_ff_reg[0][1]} {design_1_i/camera_in/mipi_csi2_rx_subsyst_0/inst/rx/inst/AXI_LITE.reg_inf/gen_spkt_fifo/generic_pkt/gnuram_async_fifo.xpm_fifo_base_inst/gen_cdc_pntr.wr_pntr_cdc_inst/dest_graysync_ff_reg[0][2]} {design_1_i/camera_in/mipi_csi2_rx_subsyst_0/inst/rx/inst/AXI_LITE.reg_inf/gen_spkt_fifo/generic_pkt/gnuram_async_fifo.xpm_fifo_base_inst/gen_cdc_pntr.wr_pntr_cdc_inst/dest_graysync_ff_reg[0][3]} {design_1_i/camera_in/mipi_csi2_rx_subsyst_0/inst/rx/inst/AXI_LITE.reg_inf/gen_spkt_fifo/generic_pkt/gnuram_async_fifo.xpm_fifo_base_inst/gen_cdc_pntr.wr_pntr_cdc_inst/dest_graysync_ff_reg[0][4]}]] 6.562
Requirement: 6.562ns
Endpoints: 5

From Clock            To Clock              Endpoint Pin                    Reference Pin                   Corner  Actual(ns)  Slack(ns)
--------------------  --------------------  ------------------------------  ------------------------------  ------  ----------  ---------
clk_fpga_1            clk_fpga_0            design_1_i/camera_in/mipi_csi2_rx_subsyst_0/inst/rx/inst/AXI_LITE.reg_inf/gen_spkt_fifo/generic_pkt/gnuram_async_fifo.xpm_fifo_base_inst/gen_cdc_pntr.wr_pntr_cdc_inst/dest_graysync_ff_reg[0][1]/D
                                                                            design_1_i/camera_in/mipi_csi2_rx_subsyst_0/inst/rx/inst/AXI_LITE.reg_inf/gen_spkt_fifo/generic_pkt/gnuram_async_fifo.xpm_fifo_base_inst/gen_cdc_pntr.wr_pntr_cdc_inst/dest_graysync_ff_reg[0][4]/D
                                                                                                            Slow         0.464      6.098


Slack (MET) :             6.098ns  (requirement - actual skew)
  Endpoint Source:        design_1_i/camera_in/mipi_csi2_rx_subsyst_0/inst/rx/inst/AXI_LITE.reg_inf/gen_spkt_fifo/generic_pkt/gnuram_async_fifo.xpm_fifo_base_inst/gen_cdc_pntr.wr_pntr_cdc_inst/src_gray_ff_reg[1]/C
                            (rising edge-triggered cell FDRE clocked by clk_fpga_1)
  Endpoint Destination:   design_1_i/camera_in/mipi_csi2_rx_subsyst_0/inst/rx/inst/AXI_LITE.reg_inf/gen_spkt_fifo/generic_pkt/gnuram_async_fifo.xpm_fifo_base_inst/gen_cdc_pntr.wr_pntr_cdc_inst/dest_graysync_ff_reg[0][1]/D
                            (rising edge-triggered cell FDRE clocked by clk_fpga_0)
  Reference Source:       design_1_i/camera_in/mipi_csi2_rx_subsyst_0/inst/rx/inst/AXI_LITE.reg_inf/gen_spkt_fifo/generic_pkt/gnuram_async_fifo.xpm_fifo_base_inst/gen_cdc_pntr.wr_pntr_cdc_inst/src_gray_ff_reg[4]/C
                            (rising edge-triggered cell FDRE clocked by clk_fpga_1)
  Reference Destination:  design_1_i/camera_in/mipi_csi2_rx_subsyst_0/inst/rx/inst/AXI_LITE.reg_inf/gen_spkt_fifo/generic_pkt/gnuram_async_fifo.xpm_fifo_base_inst/gen_cdc_pntr.wr_pntr_cdc_inst/dest_graysync_ff_reg[0][4]/D
                            (rising edge-triggered cell FDRE clocked by clk_fpga_0)
  Path Type:              Bus Skew (Max at Slow Process Corner)
  Requirement:            6.562ns
  Endpoint Relative Delay:    1.164ns
  Reference Relative Delay:   0.192ns
  Relative CRPR:              0.508ns
  Actual Bus Skew:            0.464ns  (Endpoint Relative Delay - Reference Relative Delay - Relative CRPR)

Endpoint path:
    Location             Delay type                Incr(ns)  Path(ns)    Netlist Resource(s)
  -------------------------------------------------------------------    -------------------
                         (clock clk_fpga_1 rise edge)
                                                      0.000     0.000 r  
    PS7_X0Y0             PS7                          0.000     0.000 r  design_1_i/processing_system7_0/inst/PS7_i/FCLKCLK[1]
                         net (fo=1, routed)           0.994     0.994    design_1_i/processing_system7_0/inst/FCLK_CLK_unbuffered[1]
    BUFGCTRL_X0Y16       BUFG (Prop_bufg_I_O)         0.085     1.079 r  design_1_i/processing_system7_0/inst/buffer_fclk_clk_1.FCLK_CLK_1_BUFG/O
                         net (fo=18021, routed)       1.602     2.681    design_1_i/camera_in/mipi_csi2_rx_subsyst_0/inst/rx/inst/AXI_LITE.reg_inf/gen_spkt_fifo/generic_pkt/gnuram_async_fifo.xpm_fifo_base_inst/gen_cdc_pntr.wr_pntr_cdc_inst/src_clk
    SLICE_X63Y130        FDRE                                         r  design_1_i/camera_in/mipi_csi2_rx_subsyst_0/inst/rx/inst/AXI_LITE.reg_inf/gen_spkt_fifo/generic_pkt/gnuram_async_fifo.xpm_fifo_base_inst/gen_cdc_pntr.wr_pntr_cdc_inst/src_gray_ff_reg[1]/C
  -------------------------------------------------------------------    -------------------
    SLICE_X63Y130        FDRE (Prop_fdre_C_Q)         0.348     3.029 r  design_1_i/camera_in/mipi_csi2_rx_subsyst_0/inst/rx/inst/AXI_LITE.reg_inf/gen_spkt_fifo/generic_pkt/gnuram_async_fifo.xpm_fifo_base_inst/gen_cdc_pntr.wr_pntr_cdc_inst/src_gray_ff_reg[1]/Q
                         net (fo=1, routed)           0.383     3.412    design_1_i/camera_in/mipi_csi2_rx_subsyst_0/inst/rx/inst/AXI_LITE.reg_inf/gen_spkt_fifo/generic_pkt/gnuram_async_fifo.xpm_fifo_base_inst/gen_cdc_pntr.wr_pntr_cdc_inst/async_path[1]
    SLICE_X62Y130        FDRE                                         r  design_1_i/camera_in/mipi_csi2_rx_subsyst_0/inst/rx/inst/AXI_LITE.reg_inf/gen_spkt_fifo/generic_pkt/gnuram_async_fifo.xpm_fifo_base_inst/gen_cdc_pntr.wr_pntr_cdc_inst/dest_graysync_ff_reg[0][1]/D
  -------------------------------------------------------------------    -------------------

                         (clock clk_fpga_0 rise edge)
                                                      0.000     0.000 r  
    PS7_X0Y0             PS7                          0.000     0.000 r  design_1_i/processing_system7_0/inst/PS7_i/FCLKCLK[0]
                         net (fo=1, routed)           0.905     0.905    design_1_i/processing_system7_0/inst/FCLK_CLK_unbuffered[0]
    BUFGCTRL_X0Y17       BUFG (Prop_bufg_I_O)         0.077     0.982 r  design_1_i/processing_system7_0/inst/buffer_fclk_clk_0.FCLK_CLK_0_BUFG/O
                         net (fo=14268, routed)       1.432     2.414    design_1_i/camera_in/mipi_csi2_rx_subsyst_0/inst/rx/inst/AXI_LITE.reg_inf/gen_spkt_fifo/generic_pkt/gnuram_async_fifo.xpm_fifo_base_inst/gen_cdc_pntr.wr_pntr_cdc_inst/dest_clk
    SLICE_X62Y130        FDRE                                         r  design_1_i/camera_in/mipi_csi2_rx_subsyst_0/inst/rx/inst/AXI_LITE.reg_inf/gen_spkt_fifo/generic_pkt/gnuram_async_fifo.xpm_fifo_base_inst/gen_cdc_pntr.wr_pntr_cdc_inst/dest_graysync_ff_reg[0][1]/C
                         clock pessimism              0.000     2.414    
    SLICE_X62Y130        FDRE (Setup_fdre_C_D)       -0.166     2.248    design_1_i/camera_in/mipi_csi2_rx_subsyst_0/inst/rx/inst/AXI_LITE.reg_inf/gen_spkt_fifo/generic_pkt/gnuram_async_fifo.xpm_fifo_base_inst/gen_cdc_pntr.wr_pntr_cdc_inst/dest_graysync_ff_reg[0][1]
  -------------------------------------------------------------------
                         data arrival                           3.412    
                         clock arrival                          2.248    
  -------------------------------------------------------------------
                         relative delay                         1.164    

Reference path:
    Location             Delay type                Incr(ns)  Path(ns)    Netlist Resource(s)
  -------------------------------------------------------------------    -------------------
                         (clock clk_fpga_1 rise edge)
                                                      0.000     0.000 r  
    PS7_X0Y0             PS7                          0.000     0.000 r  design_1_i/processing_system7_0/inst/PS7_i/FCLKCLK[1]
                         net (fo=1, routed)           0.905     0.905    design_1_i/processing_system7_0/inst/FCLK_CLK_unbuffered[1]
    BUFGCTRL_X0Y16       BUFG (Prop_bufg_I_O)         0.077     0.982 r  design_1_i/processing_system7_0/inst/buffer_fclk_clk_1.FCLK_CLK_1_BUFG/O
                         net (fo=18021, routed)       1.432     2.414    design_1_i/camera_in/mipi_csi2_rx_subsyst_0/inst/rx/inst/AXI_LITE.reg_inf/gen_spkt_fifo/generic_pkt/gnuram_async_fifo.xpm_fifo_base_inst/gen_cdc_pntr.wr_pntr_cdc_inst/src_clk
    SLICE_X63Y130        FDRE                                         r  design_1_i/camera_in/mipi_csi2_rx_subsyst_0/inst/rx/inst/AXI_LITE.reg_inf/gen_spkt_fifo/generic_pkt/gnuram_async_fifo.xpm_fifo_base_inst/gen_cdc_pntr.wr_pntr_cdc_inst/src_gray_ff_reg[4]/C
  -------------------------------------------------------------------    -------------------
    SLICE_X63Y130        FDRE (Prop_fdre_C_Q)         0.304     2.718 r  design_1_i/camera_in/mipi_csi2_rx_subsyst_0/inst/rx/inst/AXI_LITE.reg_inf/gen_spkt_fifo/generic_pkt/gnuram_async_fifo.xpm_fifo_base_inst/gen_cdc_pntr.wr_pntr_cdc_inst/src_gray_ff_reg[4]/Q
                         net (fo=1, routed)           0.295     3.013    design_1_i/camera_in/mipi_csi2_rx_subsyst_0/inst/rx/inst/AXI_LITE.reg_inf/gen_spkt_fifo/generic_pkt/gnuram_async_fifo.xpm_fifo_base_inst/gen_cdc_pntr.wr_pntr_cdc_inst/async_path[4]
    SLICE_X63Y131        FDRE                                         r  design_1_i/camera_in/mipi_csi2_rx_subsyst_0/inst/rx/inst/AXI_LITE.reg_inf/gen_spkt_fifo/generic_pkt/gnuram_async_fifo.xpm_fifo_base_inst/gen_cdc_pntr.wr_pntr_cdc_inst/dest_graysync_ff_reg[0][4]/D
  -------------------------------------------------------------------    -------------------

                         (clock clk_fpga_0 rise edge)
                                                      0.000     0.000 r  
    PS7_X0Y0             PS7                          0.000     0.000 r  design_1_i/processing_system7_0/inst/PS7_i/FCLKCLK[0]
                         net (fo=1, routed)           0.994     0.994    design_1_i/processing_system7_0/inst/FCLK_CLK_unbuffered[0]
    BUFGCTRL_X0Y17       BUFG (Prop_bufg_I_O)         0.085     1.079 r  design_1_i/processing_system7_0/inst/buffer_fclk_clk_0.FCLK_CLK_0_BUFG/O
                         net (fo=14268, routed)       1.603     2.682    design_1_i/camera_in/mipi_csi2_rx_subsyst_0/inst/rx/inst/AXI_LITE.reg_inf/gen_spkt_fifo/generic_pkt/gnuram_async_fifo.xpm_fifo_base_inst/gen_cdc_pntr.wr_pntr_cdc_inst/dest_clk
    SLICE_X63Y131        FDRE                                         r  design_1_i/camera_in/mipi_csi2_rx_subsyst_0/inst/rx/inst/AXI_LITE.reg_inf/gen_spkt_fifo/generic_pkt/gnuram_async_fifo.xpm_fifo_base_inst/gen_cdc_pntr.wr_pntr_cdc_inst/dest_graysync_ff_reg[0][4]/C
                         clock pessimism              0.000     2.682    
    SLICE_X63Y131        FDRE (Hold_fdre_C_D)         0.139     2.821    design_1_i/camera_in/mipi_csi2_rx_subsyst_0/inst/rx/inst/AXI_LITE.reg_inf/gen_spkt_fifo/generic_pkt/gnuram_async_fifo.xpm_fifo_base_inst/gen_cdc_pntr.wr_pntr_cdc_inst/dest_graysync_ff_reg[0][4]
  -------------------------------------------------------------------
                         data arrival                           3.013    
                         clock arrival                          2.821    
  -------------------------------------------------------------------
                         relative delay                         0.192    



Id: 10
set_bus_skew -from [get_cells [list {design_1_i/camera_in/mipi_csi2_rx_subsyst_0/inst/rx/inst/AXI_LITE.isr_cdc/ecc_cdc/src_hsdata_ff_reg[0]} {design_1_i/camera_in/mipi_csi2_rx_subsyst_0/inst/rx/inst/AXI_LITE.isr_cdc/ecc_cdc/src_hsdata_ff_reg[1]}]] -to [get_cells [list {design_1_i/camera_in/mipi_csi2_rx_subsyst_0/inst/rx/inst/AXI_LITE.isr_cdc/ecc_cdc/dest_hsdata_ff_reg[0]} {design_1_i/camera_in/mipi_csi2_rx_subsyst_0/inst/rx/inst/AXI_LITE.isr_cdc/ecc_cdc/dest_hsdata_ff_reg[1]}]] 30.000
Requirement: 30.000ns
Endpoints: 2

From Clock            To Clock              Endpoint Pin                    Reference Pin                   Corner  Actual(ns)  Slack(ns)
--------------------  --------------------  ------------------------------  ------------------------------  ------  ----------  ---------
clk_fpga_1            clk_fpga_0            design_1_i/camera_in/mipi_csi2_rx_subsyst_0/inst/rx/inst/AXI_LITE.isr_cdc/ecc_cdc/dest_hsdata_ff_reg[1]/D
                                                                            design_1_i/camera_in/mipi_csi2_rx_subsyst_0/inst/rx/inst/AXI_LITE.isr_cdc/ecc_cdc/dest_hsdata_ff_reg[0]/D
                                                                                                            Slow         0.460     29.540


Slack (MET) :             29.540ns  (requirement - actual skew)
  Endpoint Source:        design_1_i/camera_in/mipi_csi2_rx_subsyst_0/inst/rx/inst/AXI_LITE.isr_cdc/ecc_cdc/src_hsdata_ff_reg[1]/C
                            (rising edge-triggered cell FDRE clocked by clk_fpga_1)
  Endpoint Destination:   design_1_i/camera_in/mipi_csi2_rx_subsyst_0/inst/rx/inst/AXI_LITE.isr_cdc/ecc_cdc/dest_hsdata_ff_reg[1]/D
                            (rising edge-triggered cell FDRE clocked by clk_fpga_0)
  Reference Source:       design_1_i/camera_in/mipi_csi2_rx_subsyst_0/inst/rx/inst/AXI_LITE.isr_cdc/ecc_cdc/src_hsdata_ff_reg[0]/C
                            (rising edge-triggered cell FDRE clocked by clk_fpga_1)
  Reference Destination:  design_1_i/camera_in/mipi_csi2_rx_subsyst_0/inst/rx/inst/AXI_LITE.isr_cdc/ecc_cdc/dest_hsdata_ff_reg[0]/D
                            (rising edge-triggered cell FDRE clocked by clk_fpga_0)
  Path Type:              Bus Skew (Max at Slow Process Corner)
  Requirement:            30.000ns
  Endpoint Relative Delay:    1.197ns
  Reference Relative Delay:   0.204ns
  Relative CRPR:              0.533ns
  Actual Bus Skew:            0.460ns  (Endpoint Relative Delay - Reference Relative Delay - Relative CRPR)

Endpoint path:
    Location             Delay type                Incr(ns)  Path(ns)    Netlist Resource(s)
  -------------------------------------------------------------------    -------------------
                         (clock clk_fpga_1 rise edge)
                                                      0.000     0.000 r  
    PS7_X0Y0             PS7                          0.000     0.000 r  design_1_i/processing_system7_0/inst/PS7_i/FCLKCLK[1]
                         net (fo=1, routed)           0.994     0.994    design_1_i/processing_system7_0/inst/FCLK_CLK_unbuffered[1]
    BUFGCTRL_X0Y16       BUFG (Prop_bufg_I_O)         0.085     1.079 r  design_1_i/processing_system7_0/inst/buffer_fclk_clk_1.FCLK_CLK_1_BUFG/O
                         net (fo=18021, routed)       1.611     2.690    design_1_i/camera_in/mipi_csi2_rx_subsyst_0/inst/rx/inst/AXI_LITE.isr_cdc/ecc_cdc/src_clk
    SLICE_X88Y118        FDRE                                         r  design_1_i/camera_in/mipi_csi2_rx_subsyst_0/inst/rx/inst/AXI_LITE.isr_cdc/ecc_cdc/src_hsdata_ff_reg[1]/C
  -------------------------------------------------------------------    -------------------
    SLICE_X88Y118        FDRE (Prop_fdre_C_Q)         0.348     3.038 r  design_1_i/camera_in/mipi_csi2_rx_subsyst_0/inst/rx/inst/AXI_LITE.isr_cdc/ecc_cdc/src_hsdata_ff_reg[1]/Q
                         net (fo=2, routed)           0.387     3.425    design_1_i/camera_in/mipi_csi2_rx_subsyst_0/inst/rx/inst/AXI_LITE.isr_cdc/ecc_cdc/src_hsdata_ff[1]
    SLICE_X87Y118        FDRE                                         r  design_1_i/camera_in/mipi_csi2_rx_subsyst_0/inst/rx/inst/AXI_LITE.isr_cdc/ecc_cdc/dest_hsdata_ff_reg[1]/D
  -------------------------------------------------------------------    -------------------

                         (clock clk_fpga_0 rise edge)
                                                      0.000     0.000 r  
    PS7_X0Y0             PS7                          0.000     0.000 r  design_1_i/processing_system7_0/inst/PS7_i/FCLKCLK[0]
                         net (fo=1, routed)           0.905     0.905    design_1_i/processing_system7_0/inst/FCLK_CLK_unbuffered[0]
    BUFGCTRL_X0Y17       BUFG (Prop_bufg_I_O)         0.077     0.982 r  design_1_i/processing_system7_0/inst/buffer_fclk_clk_0.FCLK_CLK_0_BUFG/O
                         net (fo=14268, routed)       1.441     2.423    design_1_i/camera_in/mipi_csi2_rx_subsyst_0/inst/rx/inst/AXI_LITE.isr_cdc/ecc_cdc/dest_clk
    SLICE_X87Y118        FDRE                                         r  design_1_i/camera_in/mipi_csi2_rx_subsyst_0/inst/rx/inst/AXI_LITE.isr_cdc/ecc_cdc/dest_hsdata_ff_reg[1]/C
                         clock pessimism              0.000     2.423    
    SLICE_X87Y118        FDRE (Setup_fdre_C_D)       -0.196     2.227    design_1_i/camera_in/mipi_csi2_rx_subsyst_0/inst/rx/inst/AXI_LITE.isr_cdc/ecc_cdc/dest_hsdata_ff_reg[1]
  -------------------------------------------------------------------
                         data arrival                           3.425    
                         clock arrival                          2.227    
  -------------------------------------------------------------------
                         relative delay                         1.197    

Reference path:
    Location             Delay type                Incr(ns)  Path(ns)    Netlist Resource(s)
  -------------------------------------------------------------------    -------------------
                         (clock clk_fpga_1 rise edge)
                                                      0.000     0.000 r  
    PS7_X0Y0             PS7                          0.000     0.000 r  design_1_i/processing_system7_0/inst/PS7_i/FCLKCLK[1]
                         net (fo=1, routed)           0.905     0.905    design_1_i/processing_system7_0/inst/FCLK_CLK_unbuffered[1]
    BUFGCTRL_X0Y16       BUFG (Prop_bufg_I_O)         0.077     0.982 r  design_1_i/processing_system7_0/inst/buffer_fclk_clk_1.FCLK_CLK_1_BUFG/O
                         net (fo=18021, routed)       1.441     2.423    design_1_i/camera_in/mipi_csi2_rx_subsyst_0/inst/rx/inst/AXI_LITE.isr_cdc/ecc_cdc/src_clk
    SLICE_X88Y118        FDRE                                         r  design_1_i/camera_in/mipi_csi2_rx_subsyst_0/inst/rx/inst/AXI_LITE.isr_cdc/ecc_cdc/src_hsdata_ff_reg[0]/C
  -------------------------------------------------------------------    -------------------
    SLICE_X88Y118        FDRE (Prop_fdre_C_Q)         0.304     2.727 r  design_1_i/camera_in/mipi_csi2_rx_subsyst_0/inst/rx/inst/AXI_LITE.isr_cdc/ecc_cdc/src_hsdata_ff_reg[0]/Q
                         net (fo=2, routed)           0.325     3.052    design_1_i/camera_in/mipi_csi2_rx_subsyst_0/inst/rx/inst/AXI_LITE.isr_cdc/ecc_cdc/src_hsdata_ff[0]
    SLICE_X87Y118        FDRE                                         r  design_1_i/camera_in/mipi_csi2_rx_subsyst_0/inst/rx/inst/AXI_LITE.isr_cdc/ecc_cdc/dest_hsdata_ff_reg[0]/D
  -------------------------------------------------------------------    -------------------

                         (clock clk_fpga_0 rise edge)
                                                      0.000     0.000 r  
    PS7_X0Y0             PS7                          0.000     0.000 r  design_1_i/processing_system7_0/inst/PS7_i/FCLKCLK[0]
                         net (fo=1, routed)           0.994     0.994    design_1_i/processing_system7_0/inst/FCLK_CLK_unbuffered[0]
    BUFGCTRL_X0Y17       BUFG (Prop_bufg_I_O)         0.085     1.079 r  design_1_i/processing_system7_0/inst/buffer_fclk_clk_0.FCLK_CLK_0_BUFG/O
                         net (fo=14268, routed)       1.611     2.690    design_1_i/camera_in/mipi_csi2_rx_subsyst_0/inst/rx/inst/AXI_LITE.isr_cdc/ecc_cdc/dest_clk
    SLICE_X87Y118        FDRE                                         r  design_1_i/camera_in/mipi_csi2_rx_subsyst_0/inst/rx/inst/AXI_LITE.isr_cdc/ecc_cdc/dest_hsdata_ff_reg[0]/C
                         clock pessimism              0.000     2.690    
    SLICE_X87Y118        FDRE (Hold_fdre_C_D)         0.158     2.848    design_1_i/camera_in/mipi_csi2_rx_subsyst_0/inst/rx/inst/AXI_LITE.isr_cdc/ecc_cdc/dest_hsdata_ff_reg[0]
  -------------------------------------------------------------------
                         data arrival                           3.052    
                         clock arrival                          2.848    
  -------------------------------------------------------------------
                         relative delay                         0.204    



Id: 11
set_bus_skew -from [get_cells [list {design_1_i/camera_in/mipi_csi2_rx_subsyst_0/inst/rx/inst/AXI_LITE.reg_inf/img_info_cdc/src_hsdata_ff_reg[0]} \
          {design_1_i/camera_in/mipi_csi2_rx_subsyst_0/inst/rx/inst/AXI_LITE.reg_inf/img_info_cdc/src_hsdata_ff_reg[10]} \
          {design_1_i/camera_in/mipi_csi2_rx_subsyst_0/inst/rx/inst/AXI_LITE.reg_inf/img_info_cdc/src_hsdata_ff_reg[11]} \
          {design_1_i/camera_in/mipi_csi2_rx_subsyst_0/inst/rx/inst/AXI_LITE.reg_inf/img_info_cdc/src_hsdata_ff_reg[12]} \
          {design_1_i/camera_in/mipi_csi2_rx_subsyst_0/inst/rx/inst/AXI_LITE.reg_inf/img_info_cdc/src_hsdata_ff_reg[13]} \
          {design_1_i/camera_in/mipi_csi2_rx_subsyst_0/inst/rx/inst/AXI_LITE.reg_inf/img_info_cdc/src_hsdata_ff_reg[14]} \
          {design_1_i/camera_in/mipi_csi2_rx_subsyst_0/inst/rx/inst/AXI_LITE.reg_inf/img_info_cdc/src_hsdata_ff_reg[15]} \
          {design_1_i/camera_in/mipi_csi2_rx_subsyst_0/inst/rx/inst/AXI_LITE.reg_inf/img_info_cdc/src_hsdata_ff_reg[16]} \
          {design_1_i/camera_in/mipi_csi2_rx_subsyst_0/inst/rx/inst/AXI_LITE.reg_inf/img_info_cdc/src_hsdata_ff_reg[17]} \
          {design_1_i/camera_in/mipi_csi2_rx_subsyst_0/inst/rx/inst/AXI_LITE.reg_inf/img_info_cdc/src_hsdata_ff_reg[18]} \
          {design_1_i/camera_in/mipi_csi2_rx_subsyst_0/inst/rx/inst/AXI_LITE.reg_inf/img_info_cdc/src_hsdata_ff_reg[19]} \
          {design_1_i/camera_in/mipi_csi2_rx_subsyst_0/inst/rx/inst/AXI_LITE.reg_inf/img_info_cdc/src_hsdata_ff_reg[1]} \
          {design_1_i/camera_in/mipi_csi2_rx_subsyst_0/inst/rx/inst/AXI_LITE.reg_inf/img_info_cdc/src_hsdata_ff_reg[20]} \
          {design_1_i/camera_in/mipi_csi2_rx_subsyst_0/inst/rx/inst/AXI_LITE.reg_inf/img_info_cdc/src_hsdata_ff_reg[21]} \
          {design_1_i/camera_in/mipi_csi2_rx_subsyst_0/inst/rx/inst/AXI_LITE.reg_inf/img_info_cdc/src_hsdata_ff_reg[22]} \
          {design_1_i/camera_in/mipi_csi2_rx_subsyst_0/inst/rx/inst/AXI_LITE.reg_inf/img_info_cdc/src_hsdata_ff_reg[23]} \
          {design_1_i/camera_in/mipi_csi2_rx_subsyst_0/inst/rx/inst/AXI_LITE.reg_inf/img_info_cdc/src_hsdata_ff_reg[24]} \
          {design_1_i/camera_in/mipi_csi2_rx_subsyst_0/inst/rx/inst/AXI_LITE.reg_inf/img_info_cdc/src_hsdata_ff_reg[25]} \
          {design_1_i/camera_in/mipi_csi2_rx_subsyst_0/inst/rx/inst/AXI_LITE.reg_inf/img_info_cdc/src_hsdata_ff_reg[2]} \
          {design_1_i/camera_in/mipi_csi2_rx_subsyst_0/inst/rx/inst/AXI_LITE.reg_inf/img_info_cdc/src_hsdata_ff_reg[3]} \
          {design_1_i/camera_in/mipi_csi2_rx_subsyst_0/inst/rx/inst/AXI_LITE.reg_inf/img_info_cdc/src_hsdata_ff_reg[4]} \
          {design_1_i/camera_in/mipi_csi2_rx_subsyst_0/inst/rx/inst/AXI_LITE.reg_inf/img_info_cdc/src_hsdata_ff_reg[5]} \
          {design_1_i/camera_in/mipi_csi2_rx_subsyst_0/inst/rx/inst/AXI_LITE.reg_inf/img_info_cdc/src_hsdata_ff_reg[6]} \
          {design_1_i/camera_in/mipi_csi2_rx_subsyst_0/inst/rx/inst/AXI_LITE.reg_inf/img_info_cdc/src_hsdata_ff_reg[7]} \
          {design_1_i/camera_in/mipi_csi2_rx_subsyst_0/inst/rx/inst/AXI_LITE.reg_inf/img_info_cdc/src_hsdata_ff_reg[8]} \
          {design_1_i/camera_in/mipi_csi2_rx_subsyst_0/inst/rx/inst/AXI_LITE.reg_inf/img_info_cdc/src_hsdata_ff_reg[9]}]] -to [get_cells [list {design_1_i/camera_in/mipi_csi2_rx_subsyst_0/inst/rx/inst/AXI_LITE.reg_inf/img_info_cdc/dest_hsdata_ff_reg[0]} \
          {design_1_i/camera_in/mipi_csi2_rx_subsyst_0/inst/rx/inst/AXI_LITE.reg_inf/img_info_cdc/dest_hsdata_ff_reg[10]} \
          {design_1_i/camera_in/mipi_csi2_rx_subsyst_0/inst/rx/inst/AXI_LITE.reg_inf/img_info_cdc/dest_hsdata_ff_reg[11]} \
          {design_1_i/camera_in/mipi_csi2_rx_subsyst_0/inst/rx/inst/AXI_LITE.reg_inf/img_info_cdc/dest_hsdata_ff_reg[12]} \
          {design_1_i/camera_in/mipi_csi2_rx_subsyst_0/inst/rx/inst/AXI_LITE.reg_inf/img_info_cdc/dest_hsdata_ff_reg[13]} \
          {design_1_i/camera_in/mipi_csi2_rx_subsyst_0/inst/rx/inst/AXI_LITE.reg_inf/img_info_cdc/dest_hsdata_ff_reg[14]} \
          {design_1_i/camera_in/mipi_csi2_rx_subsyst_0/inst/rx/inst/AXI_LITE.reg_inf/img_info_cdc/dest_hsdata_ff_reg[15]} \
          {design_1_i/camera_in/mipi_csi2_rx_subsyst_0/inst/rx/inst/AXI_LITE.reg_inf/img_info_cdc/dest_hsdata_ff_reg[16]} \
          {design_1_i/camera_in/mipi_csi2_rx_subsyst_0/inst/rx/inst/AXI_LITE.reg_inf/img_info_cdc/dest_hsdata_ff_reg[17]} \
          {design_1_i/camera_in/mipi_csi2_rx_subsyst_0/inst/rx/inst/AXI_LITE.reg_inf/img_info_cdc/dest_hsdata_ff_reg[18]} \
          {design_1_i/camera_in/mipi_csi2_rx_subsyst_0/inst/rx/inst/AXI_LITE.reg_inf/img_info_cdc/dest_hsdata_ff_reg[19]} \
          {design_1_i/camera_in/mipi_csi2_rx_subsyst_0/inst/rx/inst/AXI_LITE.reg_inf/img_info_cdc/dest_hsdata_ff_reg[1]} \
          {design_1_i/camera_in/mipi_csi2_rx_subsyst_0/inst/rx/inst/AXI_LITE.reg_inf/img_info_cdc/dest_hsdata_ff_reg[20]} \
          {design_1_i/camera_in/mipi_csi2_rx_subsyst_0/inst/rx/inst/AXI_LITE.reg_inf/img_info_cdc/dest_hsdata_ff_reg[21]} \
          {design_1_i/camera_in/mipi_csi2_rx_subsyst_0/inst/rx/inst/AXI_LITE.reg_inf/img_info_cdc/dest_hsdata_ff_reg[22]} \
          {design_1_i/camera_in/mipi_csi2_rx_subsyst_0/inst/rx/inst/AXI_LITE.reg_inf/img_info_cdc/dest_hsdata_ff_reg[23]} \
          {design_1_i/camera_in/mipi_csi2_rx_subsyst_0/inst/rx/inst/AXI_LITE.reg_inf/img_info_cdc/dest_hsdata_ff_reg[24]} \
          {design_1_i/camera_in/mipi_csi2_rx_subsyst_0/inst/rx/inst/AXI_LITE.reg_inf/img_info_cdc/dest_hsdata_ff_reg[25]} \
          {design_1_i/camera_in/mipi_csi2_rx_subsyst_0/inst/rx/inst/AXI_LITE.reg_inf/img_info_cdc/dest_hsdata_ff_reg[2]} \
          {design_1_i/camera_in/mipi_csi2_rx_subsyst_0/inst/rx/inst/AXI_LITE.reg_inf/img_info_cdc/dest_hsdata_ff_reg[3]} \
          {design_1_i/camera_in/mipi_csi2_rx_subsyst_0/inst/rx/inst/AXI_LITE.reg_inf/img_info_cdc/dest_hsdata_ff_reg[4]} \
          {design_1_i/camera_in/mipi_csi2_rx_subsyst_0/inst/rx/inst/AXI_LITE.reg_inf/img_info_cdc/dest_hsdata_ff_reg[5]} \
          {design_1_i/camera_in/mipi_csi2_rx_subsyst_0/inst/rx/inst/AXI_LITE.reg_inf/img_info_cdc/dest_hsdata_ff_reg[6]} \
          {design_1_i/camera_in/mipi_csi2_rx_subsyst_0/inst/rx/inst/AXI_LITE.reg_inf/img_info_cdc/dest_hsdata_ff_reg[7]} \
          {design_1_i/camera_in/mipi_csi2_rx_subsyst_0/inst/rx/inst/AXI_LITE.reg_inf/img_info_cdc/dest_hsdata_ff_reg[8]} \
          {design_1_i/camera_in/mipi_csi2_rx_subsyst_0/inst/rx/inst/AXI_LITE.reg_inf/img_info_cdc/dest_hsdata_ff_reg[9]}]] 30.000
Requirement: 30.000ns
Endpoints: 26

From Clock            To Clock              Endpoint Pin                    Reference Pin                   Corner  Actual(ns)  Slack(ns)
--------------------  --------------------  ------------------------------  ------------------------------  ------  ----------  ---------
clk_fpga_1            clk_fpga_0            design_1_i/camera_in/mipi_csi2_rx_subsyst_0/inst/rx/inst/AXI_LITE.reg_inf/img_info_cdc/dest_hsdata_ff_reg[21]/D
                                                                            design_1_i/camera_in/mipi_csi2_rx_subsyst_0/inst/rx/inst/AXI_LITE.reg_inf/img_info_cdc/dest_hsdata_ff_reg[14]/D
                                                                                                            Slow         1.315     28.685


Slack (MET) :             28.685ns  (requirement - actual skew)
  Endpoint Source:        design_1_i/camera_in/mipi_csi2_rx_subsyst_0/inst/rx/inst/AXI_LITE.reg_inf/img_info_cdc/src_hsdata_ff_reg[21]/C
                            (rising edge-triggered cell FDRE clocked by clk_fpga_1)
  Endpoint Destination:   design_1_i/camera_in/mipi_csi2_rx_subsyst_0/inst/rx/inst/AXI_LITE.reg_inf/img_info_cdc/dest_hsdata_ff_reg[21]/D
                            (rising edge-triggered cell FDRE clocked by clk_fpga_0)
  Reference Source:       design_1_i/camera_in/mipi_csi2_rx_subsyst_0/inst/rx/inst/AXI_LITE.reg_inf/img_info_cdc/src_hsdata_ff_reg[14]/C
                            (rising edge-triggered cell FDRE clocked by clk_fpga_1)
  Reference Destination:  design_1_i/camera_in/mipi_csi2_rx_subsyst_0/inst/rx/inst/AXI_LITE.reg_inf/img_info_cdc/dest_hsdata_ff_reg[14]/D
                            (rising edge-triggered cell FDRE clocked by clk_fpga_0)
  Path Type:              Bus Skew (Max at Slow Process Corner)
  Requirement:            30.000ns
  Endpoint Relative Delay:    1.909ns
  Reference Relative Delay:   0.179ns
  Relative CRPR:              0.415ns
  Actual Bus Skew:            1.315ns  (Endpoint Relative Delay - Reference Relative Delay - Relative CRPR)

Endpoint path:
    Location             Delay type                Incr(ns)  Path(ns)    Netlist Resource(s)
  -------------------------------------------------------------------    -------------------
                         (clock clk_fpga_1 rise edge)
                                                      0.000     0.000 r  
    PS7_X0Y0             PS7                          0.000     0.000 r  design_1_i/processing_system7_0/inst/PS7_i/FCLKCLK[1]
                         net (fo=1, routed)           0.994     0.994    design_1_i/processing_system7_0/inst/FCLK_CLK_unbuffered[1]
    BUFGCTRL_X0Y16       BUFG (Prop_bufg_I_O)         0.085     1.079 r  design_1_i/processing_system7_0/inst/buffer_fclk_clk_1.FCLK_CLK_1_BUFG/O
                         net (fo=18021, routed)       1.602     2.681    design_1_i/camera_in/mipi_csi2_rx_subsyst_0/inst/rx/inst/AXI_LITE.reg_inf/img_info_cdc/src_clk
    SLICE_X83Y125        FDRE                                         r  design_1_i/camera_in/mipi_csi2_rx_subsyst_0/inst/rx/inst/AXI_LITE.reg_inf/img_info_cdc/src_hsdata_ff_reg[21]/C
  -------------------------------------------------------------------    -------------------
    SLICE_X83Y125        FDRE (Prop_fdre_C_Q)         0.379     3.060 r  design_1_i/camera_in/mipi_csi2_rx_subsyst_0/inst/rx/inst/AXI_LITE.reg_inf/img_info_cdc/src_hsdata_ff_reg[21]/Q
                         net (fo=1, routed)           1.229     4.289    design_1_i/camera_in/mipi_csi2_rx_subsyst_0/inst/rx/inst/AXI_LITE.reg_inf/img_info_cdc/src_hsdata_ff[21]
    SLICE_X82Y125        FDRE                                         r  design_1_i/camera_in/mipi_csi2_rx_subsyst_0/inst/rx/inst/AXI_LITE.reg_inf/img_info_cdc/dest_hsdata_ff_reg[21]/D
  -------------------------------------------------------------------    -------------------

                         (clock clk_fpga_0 rise edge)
                                                      0.000     0.000 r  
    PS7_X0Y0             PS7                          0.000     0.000 r  design_1_i/processing_system7_0/inst/PS7_i/FCLKCLK[0]
                         net (fo=1, routed)           0.905     0.905    design_1_i/processing_system7_0/inst/FCLK_CLK_unbuffered[0]
    BUFGCTRL_X0Y17       BUFG (Prop_bufg_I_O)         0.077     0.982 r  design_1_i/processing_system7_0/inst/buffer_fclk_clk_0.FCLK_CLK_0_BUFG/O
                         net (fo=14268, routed)       1.434     2.416    design_1_i/camera_in/mipi_csi2_rx_subsyst_0/inst/rx/inst/AXI_LITE.reg_inf/img_info_cdc/dest_clk
    SLICE_X82Y125        FDRE                                         r  design_1_i/camera_in/mipi_csi2_rx_subsyst_0/inst/rx/inst/AXI_LITE.reg_inf/img_info_cdc/dest_hsdata_ff_reg[21]/C
                         clock pessimism              0.000     2.416    
    SLICE_X82Y125        FDRE (Setup_fdre_C_D)       -0.037     2.379    design_1_i/camera_in/mipi_csi2_rx_subsyst_0/inst/rx/inst/AXI_LITE.reg_inf/img_info_cdc/dest_hsdata_ff_reg[21]
  -------------------------------------------------------------------
                         data arrival                           4.289    
                         clock arrival                          2.379    
  -------------------------------------------------------------------
                         relative delay                         1.909    

Reference path:
    Location             Delay type                Incr(ns)  Path(ns)    Netlist Resource(s)
  -------------------------------------------------------------------    -------------------
                         (clock clk_fpga_1 rise edge)
                                                      0.000     0.000 r  
    PS7_X0Y0             PS7                          0.000     0.000 r  design_1_i/processing_system7_0/inst/PS7_i/FCLKCLK[1]
                         net (fo=1, routed)           0.905     0.905    design_1_i/processing_system7_0/inst/FCLK_CLK_unbuffered[1]
    BUFGCTRL_X0Y16       BUFG (Prop_bufg_I_O)         0.077     0.982 r  design_1_i/processing_system7_0/inst/buffer_fclk_clk_1.FCLK_CLK_1_BUFG/O
                         net (fo=18021, routed)       1.434     2.416    design_1_i/camera_in/mipi_csi2_rx_subsyst_0/inst/rx/inst/AXI_LITE.reg_inf/img_info_cdc/src_clk
    SLICE_X83Y124        FDRE                                         r  design_1_i/camera_in/mipi_csi2_rx_subsyst_0/inst/rx/inst/AXI_LITE.reg_inf/img_info_cdc/src_hsdata_ff_reg[14]/C
  -------------------------------------------------------------------    -------------------
    SLICE_X83Y124        FDRE (Prop_fdre_C_Q)         0.304     2.720 r  design_1_i/camera_in/mipi_csi2_rx_subsyst_0/inst/rx/inst/AXI_LITE.reg_inf/img_info_cdc/src_hsdata_ff_reg[14]/Q
                         net (fo=1, routed)           0.331     3.051    design_1_i/camera_in/mipi_csi2_rx_subsyst_0/inst/rx/inst/AXI_LITE.reg_inf/img_info_cdc/src_hsdata_ff[14]
    SLICE_X82Y124        FDRE                                         r  design_1_i/camera_in/mipi_csi2_rx_subsyst_0/inst/rx/inst/AXI_LITE.reg_inf/img_info_cdc/dest_hsdata_ff_reg[14]/D
  -------------------------------------------------------------------    -------------------

                         (clock clk_fpga_0 rise edge)
                                                      0.000     0.000 r  
    PS7_X0Y0             PS7                          0.000     0.000 r  design_1_i/processing_system7_0/inst/PS7_i/FCLKCLK[0]
                         net (fo=1, routed)           0.994     0.994    design_1_i/processing_system7_0/inst/FCLK_CLK_unbuffered[0]
    BUFGCTRL_X0Y17       BUFG (Prop_bufg_I_O)         0.085     1.079 r  design_1_i/processing_system7_0/inst/buffer_fclk_clk_0.FCLK_CLK_0_BUFG/O
                         net (fo=14268, routed)       1.602     2.681    design_1_i/camera_in/mipi_csi2_rx_subsyst_0/inst/rx/inst/AXI_LITE.reg_inf/img_info_cdc/dest_clk
    SLICE_X82Y124        FDRE                                         r  design_1_i/camera_in/mipi_csi2_rx_subsyst_0/inst/rx/inst/AXI_LITE.reg_inf/img_info_cdc/dest_hsdata_ff_reg[14]/C
                         clock pessimism              0.000     2.681    
    SLICE_X82Y124        FDRE (Hold_fdre_C_D)         0.191     2.872    design_1_i/camera_in/mipi_csi2_rx_subsyst_0/inst/rx/inst/AXI_LITE.reg_inf/img_info_cdc/dest_hsdata_ff_reg[14]
  -------------------------------------------------------------------
                         data arrival                           3.051    
                         clock arrival                          2.872    
  -------------------------------------------------------------------
                         relative delay                         0.179    



Id: 12
set_bus_skew -from [get_cells [list {design_1_i/ps7_0_axi_periph/m05_couplers/auto_cc/inst/gen_clock_conv.gen_async_lite_conv.clock_conv_lite_fwd_ar/handshake/src_hsdata_ff_reg[0]} {design_1_i/ps7_0_axi_periph/m05_couplers/auto_cc/inst/gen_clock_conv.gen_async_lite_conv.clock_conv_lite_fwd_ar/handshake/src_hsdata_ff_reg[1]} {design_1_i/ps7_0_axi_periph/m05_couplers/auto_cc/inst/gen_clock_conv.gen_async_lite_conv.clock_conv_lite_fwd_ar/handshake/src_hsdata_ff_reg[2]} {design_1_i/ps7_0_axi_periph/m05_couplers/auto_cc/inst/gen_clock_conv.gen_async_lite_conv.clock_conv_lite_fwd_ar/handshake/src_hsdata_ff_reg[3]} {design_1_i/ps7_0_axi_periph/m05_couplers/auto_cc/inst/gen_clock_conv.gen_async_lite_conv.clock_conv_lite_fwd_ar/handshake/src_hsdata_ff_reg[4]} {design_1_i/ps7_0_axi_periph/m05_couplers/auto_cc/inst/gen_clock_conv.gen_async_lite_conv.clock_conv_lite_fwd_ar/handshake/src_hsdata_ff_reg[5]}]] -to [get_cells [list {design_1_i/ps7_0_axi_periph/m05_couplers/auto_cc/inst/gen_clock_conv.gen_async_lite_conv.clock_conv_lite_fwd_ar/handshake/dest_hsdata_ff_reg[0]} {design_1_i/ps7_0_axi_periph/m05_couplers/auto_cc/inst/gen_clock_conv.gen_async_lite_conv.clock_conv_lite_fwd_ar/handshake/dest_hsdata_ff_reg[1]} {design_1_i/ps7_0_axi_periph/m05_couplers/auto_cc/inst/gen_clock_conv.gen_async_lite_conv.clock_conv_lite_fwd_ar/handshake/dest_hsdata_ff_reg[2]} {design_1_i/ps7_0_axi_periph/m05_couplers/auto_cc/inst/gen_clock_conv.gen_async_lite_conv.clock_conv_lite_fwd_ar/handshake/dest_hsdata_ff_reg[3]} {design_1_i/ps7_0_axi_periph/m05_couplers/auto_cc/inst/gen_clock_conv.gen_async_lite_conv.clock_conv_lite_fwd_ar/handshake/dest_hsdata_ff_reg[4]} {design_1_i/ps7_0_axi_periph/m05_couplers/auto_cc/inst/gen_clock_conv.gen_async_lite_conv.clock_conv_lite_fwd_ar/handshake/dest_hsdata_ff_reg[5]}]] 19.686
Requirement: 19.686ns
Endpoints: 6

From Clock            To Clock              Endpoint Pin                    Reference Pin                   Corner  Actual(ns)  Slack(ns)
--------------------  --------------------  ------------------------------  ------------------------------  ------  ----------  ---------
clk_fpga_0            clk_fpga_1            design_1_i/ps7_0_axi_periph/m05_couplers/auto_cc/inst/gen_clock_conv.gen_async_lite_conv.clock_conv_lite_fwd_ar/handshake/dest_hsdata_ff_reg[5]/D
                                                                            design_1_i/ps7_0_axi_periph/m05_couplers/auto_cc/inst/gen_clock_conv.gen_async_lite_conv.clock_conv_lite_fwd_ar/handshake/dest_hsdata_ff_reg[2]/D
                                                                                                            Slow         0.696     18.990


Slack (MET) :             18.990ns  (requirement - actual skew)
  Endpoint Source:        design_1_i/ps7_0_axi_periph/m05_couplers/auto_cc/inst/gen_clock_conv.gen_async_lite_conv.clock_conv_lite_fwd_ar/handshake/src_hsdata_ff_reg[5]/C
                            (rising edge-triggered cell FDRE clocked by clk_fpga_0)
  Endpoint Destination:   design_1_i/ps7_0_axi_periph/m05_couplers/auto_cc/inst/gen_clock_conv.gen_async_lite_conv.clock_conv_lite_fwd_ar/handshake/dest_hsdata_ff_reg[5]/D
                            (rising edge-triggered cell FDRE clocked by clk_fpga_1)
  Reference Source:       design_1_i/ps7_0_axi_periph/m05_couplers/auto_cc/inst/gen_clock_conv.gen_async_lite_conv.clock_conv_lite_fwd_ar/handshake/src_hsdata_ff_reg[2]/C
                            (rising edge-triggered cell FDRE clocked by clk_fpga_0)
  Reference Destination:  design_1_i/ps7_0_axi_periph/m05_couplers/auto_cc/inst/gen_clock_conv.gen_async_lite_conv.clock_conv_lite_fwd_ar/handshake/dest_hsdata_ff_reg[2]/D
                            (rising edge-triggered cell FDRE clocked by clk_fpga_1)
  Path Type:              Bus Skew (Max at Slow Process Corner)
  Requirement:            19.686ns
  Endpoint Relative Delay:    1.458ns
  Reference Relative Delay:   0.253ns
  Relative CRPR:              0.509ns
  Actual Bus Skew:            0.696ns  (Endpoint Relative Delay - Reference Relative Delay - Relative CRPR)

Endpoint path:
    Location             Delay type                Incr(ns)  Path(ns)    Netlist Resource(s)
  -------------------------------------------------------------------    -------------------
                         (clock clk_fpga_0 rise edge)
                                                      0.000     0.000 r  
    PS7_X0Y0             PS7                          0.000     0.000 r  design_1_i/processing_system7_0/inst/PS7_i/FCLKCLK[0]
                         net (fo=1, routed)           0.994     0.994    design_1_i/processing_system7_0/inst/FCLK_CLK_unbuffered[0]
    BUFGCTRL_X0Y17       BUFG (Prop_bufg_I_O)         0.085     1.079 r  design_1_i/processing_system7_0/inst/buffer_fclk_clk_0.FCLK_CLK_0_BUFG/O
                         net (fo=14268, routed)       1.522     2.601    design_1_i/ps7_0_axi_periph/m05_couplers/auto_cc/inst/gen_clock_conv.gen_async_lite_conv.clock_conv_lite_fwd_ar/handshake/src_clk
    SLICE_X93Y43         FDRE                                         r  design_1_i/ps7_0_axi_periph/m05_couplers/auto_cc/inst/gen_clock_conv.gen_async_lite_conv.clock_conv_lite_fwd_ar/handshake/src_hsdata_ff_reg[5]/C
  -------------------------------------------------------------------    -------------------
    SLICE_X93Y43         FDRE (Prop_fdre_C_Q)         0.348     2.949 r  design_1_i/ps7_0_axi_periph/m05_couplers/auto_cc/inst/gen_clock_conv.gen_async_lite_conv.clock_conv_lite_fwd_ar/handshake/src_hsdata_ff_reg[5]/Q
                         net (fo=1, routed)           0.709     3.658    design_1_i/ps7_0_axi_periph/m05_couplers/auto_cc/inst/gen_clock_conv.gen_async_lite_conv.clock_conv_lite_fwd_ar/handshake/src_hsdata_ff[5]
    SLICE_X92Y43         FDRE                                         r  design_1_i/ps7_0_axi_periph/m05_couplers/auto_cc/inst/gen_clock_conv.gen_async_lite_conv.clock_conv_lite_fwd_ar/handshake/dest_hsdata_ff_reg[5]/D
  -------------------------------------------------------------------    -------------------

                         (clock clk_fpga_1 rise edge)
                                                      0.000     0.000 r  
    PS7_X0Y0             PS7                          0.000     0.000 r  design_1_i/processing_system7_0/inst/PS7_i/FCLKCLK[1]
                         net (fo=1, routed)           0.905     0.905    design_1_i/processing_system7_0/inst/FCLK_CLK_unbuffered[1]
    BUFGCTRL_X0Y16       BUFG (Prop_bufg_I_O)         0.077     0.982 r  design_1_i/processing_system7_0/inst/buffer_fclk_clk_1.FCLK_CLK_1_BUFG/O
                         net (fo=18021, routed)       1.364     2.346    design_1_i/ps7_0_axi_periph/m05_couplers/auto_cc/inst/gen_clock_conv.gen_async_lite_conv.clock_conv_lite_fwd_ar/handshake/dest_clk
    SLICE_X92Y43         FDRE                                         r  design_1_i/ps7_0_axi_periph/m05_couplers/auto_cc/inst/gen_clock_conv.gen_async_lite_conv.clock_conv_lite_fwd_ar/handshake/dest_hsdata_ff_reg[5]/C
                         clock pessimism              0.000     2.346    
    SLICE_X92Y43         FDRE (Setup_fdre_C_D)       -0.146     2.200    design_1_i/ps7_0_axi_periph/m05_couplers/auto_cc/inst/gen_clock_conv.gen_async_lite_conv.clock_conv_lite_fwd_ar/handshake/dest_hsdata_ff_reg[5]
  -------------------------------------------------------------------
                         data arrival                           3.658    
                         clock arrival                          2.200    
  -------------------------------------------------------------------
                         relative delay                         1.458    

Reference path:
    Location             Delay type                Incr(ns)  Path(ns)    Netlist Resource(s)
  -------------------------------------------------------------------    -------------------
                         (clock clk_fpga_0 rise edge)
                                                      0.000     0.000 r  
    PS7_X0Y0             PS7                          0.000     0.000 r  design_1_i/processing_system7_0/inst/PS7_i/FCLKCLK[0]
                         net (fo=1, routed)           0.905     0.905    design_1_i/processing_system7_0/inst/FCLK_CLK_unbuffered[0]
    BUFGCTRL_X0Y17       BUFG (Prop_bufg_I_O)         0.077     0.982 r  design_1_i/processing_system7_0/inst/buffer_fclk_clk_0.FCLK_CLK_0_BUFG/O
                         net (fo=14268, routed)       1.364     2.346    design_1_i/ps7_0_axi_periph/m05_couplers/auto_cc/inst/gen_clock_conv.gen_async_lite_conv.clock_conv_lite_fwd_ar/handshake/src_clk
    SLICE_X93Y43         FDRE                                         r  design_1_i/ps7_0_axi_periph/m05_couplers/auto_cc/inst/gen_clock_conv.gen_async_lite_conv.clock_conv_lite_fwd_ar/handshake/src_hsdata_ff_reg[2]/C
  -------------------------------------------------------------------    -------------------
    SLICE_X93Y43         FDRE (Prop_fdre_C_Q)         0.304     2.650 r  design_1_i/ps7_0_axi_periph/m05_couplers/auto_cc/inst/gen_clock_conv.gen_async_lite_conv.clock_conv_lite_fwd_ar/handshake/src_hsdata_ff_reg[2]/Q
                         net (fo=1, routed)           0.407     3.058    design_1_i/ps7_0_axi_periph/m05_couplers/auto_cc/inst/gen_clock_conv.gen_async_lite_conv.clock_conv_lite_fwd_ar/handshake/src_hsdata_ff[2]
    SLICE_X92Y43         FDRE                                         r  design_1_i/ps7_0_axi_periph/m05_couplers/auto_cc/inst/gen_clock_conv.gen_async_lite_conv.clock_conv_lite_fwd_ar/handshake/dest_hsdata_ff_reg[2]/D
  -------------------------------------------------------------------    -------------------

                         (clock clk_fpga_1 rise edge)
                                                      0.000     0.000 r  
    PS7_X0Y0             PS7                          0.000     0.000 r  design_1_i/processing_system7_0/inst/PS7_i/FCLKCLK[1]
                         net (fo=1, routed)           0.994     0.994    design_1_i/processing_system7_0/inst/FCLK_CLK_unbuffered[1]
    BUFGCTRL_X0Y16       BUFG (Prop_bufg_I_O)         0.085     1.079 r  design_1_i/processing_system7_0/inst/buffer_fclk_clk_1.FCLK_CLK_1_BUFG/O
                         net (fo=18021, routed)       1.522     2.601    design_1_i/ps7_0_axi_periph/m05_couplers/auto_cc/inst/gen_clock_conv.gen_async_lite_conv.clock_conv_lite_fwd_ar/handshake/dest_clk
    SLICE_X92Y43         FDRE                                         r  design_1_i/ps7_0_axi_periph/m05_couplers/auto_cc/inst/gen_clock_conv.gen_async_lite_conv.clock_conv_lite_fwd_ar/handshake/dest_hsdata_ff_reg[2]/C
                         clock pessimism              0.000     2.601    
    SLICE_X92Y43         FDRE (Hold_fdre_C_D)         0.204     2.805    design_1_i/ps7_0_axi_periph/m05_couplers/auto_cc/inst/gen_clock_conv.gen_async_lite_conv.clock_conv_lite_fwd_ar/handshake/dest_hsdata_ff_reg[2]
  -------------------------------------------------------------------
                         data arrival                           3.058    
                         clock arrival                          2.805    
  -------------------------------------------------------------------
                         relative delay                         0.253    



Id: 13
set_bus_skew -from [get_cells [list {design_1_i/ps7_0_axi_periph/m05_couplers/auto_cc/inst/gen_clock_conv.gen_async_lite_conv.clock_conv_lite_fwd_aw/handshake/src_hsdata_ff_reg[0]} {design_1_i/ps7_0_axi_periph/m05_couplers/auto_cc/inst/gen_clock_conv.gen_async_lite_conv.clock_conv_lite_fwd_aw/handshake/src_hsdata_ff_reg[1]} {design_1_i/ps7_0_axi_periph/m05_couplers/auto_cc/inst/gen_clock_conv.gen_async_lite_conv.clock_conv_lite_fwd_aw/handshake/src_hsdata_ff_reg[2]} {design_1_i/ps7_0_axi_periph/m05_couplers/auto_cc/inst/gen_clock_conv.gen_async_lite_conv.clock_conv_lite_fwd_aw/handshake/src_hsdata_ff_reg[3]} {design_1_i/ps7_0_axi_periph/m05_couplers/auto_cc/inst/gen_clock_conv.gen_async_lite_conv.clock_conv_lite_fwd_aw/handshake/src_hsdata_ff_reg[4]} {design_1_i/ps7_0_axi_periph/m05_couplers/auto_cc/inst/gen_clock_conv.gen_async_lite_conv.clock_conv_lite_fwd_aw/handshake/src_hsdata_ff_reg[5]}]] -to [get_cells [list {design_1_i/ps7_0_axi_periph/m05_couplers/auto_cc/inst/gen_clock_conv.gen_async_lite_conv.clock_conv_lite_fwd_aw/handshake/dest_hsdata_ff_reg[0]} {design_1_i/ps7_0_axi_periph/m05_couplers/auto_cc/inst/gen_clock_conv.gen_async_lite_conv.clock_conv_lite_fwd_aw/handshake/dest_hsdata_ff_reg[1]} {design_1_i/ps7_0_axi_periph/m05_couplers/auto_cc/inst/gen_clock_conv.gen_async_lite_conv.clock_conv_lite_fwd_aw/handshake/dest_hsdata_ff_reg[2]} {design_1_i/ps7_0_axi_periph/m05_couplers/auto_cc/inst/gen_clock_conv.gen_async_lite_conv.clock_conv_lite_fwd_aw/handshake/dest_hsdata_ff_reg[3]} {design_1_i/ps7_0_axi_periph/m05_couplers/auto_cc/inst/gen_clock_conv.gen_async_lite_conv.clock_conv_lite_fwd_aw/handshake/dest_hsdata_ff_reg[4]} {design_1_i/ps7_0_axi_periph/m05_couplers/auto_cc/inst/gen_clock_conv.gen_async_lite_conv.clock_conv_lite_fwd_aw/handshake/dest_hsdata_ff_reg[5]}]] 19.686
Requirement: 19.686ns
Endpoints: 6

From Clock            To Clock              Endpoint Pin                    Reference Pin                   Corner  Actual(ns)  Slack(ns)
--------------------  --------------------  ------------------------------  ------------------------------  ------  ----------  ---------
clk_fpga_0            clk_fpga_1            design_1_i/ps7_0_axi_periph/m05_couplers/auto_cc/inst/gen_clock_conv.gen_async_lite_conv.clock_conv_lite_fwd_aw/handshake/dest_hsdata_ff_reg[5]/D
                                                                            design_1_i/ps7_0_axi_periph/m05_couplers/auto_cc/inst/gen_clock_conv.gen_async_lite_conv.clock_conv_lite_fwd_aw/handshake/dest_hsdata_ff_reg[2]/D
                                                                                                            Slow         0.672     19.014


Slack (MET) :             19.014ns  (requirement - actual skew)
  Endpoint Source:        design_1_i/ps7_0_axi_periph/m05_couplers/auto_cc/inst/gen_clock_conv.gen_async_lite_conv.clock_conv_lite_fwd_aw/handshake/src_hsdata_ff_reg[5]/C
                            (rising edge-triggered cell FDRE clocked by clk_fpga_0)
  Endpoint Destination:   design_1_i/ps7_0_axi_periph/m05_couplers/auto_cc/inst/gen_clock_conv.gen_async_lite_conv.clock_conv_lite_fwd_aw/handshake/dest_hsdata_ff_reg[5]/D
                            (rising edge-triggered cell FDRE clocked by clk_fpga_1)
  Reference Source:       design_1_i/ps7_0_axi_periph/m05_couplers/auto_cc/inst/gen_clock_conv.gen_async_lite_conv.clock_conv_lite_fwd_aw/handshake/src_hsdata_ff_reg[2]/C
                            (rising edge-triggered cell FDRE clocked by clk_fpga_0)
  Reference Destination:  design_1_i/ps7_0_axi_periph/m05_couplers/auto_cc/inst/gen_clock_conv.gen_async_lite_conv.clock_conv_lite_fwd_aw/handshake/dest_hsdata_ff_reg[2]/D
                            (rising edge-triggered cell FDRE clocked by clk_fpga_1)
  Path Type:              Bus Skew (Max at Slow Process Corner)
  Requirement:            19.686ns
  Endpoint Relative Delay:    1.358ns
  Reference Relative Delay:   0.172ns
  Relative CRPR:              0.513ns
  Actual Bus Skew:            0.672ns  (Endpoint Relative Delay - Reference Relative Delay - Relative CRPR)

Endpoint path:
    Location             Delay type                Incr(ns)  Path(ns)    Netlist Resource(s)
  -------------------------------------------------------------------    -------------------
                         (clock clk_fpga_0 rise edge)
                                                      0.000     0.000 r  
    PS7_X0Y0             PS7                          0.000     0.000 r  design_1_i/processing_system7_0/inst/PS7_i/FCLKCLK[0]
                         net (fo=1, routed)           0.994     0.994    design_1_i/processing_system7_0/inst/FCLK_CLK_unbuffered[0]
    BUFGCTRL_X0Y17       BUFG (Prop_bufg_I_O)         0.085     1.079 r  design_1_i/processing_system7_0/inst/buffer_fclk_clk_0.FCLK_CLK_0_BUFG/O
                         net (fo=14268, routed)       1.523     2.602    design_1_i/ps7_0_axi_periph/m05_couplers/auto_cc/inst/gen_clock_conv.gen_async_lite_conv.clock_conv_lite_fwd_aw/handshake/src_clk
    SLICE_X91Y45         FDRE                                         r  design_1_i/ps7_0_axi_periph/m05_couplers/auto_cc/inst/gen_clock_conv.gen_async_lite_conv.clock_conv_lite_fwd_aw/handshake/src_hsdata_ff_reg[5]/C
  -------------------------------------------------------------------    -------------------
    SLICE_X91Y45         FDRE (Prop_fdre_C_Q)         0.348     2.950 r  design_1_i/ps7_0_axi_periph/m05_couplers/auto_cc/inst/gen_clock_conv.gen_async_lite_conv.clock_conv_lite_fwd_aw/handshake/src_hsdata_ff_reg[5]/Q
                         net (fo=1, routed)           0.603     3.553    design_1_i/ps7_0_axi_periph/m05_couplers/auto_cc/inst/gen_clock_conv.gen_async_lite_conv.clock_conv_lite_fwd_aw/handshake/src_hsdata_ff[5]
    SLICE_X90Y45         FDRE                                         r  design_1_i/ps7_0_axi_periph/m05_couplers/auto_cc/inst/gen_clock_conv.gen_async_lite_conv.clock_conv_lite_fwd_aw/handshake/dest_hsdata_ff_reg[5]/D
  -------------------------------------------------------------------    -------------------

                         (clock clk_fpga_1 rise edge)
                                                      0.000     0.000 r  
    PS7_X0Y0             PS7                          0.000     0.000 r  design_1_i/processing_system7_0/inst/PS7_i/FCLKCLK[1]
                         net (fo=1, routed)           0.905     0.905    design_1_i/processing_system7_0/inst/FCLK_CLK_unbuffered[1]
    BUFGCTRL_X0Y16       BUFG (Prop_bufg_I_O)         0.077     0.982 r  design_1_i/processing_system7_0/inst/buffer_fclk_clk_1.FCLK_CLK_1_BUFG/O
                         net (fo=18021, routed)       1.363     2.345    design_1_i/ps7_0_axi_periph/m05_couplers/auto_cc/inst/gen_clock_conv.gen_async_lite_conv.clock_conv_lite_fwd_aw/handshake/dest_clk
    SLICE_X90Y45         FDRE                                         r  design_1_i/ps7_0_axi_periph/m05_couplers/auto_cc/inst/gen_clock_conv.gen_async_lite_conv.clock_conv_lite_fwd_aw/handshake/dest_hsdata_ff_reg[5]/C
                         clock pessimism              0.000     2.345    
    SLICE_X90Y45         FDRE (Setup_fdre_C_D)       -0.151     2.194    design_1_i/ps7_0_axi_periph/m05_couplers/auto_cc/inst/gen_clock_conv.gen_async_lite_conv.clock_conv_lite_fwd_aw/handshake/dest_hsdata_ff_reg[5]
  -------------------------------------------------------------------
                         data arrival                           3.553    
                         clock arrival                          2.194    
  -------------------------------------------------------------------
                         relative delay                         1.358    

Reference path:
    Location             Delay type                Incr(ns)  Path(ns)    Netlist Resource(s)
  -------------------------------------------------------------------    -------------------
                         (clock clk_fpga_0 rise edge)
                                                      0.000     0.000 r  
    PS7_X0Y0             PS7                          0.000     0.000 r  design_1_i/processing_system7_0/inst/PS7_i/FCLKCLK[0]
                         net (fo=1, routed)           0.905     0.905    design_1_i/processing_system7_0/inst/FCLK_CLK_unbuffered[0]
    BUFGCTRL_X0Y17       BUFG (Prop_bufg_I_O)         0.077     0.982 r  design_1_i/processing_system7_0/inst/buffer_fclk_clk_0.FCLK_CLK_0_BUFG/O
                         net (fo=14268, routed)       1.363     2.345    design_1_i/ps7_0_axi_periph/m05_couplers/auto_cc/inst/gen_clock_conv.gen_async_lite_conv.clock_conv_lite_fwd_aw/handshake/src_clk
    SLICE_X91Y45         FDRE                                         r  design_1_i/ps7_0_axi_periph/m05_couplers/auto_cc/inst/gen_clock_conv.gen_async_lite_conv.clock_conv_lite_fwd_aw/handshake/src_hsdata_ff_reg[2]/C
  -------------------------------------------------------------------    -------------------
    SLICE_X91Y45         FDRE (Prop_fdre_C_Q)         0.304     2.649 r  design_1_i/ps7_0_axi_periph/m05_couplers/auto_cc/inst/gen_clock_conv.gen_async_lite_conv.clock_conv_lite_fwd_aw/handshake/src_hsdata_ff_reg[2]/Q
                         net (fo=1, routed)           0.329     2.978    design_1_i/ps7_0_axi_periph/m05_couplers/auto_cc/inst/gen_clock_conv.gen_async_lite_conv.clock_conv_lite_fwd_aw/handshake/src_hsdata_ff[2]
    SLICE_X90Y45         FDRE                                         r  design_1_i/ps7_0_axi_periph/m05_couplers/auto_cc/inst/gen_clock_conv.gen_async_lite_conv.clock_conv_lite_fwd_aw/handshake/dest_hsdata_ff_reg[2]/D
  -------------------------------------------------------------------    -------------------

                         (clock clk_fpga_1 rise edge)
                                                      0.000     0.000 r  
    PS7_X0Y0             PS7                          0.000     0.000 r  design_1_i/processing_system7_0/inst/PS7_i/FCLKCLK[1]
                         net (fo=1, routed)           0.994     0.994    design_1_i/processing_system7_0/inst/FCLK_CLK_unbuffered[1]
    BUFGCTRL_X0Y16       BUFG (Prop_bufg_I_O)         0.085     1.079 r  design_1_i/processing_system7_0/inst/buffer_fclk_clk_1.FCLK_CLK_1_BUFG/O
                         net (fo=18021, routed)       1.523     2.602    design_1_i/ps7_0_axi_periph/m05_couplers/auto_cc/inst/gen_clock_conv.gen_async_lite_conv.clock_conv_lite_fwd_aw/handshake/dest_clk
    SLICE_X90Y45         FDRE                                         r  design_1_i/ps7_0_axi_periph/m05_couplers/auto_cc/inst/gen_clock_conv.gen_async_lite_conv.clock_conv_lite_fwd_aw/handshake/dest_hsdata_ff_reg[2]/C
                         clock pessimism              0.000     2.602    
    SLICE_X90Y45         FDRE (Hold_fdre_C_D)         0.204     2.806    design_1_i/ps7_0_axi_periph/m05_couplers/auto_cc/inst/gen_clock_conv.gen_async_lite_conv.clock_conv_lite_fwd_aw/handshake/dest_hsdata_ff_reg[2]
  -------------------------------------------------------------------
                         data arrival                           2.978    
                         clock arrival                          2.806    
  -------------------------------------------------------------------
                         relative delay                         0.172    



Id: 14
set_bus_skew -from [get_cells [list {design_1_i/ps7_0_axi_periph/m15_couplers/auto_cc/inst/gen_clock_conv.gen_async_lite_conv.clock_conv_lite_fwd_w/handshake/src_hsdata_ff_reg[0]} \
          {design_1_i/ps7_0_axi_periph/m15_couplers/auto_cc/inst/gen_clock_conv.gen_async_lite_conv.clock_conv_lite_fwd_w/handshake/src_hsdata_ff_reg[10]} \
          {design_1_i/ps7_0_axi_periph/m15_couplers/auto_cc/inst/gen_clock_conv.gen_async_lite_conv.clock_conv_lite_fwd_w/handshake/src_hsdata_ff_reg[11]} \
          {design_1_i/ps7_0_axi_periph/m15_couplers/auto_cc/inst/gen_clock_conv.gen_async_lite_conv.clock_conv_lite_fwd_w/handshake/src_hsdata_ff_reg[12]} \
          {design_1_i/ps7_0_axi_periph/m15_couplers/auto_cc/inst/gen_clock_conv.gen_async_lite_conv.clock_conv_lite_fwd_w/handshake/src_hsdata_ff_reg[13]} \
          {design_1_i/ps7_0_axi_periph/m15_couplers/auto_cc/inst/gen_clock_conv.gen_async_lite_conv.clock_conv_lite_fwd_w/handshake/src_hsdata_ff_reg[14]} \
          {design_1_i/ps7_0_axi_periph/m15_couplers/auto_cc/inst/gen_clock_conv.gen_async_lite_conv.clock_conv_lite_fwd_w/handshake/src_hsdata_ff_reg[15]} \
          {design_1_i/ps7_0_axi_periph/m15_couplers/auto_cc/inst/gen_clock_conv.gen_async_lite_conv.clock_conv_lite_fwd_w/handshake/src_hsdata_ff_reg[9]} \
          {design_1_i/ps7_0_axi_periph/m15_couplers/auto_cc/inst/gen_clock_conv.gen_async_lite_conv.clock_conv_lite_fwd_w/handshake/src_hsdata_ff_reg[8]} \
          {design_1_i/ps7_0_axi_periph/m15_couplers/auto_cc/inst/gen_clock_conv.gen_async_lite_conv.clock_conv_lite_fwd_w/handshake/src_hsdata_ff_reg[7]} \
          {design_1_i/ps7_0_axi_periph/m15_couplers/auto_cc/inst/gen_clock_conv.gen_async_lite_conv.clock_conv_lite_fwd_w/handshake/src_hsdata_ff_reg[6]} \
          {design_1_i/ps7_0_axi_periph/m15_couplers/auto_cc/inst/gen_clock_conv.gen_async_lite_conv.clock_conv_lite_fwd_w/handshake/src_hsdata_ff_reg[1]} \
          {design_1_i/ps7_0_axi_periph/m15_couplers/auto_cc/inst/gen_clock_conv.gen_async_lite_conv.clock_conv_lite_fwd_w/handshake/src_hsdata_ff_reg[5]} \
          {design_1_i/ps7_0_axi_periph/m15_couplers/auto_cc/inst/gen_clock_conv.gen_async_lite_conv.clock_conv_lite_fwd_w/handshake/src_hsdata_ff_reg[4]} \
          {design_1_i/ps7_0_axi_periph/m15_couplers/auto_cc/inst/gen_clock_conv.gen_async_lite_conv.clock_conv_lite_fwd_w/handshake/src_hsdata_ff_reg[3]} \
          {design_1_i/ps7_0_axi_periph/m15_couplers/auto_cc/inst/gen_clock_conv.gen_async_lite_conv.clock_conv_lite_fwd_w/handshake/src_hsdata_ff_reg[32]} \
          {design_1_i/ps7_0_axi_periph/m15_couplers/auto_cc/inst/gen_clock_conv.gen_async_lite_conv.clock_conv_lite_fwd_w/handshake/src_hsdata_ff_reg[2]} \
          {design_1_i/ps7_0_axi_periph/m15_couplers/auto_cc/inst/gen_clock_conv.gen_async_lite_conv.clock_conv_lite_fwd_w/handshake/src_hsdata_ff_reg[33]}]] -to [get_cells [list {design_1_i/ps7_0_axi_periph/m15_couplers/auto_cc/inst/gen_clock_conv.gen_async_lite_conv.clock_conv_lite_fwd_w/handshake/dest_hsdata_ff_reg[0]} \
          {design_1_i/ps7_0_axi_periph/m15_couplers/auto_cc/inst/gen_clock_conv.gen_async_lite_conv.clock_conv_lite_fwd_w/handshake/dest_hsdata_ff_reg[10]} \
          {design_1_i/ps7_0_axi_periph/m15_couplers/auto_cc/inst/gen_clock_conv.gen_async_lite_conv.clock_conv_lite_fwd_w/handshake/dest_hsdata_ff_reg[11]} \
          {design_1_i/ps7_0_axi_periph/m15_couplers/auto_cc/inst/gen_clock_conv.gen_async_lite_conv.clock_conv_lite_fwd_w/handshake/dest_hsdata_ff_reg[12]} \
          {design_1_i/ps7_0_axi_periph/m15_couplers/auto_cc/inst/gen_clock_conv.gen_async_lite_conv.clock_conv_lite_fwd_w/handshake/dest_hsdata_ff_reg[13]} \
          {design_1_i/ps7_0_axi_periph/m15_couplers/auto_cc/inst/gen_clock_conv.gen_async_lite_conv.clock_conv_lite_fwd_w/handshake/dest_hsdata_ff_reg[14]} \
          {design_1_i/ps7_0_axi_periph/m15_couplers/auto_cc/inst/gen_clock_conv.gen_async_lite_conv.clock_conv_lite_fwd_w/handshake/dest_hsdata_ff_reg[15]} \
          {design_1_i/ps7_0_axi_periph/m15_couplers/auto_cc/inst/gen_clock_conv.gen_async_lite_conv.clock_conv_lite_fwd_w/handshake/dest_hsdata_ff_reg[9]} \
          {design_1_i/ps7_0_axi_periph/m15_couplers/auto_cc/inst/gen_clock_conv.gen_async_lite_conv.clock_conv_lite_fwd_w/handshake/dest_hsdata_ff_reg[8]} \
          {design_1_i/ps7_0_axi_periph/m15_couplers/auto_cc/inst/gen_clock_conv.gen_async_lite_conv.clock_conv_lite_fwd_w/handshake/dest_hsdata_ff_reg[7]} \
          {design_1_i/ps7_0_axi_periph/m15_couplers/auto_cc/inst/gen_clock_conv.gen_async_lite_conv.clock_conv_lite_fwd_w/handshake/dest_hsdata_ff_reg[6]} \
          {design_1_i/ps7_0_axi_periph/m15_couplers/auto_cc/inst/gen_clock_conv.gen_async_lite_conv.clock_conv_lite_fwd_w/handshake/dest_hsdata_ff_reg[1]} \
          {design_1_i/ps7_0_axi_periph/m15_couplers/auto_cc/inst/gen_clock_conv.gen_async_lite_conv.clock_conv_lite_fwd_w/handshake/dest_hsdata_ff_reg[5]} \
          {design_1_i/ps7_0_axi_periph/m15_couplers/auto_cc/inst/gen_clock_conv.gen_async_lite_conv.clock_conv_lite_fwd_w/handshake/dest_hsdata_ff_reg[4]} \
          {design_1_i/ps7_0_axi_periph/m15_couplers/auto_cc/inst/gen_clock_conv.gen_async_lite_conv.clock_conv_lite_fwd_w/handshake/dest_hsdata_ff_reg[3]} \
          {design_1_i/ps7_0_axi_periph/m15_couplers/auto_cc/inst/gen_clock_conv.gen_async_lite_conv.clock_conv_lite_fwd_w/handshake/dest_hsdata_ff_reg[32]} \
          {design_1_i/ps7_0_axi_periph/m15_couplers/auto_cc/inst/gen_clock_conv.gen_async_lite_conv.clock_conv_lite_fwd_w/handshake/dest_hsdata_ff_reg[2]} \
          {design_1_i/ps7_0_axi_periph/m15_couplers/auto_cc/inst/gen_clock_conv.gen_async_lite_conv.clock_conv_lite_fwd_w/handshake/dest_hsdata_ff_reg[33]}]] 19.686
Requirement: 19.686ns
Endpoints: 18

From Clock            To Clock              Endpoint Pin                    Reference Pin                   Corner  Actual(ns)  Slack(ns)
--------------------  --------------------  ------------------------------  ------------------------------  ------  ----------  ---------
clk_fpga_0            clk_fpga_1            design_1_i/ps7_0_axi_periph/m15_couplers/auto_cc/inst/gen_clock_conv.gen_async_lite_conv.clock_conv_lite_fwd_w/handshake/dest_hsdata_ff_reg[7]/D
                                                                            design_1_i/ps7_0_axi_periph/m15_couplers/auto_cc/inst/gen_clock_conv.gen_async_lite_conv.clock_conv_lite_fwd_w/handshake/dest_hsdata_ff_reg[0]/D
                                                                                                            Slow         0.872     18.814


Slack (MET) :             18.814ns  (requirement - actual skew)
  Endpoint Source:        design_1_i/ps7_0_axi_periph/m15_couplers/auto_cc/inst/gen_clock_conv.gen_async_lite_conv.clock_conv_lite_fwd_w/handshake/src_hsdata_ff_reg[7]/C
                            (rising edge-triggered cell FDRE clocked by clk_fpga_0)
  Endpoint Destination:   design_1_i/ps7_0_axi_periph/m15_couplers/auto_cc/inst/gen_clock_conv.gen_async_lite_conv.clock_conv_lite_fwd_w/handshake/dest_hsdata_ff_reg[7]/D
                            (rising edge-triggered cell FDRE clocked by clk_fpga_1)
  Reference Source:       design_1_i/ps7_0_axi_periph/m15_couplers/auto_cc/inst/gen_clock_conv.gen_async_lite_conv.clock_conv_lite_fwd_w/handshake/src_hsdata_ff_reg[0]/C
                            (rising edge-triggered cell FDRE clocked by clk_fpga_0)
  Reference Destination:  design_1_i/ps7_0_axi_periph/m15_couplers/auto_cc/inst/gen_clock_conv.gen_async_lite_conv.clock_conv_lite_fwd_w/handshake/dest_hsdata_ff_reg[0]/D
                            (rising edge-triggered cell FDRE clocked by clk_fpga_1)
  Path Type:              Bus Skew (Max at Slow Process Corner)
  Requirement:            19.686ns
  Endpoint Relative Delay:    1.426ns
  Reference Relative Delay:   0.169ns
  Relative CRPR:              0.385ns
  Actual Bus Skew:            0.872ns  (Endpoint Relative Delay - Reference Relative Delay - Relative CRPR)

Endpoint path:
    Location             Delay type                Incr(ns)  Path(ns)    Netlist Resource(s)
  -------------------------------------------------------------------    -------------------
                         (clock clk_fpga_0 rise edge)
                                                      0.000     0.000 r  
    PS7_X0Y0             PS7                          0.000     0.000 r  design_1_i/processing_system7_0/inst/PS7_i/FCLKCLK[0]
                         net (fo=1, routed)           0.994     0.994    design_1_i/processing_system7_0/inst/FCLK_CLK_unbuffered[0]
    BUFGCTRL_X0Y17       BUFG (Prop_bufg_I_O)         0.085     1.079 r  design_1_i/processing_system7_0/inst/buffer_fclk_clk_0.FCLK_CLK_0_BUFG/O
                         net (fo=14268, routed)       1.396     2.475    design_1_i/ps7_0_axi_periph/m15_couplers/auto_cc/inst/gen_clock_conv.gen_async_lite_conv.clock_conv_lite_fwd_w/handshake/src_clk
    SLICE_X43Y19         FDRE                                         r  design_1_i/ps7_0_axi_periph/m15_couplers/auto_cc/inst/gen_clock_conv.gen_async_lite_conv.clock_conv_lite_fwd_w/handshake/src_hsdata_ff_reg[7]/C
  -------------------------------------------------------------------    -------------------
    SLICE_X43Y19         FDRE (Prop_fdre_C_Q)         0.348     2.823 r  design_1_i/ps7_0_axi_periph/m15_couplers/auto_cc/inst/gen_clock_conv.gen_async_lite_conv.clock_conv_lite_fwd_w/handshake/src_hsdata_ff_reg[7]/Q
                         net (fo=1, routed)           0.653     3.476    design_1_i/ps7_0_axi_periph/m15_couplers/auto_cc/inst/gen_clock_conv.gen_async_lite_conv.clock_conv_lite_fwd_w/handshake/src_hsdata_ff[7]
    SLICE_X43Y15         FDRE                                         r  design_1_i/ps7_0_axi_periph/m15_couplers/auto_cc/inst/gen_clock_conv.gen_async_lite_conv.clock_conv_lite_fwd_w/handshake/dest_hsdata_ff_reg[7]/D
  -------------------------------------------------------------------    -------------------

                         (clock clk_fpga_1 rise edge)
                                                      0.000     0.000 r  
    PS7_X0Y0             PS7                          0.000     0.000 r  design_1_i/processing_system7_0/inst/PS7_i/FCLKCLK[1]
                         net (fo=1, routed)           0.905     0.905    design_1_i/processing_system7_0/inst/FCLK_CLK_unbuffered[1]
    BUFGCTRL_X0Y16       BUFG (Prop_bufg_I_O)         0.077     0.982 r  design_1_i/processing_system7_0/inst/buffer_fclk_clk_1.FCLK_CLK_1_BUFG/O
                         net (fo=18021, routed)       1.247     2.229    design_1_i/ps7_0_axi_periph/m15_couplers/auto_cc/inst/gen_clock_conv.gen_async_lite_conv.clock_conv_lite_fwd_w/handshake/dest_clk
    SLICE_X43Y15         FDRE                                         r  design_1_i/ps7_0_axi_periph/m15_couplers/auto_cc/inst/gen_clock_conv.gen_async_lite_conv.clock_conv_lite_fwd_w/handshake/dest_hsdata_ff_reg[7]/C
                         clock pessimism              0.000     2.229    
    SLICE_X43Y15         FDRE (Setup_fdre_C_D)       -0.179     2.050    design_1_i/ps7_0_axi_periph/m15_couplers/auto_cc/inst/gen_clock_conv.gen_async_lite_conv.clock_conv_lite_fwd_w/handshake/dest_hsdata_ff_reg[7]
  -------------------------------------------------------------------
                         data arrival                           3.476    
                         clock arrival                          2.050    
  -------------------------------------------------------------------
                         relative delay                         1.426    

Reference path:
    Location             Delay type                Incr(ns)  Path(ns)    Netlist Resource(s)
  -------------------------------------------------------------------    -------------------
                         (clock clk_fpga_0 rise edge)
                                                      0.000     0.000 r  
    PS7_X0Y0             PS7                          0.000     0.000 r  design_1_i/processing_system7_0/inst/PS7_i/FCLKCLK[0]
                         net (fo=1, routed)           0.905     0.905    design_1_i/processing_system7_0/inst/FCLK_CLK_unbuffered[0]
    BUFGCTRL_X0Y17       BUFG (Prop_bufg_I_O)         0.077     0.982 r  design_1_i/processing_system7_0/inst/buffer_fclk_clk_0.FCLK_CLK_0_BUFG/O
                         net (fo=14268, routed)       1.247     2.229    design_1_i/ps7_0_axi_periph/m15_couplers/auto_cc/inst/gen_clock_conv.gen_async_lite_conv.clock_conv_lite_fwd_w/handshake/src_clk
    SLICE_X39Y17         FDRE                                         r  design_1_i/ps7_0_axi_periph/m15_couplers/auto_cc/inst/gen_clock_conv.gen_async_lite_conv.clock_conv_lite_fwd_w/handshake/src_hsdata_ff_reg[0]/C
  -------------------------------------------------------------------    -------------------
    SLICE_X39Y17         FDRE (Prop_fdre_C_Q)         0.304     2.533 r  design_1_i/ps7_0_axi_periph/m15_couplers/auto_cc/inst/gen_clock_conv.gen_async_lite_conv.clock_conv_lite_fwd_w/handshake/src_hsdata_ff_reg[0]/Q
                         net (fo=1, routed)           0.316     2.849    design_1_i/ps7_0_axi_periph/m15_couplers/auto_cc/inst/gen_clock_conv.gen_async_lite_conv.clock_conv_lite_fwd_w/handshake/src_hsdata_ff[0]
    SLICE_X38Y16         FDRE                                         r  design_1_i/ps7_0_axi_periph/m15_couplers/auto_cc/inst/gen_clock_conv.gen_async_lite_conv.clock_conv_lite_fwd_w/handshake/dest_hsdata_ff_reg[0]/D
  -------------------------------------------------------------------    -------------------

                         (clock clk_fpga_1 rise edge)
                                                      0.000     0.000 r  
    PS7_X0Y0             PS7                          0.000     0.000 r  design_1_i/processing_system7_0/inst/PS7_i/FCLKCLK[1]
                         net (fo=1, routed)           0.994     0.994    design_1_i/processing_system7_0/inst/FCLK_CLK_unbuffered[1]
    BUFGCTRL_X0Y16       BUFG (Prop_bufg_I_O)         0.085     1.079 r  design_1_i/processing_system7_0/inst/buffer_fclk_clk_1.FCLK_CLK_1_BUFG/O
                         net (fo=18021, routed)       1.400     2.479    design_1_i/ps7_0_axi_periph/m15_couplers/auto_cc/inst/gen_clock_conv.gen_async_lite_conv.clock_conv_lite_fwd_w/handshake/dest_clk
    SLICE_X38Y16         FDRE                                         r  design_1_i/ps7_0_axi_periph/m15_couplers/auto_cc/inst/gen_clock_conv.gen_async_lite_conv.clock_conv_lite_fwd_w/handshake/dest_hsdata_ff_reg[0]/C
                         clock pessimism              0.000     2.479    
    SLICE_X38Y16         FDRE (Hold_fdre_C_D)         0.201     2.680    design_1_i/ps7_0_axi_periph/m15_couplers/auto_cc/inst/gen_clock_conv.gen_async_lite_conv.clock_conv_lite_fwd_w/handshake/dest_hsdata_ff_reg[0]
  -------------------------------------------------------------------
                         data arrival                           2.849    
                         clock arrival                          2.680    
  -------------------------------------------------------------------
                         relative delay                         0.169    



Id: 15
set_bus_skew -from [get_cells [list {design_1_i/ps7_0_axi_periph/m05_couplers/auto_cc/inst/gen_clock_conv.gen_async_lite_conv.clock_conv_lite_fwd_w/handshake/src_hsdata_ff_reg[0]} \
          {design_1_i/ps7_0_axi_periph/m05_couplers/auto_cc/inst/gen_clock_conv.gen_async_lite_conv.clock_conv_lite_fwd_w/handshake/src_hsdata_ff_reg[10]} \
          {design_1_i/ps7_0_axi_periph/m05_couplers/auto_cc/inst/gen_clock_conv.gen_async_lite_conv.clock_conv_lite_fwd_w/handshake/src_hsdata_ff_reg[11]} \
          {design_1_i/ps7_0_axi_periph/m05_couplers/auto_cc/inst/gen_clock_conv.gen_async_lite_conv.clock_conv_lite_fwd_w/handshake/src_hsdata_ff_reg[12]} \
          {design_1_i/ps7_0_axi_periph/m05_couplers/auto_cc/inst/gen_clock_conv.gen_async_lite_conv.clock_conv_lite_fwd_w/handshake/src_hsdata_ff_reg[13]} \
          {design_1_i/ps7_0_axi_periph/m05_couplers/auto_cc/inst/gen_clock_conv.gen_async_lite_conv.clock_conv_lite_fwd_w/handshake/src_hsdata_ff_reg[14]} \
          {design_1_i/ps7_0_axi_periph/m05_couplers/auto_cc/inst/gen_clock_conv.gen_async_lite_conv.clock_conv_lite_fwd_w/handshake/src_hsdata_ff_reg[15]} \
          {design_1_i/ps7_0_axi_periph/m05_couplers/auto_cc/inst/gen_clock_conv.gen_async_lite_conv.clock_conv_lite_fwd_w/handshake/src_hsdata_ff_reg[9]} \
          {design_1_i/ps7_0_axi_periph/m05_couplers/auto_cc/inst/gen_clock_conv.gen_async_lite_conv.clock_conv_lite_fwd_w/handshake/src_hsdata_ff_reg[8]} \
          {design_1_i/ps7_0_axi_periph/m05_couplers/auto_cc/inst/gen_clock_conv.gen_async_lite_conv.clock_conv_lite_fwd_w/handshake/src_hsdata_ff_reg[7]} \
          {design_1_i/ps7_0_axi_periph/m05_couplers/auto_cc/inst/gen_clock_conv.gen_async_lite_conv.clock_conv_lite_fwd_w/handshake/src_hsdata_ff_reg[6]} \
          {design_1_i/ps7_0_axi_periph/m05_couplers/auto_cc/inst/gen_clock_conv.gen_async_lite_conv.clock_conv_lite_fwd_w/handshake/src_hsdata_ff_reg[1]} \
          {design_1_i/ps7_0_axi_periph/m05_couplers/auto_cc/inst/gen_clock_conv.gen_async_lite_conv.clock_conv_lite_fwd_w/handshake/src_hsdata_ff_reg[5]} \
          {design_1_i/ps7_0_axi_periph/m05_couplers/auto_cc/inst/gen_clock_conv.gen_async_lite_conv.clock_conv_lite_fwd_w/handshake/src_hsdata_ff_reg[4]} \
          {design_1_i/ps7_0_axi_periph/m05_couplers/auto_cc/inst/gen_clock_conv.gen_async_lite_conv.clock_conv_lite_fwd_w/handshake/src_hsdata_ff_reg[3]} \
          {design_1_i/ps7_0_axi_periph/m05_couplers/auto_cc/inst/gen_clock_conv.gen_async_lite_conv.clock_conv_lite_fwd_w/handshake/src_hsdata_ff_reg[32]} \
          {design_1_i/ps7_0_axi_periph/m05_couplers/auto_cc/inst/gen_clock_conv.gen_async_lite_conv.clock_conv_lite_fwd_w/handshake/src_hsdata_ff_reg[2]} \
          {design_1_i/ps7_0_axi_periph/m05_couplers/auto_cc/inst/gen_clock_conv.gen_async_lite_conv.clock_conv_lite_fwd_w/handshake/src_hsdata_ff_reg[33]}]] -to [get_cells [list {design_1_i/ps7_0_axi_periph/m05_couplers/auto_cc/inst/gen_clock_conv.gen_async_lite_conv.clock_conv_lite_fwd_w/handshake/dest_hsdata_ff_reg[0]} \
          {design_1_i/ps7_0_axi_periph/m05_couplers/auto_cc/inst/gen_clock_conv.gen_async_lite_conv.clock_conv_lite_fwd_w/handshake/dest_hsdata_ff_reg[10]} \
          {design_1_i/ps7_0_axi_periph/m05_couplers/auto_cc/inst/gen_clock_conv.gen_async_lite_conv.clock_conv_lite_fwd_w/handshake/dest_hsdata_ff_reg[11]} \
          {design_1_i/ps7_0_axi_periph/m05_couplers/auto_cc/inst/gen_clock_conv.gen_async_lite_conv.clock_conv_lite_fwd_w/handshake/dest_hsdata_ff_reg[12]} \
          {design_1_i/ps7_0_axi_periph/m05_couplers/auto_cc/inst/gen_clock_conv.gen_async_lite_conv.clock_conv_lite_fwd_w/handshake/dest_hsdata_ff_reg[13]} \
          {design_1_i/ps7_0_axi_periph/m05_couplers/auto_cc/inst/gen_clock_conv.gen_async_lite_conv.clock_conv_lite_fwd_w/handshake/dest_hsdata_ff_reg[14]} \
          {design_1_i/ps7_0_axi_periph/m05_couplers/auto_cc/inst/gen_clock_conv.gen_async_lite_conv.clock_conv_lite_fwd_w/handshake/dest_hsdata_ff_reg[15]} \
          {design_1_i/ps7_0_axi_periph/m05_couplers/auto_cc/inst/gen_clock_conv.gen_async_lite_conv.clock_conv_lite_fwd_w/handshake/dest_hsdata_ff_reg[9]} \
          {design_1_i/ps7_0_axi_periph/m05_couplers/auto_cc/inst/gen_clock_conv.gen_async_lite_conv.clock_conv_lite_fwd_w/handshake/dest_hsdata_ff_reg[8]} \
          {design_1_i/ps7_0_axi_periph/m05_couplers/auto_cc/inst/gen_clock_conv.gen_async_lite_conv.clock_conv_lite_fwd_w/handshake/dest_hsdata_ff_reg[7]} \
          {design_1_i/ps7_0_axi_periph/m05_couplers/auto_cc/inst/gen_clock_conv.gen_async_lite_conv.clock_conv_lite_fwd_w/handshake/dest_hsdata_ff_reg[6]} \
          {design_1_i/ps7_0_axi_periph/m05_couplers/auto_cc/inst/gen_clock_conv.gen_async_lite_conv.clock_conv_lite_fwd_w/handshake/dest_hsdata_ff_reg[1]} \
          {design_1_i/ps7_0_axi_periph/m05_couplers/auto_cc/inst/gen_clock_conv.gen_async_lite_conv.clock_conv_lite_fwd_w/handshake/dest_hsdata_ff_reg[5]} \
          {design_1_i/ps7_0_axi_periph/m05_couplers/auto_cc/inst/gen_clock_conv.gen_async_lite_conv.clock_conv_lite_fwd_w/handshake/dest_hsdata_ff_reg[4]} \
          {design_1_i/ps7_0_axi_periph/m05_couplers/auto_cc/inst/gen_clock_conv.gen_async_lite_conv.clock_conv_lite_fwd_w/handshake/dest_hsdata_ff_reg[3]} \
          {design_1_i/ps7_0_axi_periph/m05_couplers/auto_cc/inst/gen_clock_conv.gen_async_lite_conv.clock_conv_lite_fwd_w/handshake/dest_hsdata_ff_reg[32]} \
          {design_1_i/ps7_0_axi_periph/m05_couplers/auto_cc/inst/gen_clock_conv.gen_async_lite_conv.clock_conv_lite_fwd_w/handshake/dest_hsdata_ff_reg[2]} \
          {design_1_i/ps7_0_axi_periph/m05_couplers/auto_cc/inst/gen_clock_conv.gen_async_lite_conv.clock_conv_lite_fwd_w/handshake/dest_hsdata_ff_reg[33]}]] 19.686
Requirement: 19.686ns
Endpoints: 18

From Clock            To Clock              Endpoint Pin                    Reference Pin                   Corner  Actual(ns)  Slack(ns)
--------------------  --------------------  ------------------------------  ------------------------------  ------  ----------  ---------
clk_fpga_0            clk_fpga_1            design_1_i/ps7_0_axi_periph/m05_couplers/auto_cc/inst/gen_clock_conv.gen_async_lite_conv.clock_conv_lite_fwd_w/handshake/dest_hsdata_ff_reg[14]/D
                                                                            design_1_i/ps7_0_axi_periph/m05_couplers/auto_cc/inst/gen_clock_conv.gen_async_lite_conv.clock_conv_lite_fwd_w/handshake/dest_hsdata_ff_reg[11]/D
                                                                                                            Slow         0.872     18.814


Slack (MET) :             18.814ns  (requirement - actual skew)
  Endpoint Source:        design_1_i/ps7_0_axi_periph/m05_couplers/auto_cc/inst/gen_clock_conv.gen_async_lite_conv.clock_conv_lite_fwd_w/handshake/src_hsdata_ff_reg[14]/C
                            (rising edge-triggered cell FDRE clocked by clk_fpga_0)
  Endpoint Destination:   design_1_i/ps7_0_axi_periph/m05_couplers/auto_cc/inst/gen_clock_conv.gen_async_lite_conv.clock_conv_lite_fwd_w/handshake/dest_hsdata_ff_reg[14]/D
                            (rising edge-triggered cell FDRE clocked by clk_fpga_1)
  Reference Source:       design_1_i/ps7_0_axi_periph/m05_couplers/auto_cc/inst/gen_clock_conv.gen_async_lite_conv.clock_conv_lite_fwd_w/handshake/src_hsdata_ff_reg[11]/C
                            (rising edge-triggered cell FDRE clocked by clk_fpga_0)
  Reference Destination:  design_1_i/ps7_0_axi_periph/m05_couplers/auto_cc/inst/gen_clock_conv.gen_async_lite_conv.clock_conv_lite_fwd_w/handshake/dest_hsdata_ff_reg[11]/D
                            (rising edge-triggered cell FDRE clocked by clk_fpga_1)
  Path Type:              Bus Skew (Max at Slow Process Corner)
  Requirement:            19.686ns
  Endpoint Relative Delay:    1.430ns
  Reference Relative Delay:   0.173ns
  Relative CRPR:              0.385ns
  Actual Bus Skew:            0.872ns  (Endpoint Relative Delay - Reference Relative Delay - Relative CRPR)

Endpoint path:
    Location             Delay type                Incr(ns)  Path(ns)    Netlist Resource(s)
  -------------------------------------------------------------------    -------------------
                         (clock clk_fpga_0 rise edge)
                                                      0.000     0.000 r  
    PS7_X0Y0             PS7                          0.000     0.000 r  design_1_i/processing_system7_0/inst/PS7_i/FCLKCLK[0]
                         net (fo=1, routed)           0.994     0.994    design_1_i/processing_system7_0/inst/FCLK_CLK_unbuffered[0]
    BUFGCTRL_X0Y17       BUFG (Prop_bufg_I_O)         0.085     1.079 r  design_1_i/processing_system7_0/inst/buffer_fclk_clk_0.FCLK_CLK_0_BUFG/O
                         net (fo=14268, routed)       1.521     2.600    design_1_i/ps7_0_axi_periph/m05_couplers/auto_cc/inst/gen_clock_conv.gen_async_lite_conv.clock_conv_lite_fwd_w/handshake/src_clk
    SLICE_X92Y41         FDRE                                         r  design_1_i/ps7_0_axi_periph/m05_couplers/auto_cc/inst/gen_clock_conv.gen_async_lite_conv.clock_conv_lite_fwd_w/handshake/src_hsdata_ff_reg[14]/C
  -------------------------------------------------------------------    -------------------
    SLICE_X92Y41         FDRE (Prop_fdre_C_Q)         0.433     3.033 r  design_1_i/ps7_0_axi_periph/m05_couplers/auto_cc/inst/gen_clock_conv.gen_async_lite_conv.clock_conv_lite_fwd_w/handshake/src_hsdata_ff_reg[14]/Q
                         net (fo=1, routed)           0.695     3.728    design_1_i/ps7_0_axi_periph/m05_couplers/auto_cc/inst/gen_clock_conv.gen_async_lite_conv.clock_conv_lite_fwd_w/handshake/src_hsdata_ff[14]
    SLICE_X93Y41         FDRE                                         r  design_1_i/ps7_0_axi_periph/m05_couplers/auto_cc/inst/gen_clock_conv.gen_async_lite_conv.clock_conv_lite_fwd_w/handshake/dest_hsdata_ff_reg[14]/D
  -------------------------------------------------------------------    -------------------

                         (clock clk_fpga_1 rise edge)
                                                      0.000     0.000 r  
    PS7_X0Y0             PS7                          0.000     0.000 r  design_1_i/processing_system7_0/inst/PS7_i/FCLKCLK[1]
                         net (fo=1, routed)           0.905     0.905    design_1_i/processing_system7_0/inst/FCLK_CLK_unbuffered[1]
    BUFGCTRL_X0Y16       BUFG (Prop_bufg_I_O)         0.077     0.982 r  design_1_i/processing_system7_0/inst/buffer_fclk_clk_1.FCLK_CLK_1_BUFG/O
                         net (fo=18021, routed)       1.363     2.345    design_1_i/ps7_0_axi_periph/m05_couplers/auto_cc/inst/gen_clock_conv.gen_async_lite_conv.clock_conv_lite_fwd_w/handshake/dest_clk
    SLICE_X93Y41         FDRE                                         r  design_1_i/ps7_0_axi_periph/m05_couplers/auto_cc/inst/gen_clock_conv.gen_async_lite_conv.clock_conv_lite_fwd_w/handshake/dest_hsdata_ff_reg[14]/C
                         clock pessimism              0.000     2.345    
    SLICE_X93Y41         FDRE (Setup_fdre_C_D)       -0.047     2.298    design_1_i/ps7_0_axi_periph/m05_couplers/auto_cc/inst/gen_clock_conv.gen_async_lite_conv.clock_conv_lite_fwd_w/handshake/dest_hsdata_ff_reg[14]
  -------------------------------------------------------------------
                         data arrival                           3.728    
                         clock arrival                          2.298    
  -------------------------------------------------------------------
                         relative delay                         1.430    

Reference path:
    Location             Delay type                Incr(ns)  Path(ns)    Netlist Resource(s)
  -------------------------------------------------------------------    -------------------
                         (clock clk_fpga_0 rise edge)
                                                      0.000     0.000 r  
    PS7_X0Y0             PS7                          0.000     0.000 r  design_1_i/processing_system7_0/inst/PS7_i/FCLKCLK[0]
                         net (fo=1, routed)           0.905     0.905    design_1_i/processing_system7_0/inst/FCLK_CLK_unbuffered[0]
    BUFGCTRL_X0Y17       BUFG (Prop_bufg_I_O)         0.077     0.982 r  design_1_i/processing_system7_0/inst/buffer_fclk_clk_0.FCLK_CLK_0_BUFG/O
                         net (fo=14268, routed)       1.366     2.348    design_1_i/ps7_0_axi_periph/m05_couplers/auto_cc/inst/gen_clock_conv.gen_async_lite_conv.clock_conv_lite_fwd_w/handshake/src_clk
    SLICE_X97Y42         FDRE                                         r  design_1_i/ps7_0_axi_periph/m05_couplers/auto_cc/inst/gen_clock_conv.gen_async_lite_conv.clock_conv_lite_fwd_w/handshake/src_hsdata_ff_reg[11]/C
  -------------------------------------------------------------------    -------------------
    SLICE_X97Y42         FDRE (Prop_fdre_C_Q)         0.304     2.652 r  design_1_i/ps7_0_axi_periph/m05_couplers/auto_cc/inst/gen_clock_conv.gen_async_lite_conv.clock_conv_lite_fwd_w/handshake/src_hsdata_ff_reg[11]/Q
                         net (fo=1, routed)           0.313     2.966    design_1_i/ps7_0_axi_periph/m05_couplers/auto_cc/inst/gen_clock_conv.gen_async_lite_conv.clock_conv_lite_fwd_w/handshake/src_hsdata_ff[11]
    SLICE_X96Y42         FDRE                                         r  design_1_i/ps7_0_axi_periph/m05_couplers/auto_cc/inst/gen_clock_conv.gen_async_lite_conv.clock_conv_lite_fwd_w/handshake/dest_hsdata_ff_reg[11]/D
  -------------------------------------------------------------------    -------------------

                         (clock clk_fpga_1 rise edge)
                                                      0.000     0.000 r  
    PS7_X0Y0             PS7                          0.000     0.000 r  design_1_i/processing_system7_0/inst/PS7_i/FCLKCLK[1]
                         net (fo=1, routed)           0.994     0.994    design_1_i/processing_system7_0/inst/FCLK_CLK_unbuffered[1]
    BUFGCTRL_X0Y16       BUFG (Prop_bufg_I_O)         0.085     1.079 r  design_1_i/processing_system7_0/inst/buffer_fclk_clk_1.FCLK_CLK_1_BUFG/O
                         net (fo=18021, routed)       1.523     2.602    design_1_i/ps7_0_axi_periph/m05_couplers/auto_cc/inst/gen_clock_conv.gen_async_lite_conv.clock_conv_lite_fwd_w/handshake/dest_clk
    SLICE_X96Y42         FDRE                                         r  design_1_i/ps7_0_axi_periph/m05_couplers/auto_cc/inst/gen_clock_conv.gen_async_lite_conv.clock_conv_lite_fwd_w/handshake/dest_hsdata_ff_reg[11]/C
                         clock pessimism              0.000     2.602    
    SLICE_X96Y42         FDRE (Hold_fdre_C_D)         0.191     2.793    design_1_i/ps7_0_axi_periph/m05_couplers/auto_cc/inst/gen_clock_conv.gen_async_lite_conv.clock_conv_lite_fwd_w/handshake/dest_hsdata_ff_reg[11]
  -------------------------------------------------------------------
                         data arrival                           2.966    
                         clock arrival                          2.793    
  -------------------------------------------------------------------
                         relative delay                         0.173    



Id: 16
set_bus_skew -from [get_cells [list {design_1_i/ps7_0_axi_periph/m06_couplers/auto_cc/inst/gen_clock_conv.gen_async_lite_conv.clock_conv_lite_fwd_w/handshake/src_hsdata_ff_reg[0]} \
          {design_1_i/ps7_0_axi_periph/m06_couplers/auto_cc/inst/gen_clock_conv.gen_async_lite_conv.clock_conv_lite_fwd_w/handshake/src_hsdata_ff_reg[10]} \
          {design_1_i/ps7_0_axi_periph/m06_couplers/auto_cc/inst/gen_clock_conv.gen_async_lite_conv.clock_conv_lite_fwd_w/handshake/src_hsdata_ff_reg[11]} \
          {design_1_i/ps7_0_axi_periph/m06_couplers/auto_cc/inst/gen_clock_conv.gen_async_lite_conv.clock_conv_lite_fwd_w/handshake/src_hsdata_ff_reg[12]} \
          {design_1_i/ps7_0_axi_periph/m06_couplers/auto_cc/inst/gen_clock_conv.gen_async_lite_conv.clock_conv_lite_fwd_w/handshake/src_hsdata_ff_reg[13]} \
          {design_1_i/ps7_0_axi_periph/m06_couplers/auto_cc/inst/gen_clock_conv.gen_async_lite_conv.clock_conv_lite_fwd_w/handshake/src_hsdata_ff_reg[14]} \
          {design_1_i/ps7_0_axi_periph/m06_couplers/auto_cc/inst/gen_clock_conv.gen_async_lite_conv.clock_conv_lite_fwd_w/handshake/src_hsdata_ff_reg[15]} \
          {design_1_i/ps7_0_axi_periph/m06_couplers/auto_cc/inst/gen_clock_conv.gen_async_lite_conv.clock_conv_lite_fwd_w/handshake/src_hsdata_ff_reg[16]} \
          {design_1_i/ps7_0_axi_periph/m06_couplers/auto_cc/inst/gen_clock_conv.gen_async_lite_conv.clock_conv_lite_fwd_w/handshake/src_hsdata_ff_reg[17]} \
          {design_1_i/ps7_0_axi_periph/m06_couplers/auto_cc/inst/gen_clock_conv.gen_async_lite_conv.clock_conv_lite_fwd_w/handshake/src_hsdata_ff_reg[18]} \
          {design_1_i/ps7_0_axi_periph/m06_couplers/auto_cc/inst/gen_clock_conv.gen_async_lite_conv.clock_conv_lite_fwd_w/handshake/src_hsdata_ff_reg[19]} \
          {design_1_i/ps7_0_axi_periph/m06_couplers/auto_cc/inst/gen_clock_conv.gen_async_lite_conv.clock_conv_lite_fwd_w/handshake/src_hsdata_ff_reg[1]} \
          {design_1_i/ps7_0_axi_periph/m06_couplers/auto_cc/inst/gen_clock_conv.gen_async_lite_conv.clock_conv_lite_fwd_w/handshake/src_hsdata_ff_reg[20]} \
          {design_1_i/ps7_0_axi_periph/m06_couplers/auto_cc/inst/gen_clock_conv.gen_async_lite_conv.clock_conv_lite_fwd_w/handshake/src_hsdata_ff_reg[21]} \
          {design_1_i/ps7_0_axi_periph/m06_couplers/auto_cc/inst/gen_clock_conv.gen_async_lite_conv.clock_conv_lite_fwd_w/handshake/src_hsdata_ff_reg[22]} \
          {design_1_i/ps7_0_axi_periph/m06_couplers/auto_cc/inst/gen_clock_conv.gen_async_lite_conv.clock_conv_lite_fwd_w/handshake/src_hsdata_ff_reg[23]} \
          {design_1_i/ps7_0_axi_periph/m06_couplers/auto_cc/inst/gen_clock_conv.gen_async_lite_conv.clock_conv_lite_fwd_w/handshake/src_hsdata_ff_reg[24]} \
          {design_1_i/ps7_0_axi_periph/m06_couplers/auto_cc/inst/gen_clock_conv.gen_async_lite_conv.clock_conv_lite_fwd_w/handshake/src_hsdata_ff_reg[25]} \
          {design_1_i/ps7_0_axi_periph/m06_couplers/auto_cc/inst/gen_clock_conv.gen_async_lite_conv.clock_conv_lite_fwd_w/handshake/src_hsdata_ff_reg[26]} \
          {design_1_i/ps7_0_axi_periph/m06_couplers/auto_cc/inst/gen_clock_conv.gen_async_lite_conv.clock_conv_lite_fwd_w/handshake/src_hsdata_ff_reg[27]} \
          {design_1_i/ps7_0_axi_periph/m06_couplers/auto_cc/inst/gen_clock_conv.gen_async_lite_conv.clock_conv_lite_fwd_w/handshake/src_hsdata_ff_reg[28]} \
          {design_1_i/ps7_0_axi_periph/m06_couplers/auto_cc/inst/gen_clock_conv.gen_async_lite_conv.clock_conv_lite_fwd_w/handshake/src_hsdata_ff_reg[29]} \
          {design_1_i/ps7_0_axi_periph/m06_couplers/auto_cc/inst/gen_clock_conv.gen_async_lite_conv.clock_conv_lite_fwd_w/handshake/src_hsdata_ff_reg[2]} \
          {design_1_i/ps7_0_axi_periph/m06_couplers/auto_cc/inst/gen_clock_conv.gen_async_lite_conv.clock_conv_lite_fwd_w/handshake/src_hsdata_ff_reg[30]} \
          {design_1_i/ps7_0_axi_periph/m06_couplers/auto_cc/inst/gen_clock_conv.gen_async_lite_conv.clock_conv_lite_fwd_w/handshake/src_hsdata_ff_reg[31]} \
          {design_1_i/ps7_0_axi_periph/m06_couplers/auto_cc/inst/gen_clock_conv.gen_async_lite_conv.clock_conv_lite_fwd_w/handshake/src_hsdata_ff_reg[32]} \
          {design_1_i/ps7_0_axi_periph/m06_couplers/auto_cc/inst/gen_clock_conv.gen_async_lite_conv.clock_conv_lite_fwd_w/handshake/src_hsdata_ff_reg[33]} \
          {design_1_i/ps7_0_axi_periph/m06_couplers/auto_cc/inst/gen_clock_conv.gen_async_lite_conv.clock_conv_lite_fwd_w/handshake/src_hsdata_ff_reg[34]} \
          {design_1_i/ps7_0_axi_periph/m06_couplers/auto_cc/inst/gen_clock_conv.gen_async_lite_conv.clock_conv_lite_fwd_w/handshake/src_hsdata_ff_reg[35]} \
          {design_1_i/ps7_0_axi_periph/m06_couplers/auto_cc/inst/gen_clock_conv.gen_async_lite_conv.clock_conv_lite_fwd_w/handshake/src_hsdata_ff_reg[3]} \
          {design_1_i/ps7_0_axi_periph/m06_couplers/auto_cc/inst/gen_clock_conv.gen_async_lite_conv.clock_conv_lite_fwd_w/handshake/src_hsdata_ff_reg[4]} \
          {design_1_i/ps7_0_axi_periph/m06_couplers/auto_cc/inst/gen_clock_conv.gen_async_lite_conv.clock_conv_lite_fwd_w/handshake/src_hsdata_ff_reg[5]} \
          {design_1_i/ps7_0_axi_periph/m06_couplers/auto_cc/inst/gen_clock_conv.gen_async_lite_conv.clock_conv_lite_fwd_w/handshake/src_hsdata_ff_reg[6]} \
          {design_1_i/ps7_0_axi_periph/m06_couplers/auto_cc/inst/gen_clock_conv.gen_async_lite_conv.clock_conv_lite_fwd_w/handshake/src_hsdata_ff_reg[7]} \
          {design_1_i/ps7_0_axi_periph/m06_couplers/auto_cc/inst/gen_clock_conv.gen_async_lite_conv.clock_conv_lite_fwd_w/handshake/src_hsdata_ff_reg[8]} \
          {design_1_i/ps7_0_axi_periph/m06_couplers/auto_cc/inst/gen_clock_conv.gen_async_lite_conv.clock_conv_lite_fwd_w/handshake/src_hsdata_ff_reg[9]}]] -to [get_cells [list {design_1_i/ps7_0_axi_periph/m06_couplers/auto_cc/inst/gen_clock_conv.gen_async_lite_conv.clock_conv_lite_fwd_w/handshake/dest_hsdata_ff_reg[0]} \
          {design_1_i/ps7_0_axi_periph/m06_couplers/auto_cc/inst/gen_clock_conv.gen_async_lite_conv.clock_conv_lite_fwd_w/handshake/dest_hsdata_ff_reg[10]} \
          {design_1_i/ps7_0_axi_periph/m06_couplers/auto_cc/inst/gen_clock_conv.gen_async_lite_conv.clock_conv_lite_fwd_w/handshake/dest_hsdata_ff_reg[11]} \
          {design_1_i/ps7_0_axi_periph/m06_couplers/auto_cc/inst/gen_clock_conv.gen_async_lite_conv.clock_conv_lite_fwd_w/handshake/dest_hsdata_ff_reg[12]} \
          {design_1_i/ps7_0_axi_periph/m06_couplers/auto_cc/inst/gen_clock_conv.gen_async_lite_conv.clock_conv_lite_fwd_w/handshake/dest_hsdata_ff_reg[13]} \
          {design_1_i/ps7_0_axi_periph/m06_couplers/auto_cc/inst/gen_clock_conv.gen_async_lite_conv.clock_conv_lite_fwd_w/handshake/dest_hsdata_ff_reg[14]} \
          {design_1_i/ps7_0_axi_periph/m06_couplers/auto_cc/inst/gen_clock_conv.gen_async_lite_conv.clock_conv_lite_fwd_w/handshake/dest_hsdata_ff_reg[15]} \
          {design_1_i/ps7_0_axi_periph/m06_couplers/auto_cc/inst/gen_clock_conv.gen_async_lite_conv.clock_conv_lite_fwd_w/handshake/dest_hsdata_ff_reg[16]} \
          {design_1_i/ps7_0_axi_periph/m06_couplers/auto_cc/inst/gen_clock_conv.gen_async_lite_conv.clock_conv_lite_fwd_w/handshake/dest_hsdata_ff_reg[17]} \
          {design_1_i/ps7_0_axi_periph/m06_couplers/auto_cc/inst/gen_clock_conv.gen_async_lite_conv.clock_conv_lite_fwd_w/handshake/dest_hsdata_ff_reg[18]} \
          {design_1_i/ps7_0_axi_periph/m06_couplers/auto_cc/inst/gen_clock_conv.gen_async_lite_conv.clock_conv_lite_fwd_w/handshake/dest_hsdata_ff_reg[19]} \
          {design_1_i/ps7_0_axi_periph/m06_couplers/auto_cc/inst/gen_clock_conv.gen_async_lite_conv.clock_conv_lite_fwd_w/handshake/dest_hsdata_ff_reg[1]} \
          {design_1_i/ps7_0_axi_periph/m06_couplers/auto_cc/inst/gen_clock_conv.gen_async_lite_conv.clock_conv_lite_fwd_w/handshake/dest_hsdata_ff_reg[20]} \
          {design_1_i/ps7_0_axi_periph/m06_couplers/auto_cc/inst/gen_clock_conv.gen_async_lite_conv.clock_conv_lite_fwd_w/handshake/dest_hsdata_ff_reg[21]} \
          {design_1_i/ps7_0_axi_periph/m06_couplers/auto_cc/inst/gen_clock_conv.gen_async_lite_conv.clock_conv_lite_fwd_w/handshake/dest_hsdata_ff_reg[22]} \
          {design_1_i/ps7_0_axi_periph/m06_couplers/auto_cc/inst/gen_clock_conv.gen_async_lite_conv.clock_conv_lite_fwd_w/handshake/dest_hsdata_ff_reg[23]} \
          {design_1_i/ps7_0_axi_periph/m06_couplers/auto_cc/inst/gen_clock_conv.gen_async_lite_conv.clock_conv_lite_fwd_w/handshake/dest_hsdata_ff_reg[24]} \
          {design_1_i/ps7_0_axi_periph/m06_couplers/auto_cc/inst/gen_clock_conv.gen_async_lite_conv.clock_conv_lite_fwd_w/handshake/dest_hsdata_ff_reg[25]} \
          {design_1_i/ps7_0_axi_periph/m06_couplers/auto_cc/inst/gen_clock_conv.gen_async_lite_conv.clock_conv_lite_fwd_w/handshake/dest_hsdata_ff_reg[26]} \
          {design_1_i/ps7_0_axi_periph/m06_couplers/auto_cc/inst/gen_clock_conv.gen_async_lite_conv.clock_conv_lite_fwd_w/handshake/dest_hsdata_ff_reg[27]} \
          {design_1_i/ps7_0_axi_periph/m06_couplers/auto_cc/inst/gen_clock_conv.gen_async_lite_conv.clock_conv_lite_fwd_w/handshake/dest_hsdata_ff_reg[28]} \
          {design_1_i/ps7_0_axi_periph/m06_couplers/auto_cc/inst/gen_clock_conv.gen_async_lite_conv.clock_conv_lite_fwd_w/handshake/dest_hsdata_ff_reg[29]} \
          {design_1_i/ps7_0_axi_periph/m06_couplers/auto_cc/inst/gen_clock_conv.gen_async_lite_conv.clock_conv_lite_fwd_w/handshake/dest_hsdata_ff_reg[2]} \
          {design_1_i/ps7_0_axi_periph/m06_couplers/auto_cc/inst/gen_clock_conv.gen_async_lite_conv.clock_conv_lite_fwd_w/handshake/dest_hsdata_ff_reg[30]} \
          {design_1_i/ps7_0_axi_periph/m06_couplers/auto_cc/inst/gen_clock_conv.gen_async_lite_conv.clock_conv_lite_fwd_w/handshake/dest_hsdata_ff_reg[31]} \
          {design_1_i/ps7_0_axi_periph/m06_couplers/auto_cc/inst/gen_clock_conv.gen_async_lite_conv.clock_conv_lite_fwd_w/handshake/dest_hsdata_ff_reg[32]} \
          {design_1_i/ps7_0_axi_periph/m06_couplers/auto_cc/inst/gen_clock_conv.gen_async_lite_conv.clock_conv_lite_fwd_w/handshake/dest_hsdata_ff_reg[33]} \
          {design_1_i/ps7_0_axi_periph/m06_couplers/auto_cc/inst/gen_clock_conv.gen_async_lite_conv.clock_conv_lite_fwd_w/handshake/dest_hsdata_ff_reg[34]} \
          {design_1_i/ps7_0_axi_periph/m06_couplers/auto_cc/inst/gen_clock_conv.gen_async_lite_conv.clock_conv_lite_fwd_w/handshake/dest_hsdata_ff_reg[35]} \
          {design_1_i/ps7_0_axi_periph/m06_couplers/auto_cc/inst/gen_clock_conv.gen_async_lite_conv.clock_conv_lite_fwd_w/handshake/dest_hsdata_ff_reg[3]} \
          {design_1_i/ps7_0_axi_periph/m06_couplers/auto_cc/inst/gen_clock_conv.gen_async_lite_conv.clock_conv_lite_fwd_w/handshake/dest_hsdata_ff_reg[4]} \
          {design_1_i/ps7_0_axi_periph/m06_couplers/auto_cc/inst/gen_clock_conv.gen_async_lite_conv.clock_conv_lite_fwd_w/handshake/dest_hsdata_ff_reg[5]} \
          {design_1_i/ps7_0_axi_periph/m06_couplers/auto_cc/inst/gen_clock_conv.gen_async_lite_conv.clock_conv_lite_fwd_w/handshake/dest_hsdata_ff_reg[6]} \
          {design_1_i/ps7_0_axi_periph/m06_couplers/auto_cc/inst/gen_clock_conv.gen_async_lite_conv.clock_conv_lite_fwd_w/handshake/dest_hsdata_ff_reg[7]} \
          {design_1_i/ps7_0_axi_periph/m06_couplers/auto_cc/inst/gen_clock_conv.gen_async_lite_conv.clock_conv_lite_fwd_w/handshake/dest_hsdata_ff_reg[8]} \
          {design_1_i/ps7_0_axi_periph/m06_couplers/auto_cc/inst/gen_clock_conv.gen_async_lite_conv.clock_conv_lite_fwd_w/handshake/dest_hsdata_ff_reg[9]}]] 19.686
Requirement: 19.686ns
Endpoints: 36

From Clock            To Clock              Endpoint Pin                    Reference Pin                   Corner  Actual(ns)  Slack(ns)
--------------------  --------------------  ------------------------------  ------------------------------  ------  ----------  ---------
clk_fpga_0            clk_fpga_1            design_1_i/ps7_0_axi_periph/m06_couplers/auto_cc/inst/gen_clock_conv.gen_async_lite_conv.clock_conv_lite_fwd_w/handshake/dest_hsdata_ff_reg[2]/D
                                                                            design_1_i/ps7_0_axi_periph/m06_couplers/auto_cc/inst/gen_clock_conv.gen_async_lite_conv.clock_conv_lite_fwd_w/handshake/dest_hsdata_ff_reg[25]/D
                                                                                                            Slow         1.049     18.637


Slack (MET) :             18.637ns  (requirement - actual skew)
  Endpoint Source:        design_1_i/ps7_0_axi_periph/m06_couplers/auto_cc/inst/gen_clock_conv.gen_async_lite_conv.clock_conv_lite_fwd_w/handshake/src_hsdata_ff_reg[2]/C
                            (rising edge-triggered cell FDRE clocked by clk_fpga_0)
  Endpoint Destination:   design_1_i/ps7_0_axi_periph/m06_couplers/auto_cc/inst/gen_clock_conv.gen_async_lite_conv.clock_conv_lite_fwd_w/handshake/dest_hsdata_ff_reg[2]/D
                            (rising edge-triggered cell FDRE clocked by clk_fpga_1)
  Reference Source:       design_1_i/ps7_0_axi_periph/m06_couplers/auto_cc/inst/gen_clock_conv.gen_async_lite_conv.clock_conv_lite_fwd_w/handshake/src_hsdata_ff_reg[25]/C
                            (rising edge-triggered cell FDRE clocked by clk_fpga_0)
  Reference Destination:  design_1_i/ps7_0_axi_periph/m06_couplers/auto_cc/inst/gen_clock_conv.gen_async_lite_conv.clock_conv_lite_fwd_w/handshake/dest_hsdata_ff_reg[25]/D
                            (rising edge-triggered cell FDRE clocked by clk_fpga_1)
  Path Type:              Bus Skew (Max at Slow Process Corner)
  Requirement:            19.686ns
  Endpoint Relative Delay:    1.450ns
  Reference Relative Delay:   0.207ns
  Relative CRPR:              0.193ns
  Actual Bus Skew:            1.049ns  (Endpoint Relative Delay - Reference Relative Delay - Relative CRPR)

Endpoint path:
    Location             Delay type                Incr(ns)  Path(ns)    Netlist Resource(s)
  -------------------------------------------------------------------    -------------------
                         (clock clk_fpga_0 rise edge)
                                                      0.000     0.000 r  
    PS7_X0Y0             PS7                          0.000     0.000 r  design_1_i/processing_system7_0/inst/PS7_i/FCLKCLK[0]
                         net (fo=1, routed)           0.994     0.994    design_1_i/processing_system7_0/inst/FCLK_CLK_unbuffered[0]
    BUFGCTRL_X0Y17       BUFG (Prop_bufg_I_O)         0.085     1.079 r  design_1_i/processing_system7_0/inst/buffer_fclk_clk_0.FCLK_CLK_0_BUFG/O
                         net (fo=14268, routed)       1.404     2.483    design_1_i/ps7_0_axi_periph/m06_couplers/auto_cc/inst/gen_clock_conv.gen_async_lite_conv.clock_conv_lite_fwd_w/handshake/src_clk
    SLICE_X40Y38         FDRE                                         r  design_1_i/ps7_0_axi_periph/m06_couplers/auto_cc/inst/gen_clock_conv.gen_async_lite_conv.clock_conv_lite_fwd_w/handshake/src_hsdata_ff_reg[2]/C
  -------------------------------------------------------------------    -------------------
    SLICE_X40Y38         FDRE (Prop_fdre_C_Q)         0.379     2.862 r  design_1_i/ps7_0_axi_periph/m06_couplers/auto_cc/inst/gen_clock_conv.gen_async_lite_conv.clock_conv_lite_fwd_w/handshake/src_hsdata_ff_reg[2]/Q
                         net (fo=1, routed)           0.781     3.643    design_1_i/ps7_0_axi_periph/m06_couplers/auto_cc/inst/gen_clock_conv.gen_async_lite_conv.clock_conv_lite_fwd_w/handshake/src_hsdata_ff[2]
    SLICE_X41Y38         FDRE                                         r  design_1_i/ps7_0_axi_periph/m06_couplers/auto_cc/inst/gen_clock_conv.gen_async_lite_conv.clock_conv_lite_fwd_w/handshake/dest_hsdata_ff_reg[2]/D
  -------------------------------------------------------------------    -------------------

                         (clock clk_fpga_1 rise edge)
                                                      0.000     0.000 r  
    PS7_X0Y0             PS7                          0.000     0.000 r  design_1_i/processing_system7_0/inst/PS7_i/FCLKCLK[1]
                         net (fo=1, routed)           0.905     0.905    design_1_i/processing_system7_0/inst/FCLK_CLK_unbuffered[1]
    BUFGCTRL_X0Y16       BUFG (Prop_bufg_I_O)         0.077     0.982 r  design_1_i/processing_system7_0/inst/buffer_fclk_clk_1.FCLK_CLK_1_BUFG/O
                         net (fo=18021, routed)       1.250     2.232    design_1_i/ps7_0_axi_periph/m06_couplers/auto_cc/inst/gen_clock_conv.gen_async_lite_conv.clock_conv_lite_fwd_w/handshake/dest_clk
    SLICE_X41Y38         FDRE                                         r  design_1_i/ps7_0_axi_periph/m06_couplers/auto_cc/inst/gen_clock_conv.gen_async_lite_conv.clock_conv_lite_fwd_w/handshake/dest_hsdata_ff_reg[2]/C
                         clock pessimism              0.000     2.232    
    SLICE_X41Y38         FDRE (Setup_fdre_C_D)       -0.039     2.193    design_1_i/ps7_0_axi_periph/m06_couplers/auto_cc/inst/gen_clock_conv.gen_async_lite_conv.clock_conv_lite_fwd_w/handshake/dest_hsdata_ff_reg[2]
  -------------------------------------------------------------------
                         data arrival                           3.643    
                         clock arrival                          2.193    
  -------------------------------------------------------------------
                         relative delay                         1.450    

Reference path:
    Location             Delay type                Incr(ns)  Path(ns)    Netlist Resource(s)
  -------------------------------------------------------------------    -------------------
                         (clock clk_fpga_0 rise edge)
                                                      0.000     0.000 r  
    PS7_X0Y0             PS7                          0.000     0.000 r  design_1_i/processing_system7_0/inst/PS7_i/FCLKCLK[0]
                         net (fo=1, routed)           0.905     0.905    design_1_i/processing_system7_0/inst/FCLK_CLK_unbuffered[0]
    BUFGCTRL_X0Y17       BUFG (Prop_bufg_I_O)         0.077     0.982 r  design_1_i/processing_system7_0/inst/buffer_fclk_clk_0.FCLK_CLK_0_BUFG/O
                         net (fo=14268, routed)       1.285     2.268    design_1_i/ps7_0_axi_periph/m06_couplers/auto_cc/inst/gen_clock_conv.gen_async_lite_conv.clock_conv_lite_fwd_w/handshake/src_clk
    SLICE_X58Y51         FDRE                                         r  design_1_i/ps7_0_axi_periph/m06_couplers/auto_cc/inst/gen_clock_conv.gen_async_lite_conv.clock_conv_lite_fwd_w/handshake/src_hsdata_ff_reg[25]/C
  -------------------------------------------------------------------    -------------------
    SLICE_X58Y51         FDRE (Prop_fdre_C_Q)         0.347     2.615 r  design_1_i/ps7_0_axi_periph/m06_couplers/auto_cc/inst/gen_clock_conv.gen_async_lite_conv.clock_conv_lite_fwd_w/handshake/src_hsdata_ff_reg[25]/Q
                         net (fo=1, routed)           0.300     2.914    design_1_i/ps7_0_axi_periph/m06_couplers/auto_cc/inst/gen_clock_conv.gen_async_lite_conv.clock_conv_lite_fwd_w/handshake/src_hsdata_ff[25]
    SLICE_X58Y50         FDRE                                         r  design_1_i/ps7_0_axi_periph/m06_couplers/auto_cc/inst/gen_clock_conv.gen_async_lite_conv.clock_conv_lite_fwd_w/handshake/dest_hsdata_ff_reg[25]/D
  -------------------------------------------------------------------    -------------------

                         (clock clk_fpga_1 rise edge)
                                                      0.000     0.000 r  
    PS7_X0Y0             PS7                          0.000     0.000 r  design_1_i/processing_system7_0/inst/PS7_i/FCLKCLK[1]
                         net (fo=1, routed)           0.994     0.994    design_1_i/processing_system7_0/inst/FCLK_CLK_unbuffered[1]
    BUFGCTRL_X0Y16       BUFG (Prop_bufg_I_O)         0.085     1.079 r  design_1_i/processing_system7_0/inst/buffer_fclk_clk_1.FCLK_CLK_1_BUFG/O
                         net (fo=18021, routed)       1.441     2.520    design_1_i/ps7_0_axi_periph/m06_couplers/auto_cc/inst/gen_clock_conv.gen_async_lite_conv.clock_conv_lite_fwd_w/handshake/dest_clk
    SLICE_X58Y50         FDRE                                         r  design_1_i/ps7_0_axi_periph/m06_couplers/auto_cc/inst/gen_clock_conv.gen_async_lite_conv.clock_conv_lite_fwd_w/handshake/dest_hsdata_ff_reg[25]/C
                         clock pessimism              0.000     2.520    
    SLICE_X58Y50         FDRE (Hold_fdre_C_D)         0.187     2.707    design_1_i/ps7_0_axi_periph/m06_couplers/auto_cc/inst/gen_clock_conv.gen_async_lite_conv.clock_conv_lite_fwd_w/handshake/dest_hsdata_ff_reg[25]
  -------------------------------------------------------------------
                         data arrival                           2.914    
                         clock arrival                          2.707    
  -------------------------------------------------------------------
                         relative delay                         0.207    



Id: 17
set_bus_skew -from [get_cells [list {design_1_i/ps7_0_axi_periph/m07_couplers/auto_cc/inst/gen_clock_conv.gen_async_lite_conv.clock_conv_lite_fwd_w/handshake/src_hsdata_ff_reg[0]} \
          {design_1_i/ps7_0_axi_periph/m07_couplers/auto_cc/inst/gen_clock_conv.gen_async_lite_conv.clock_conv_lite_fwd_w/handshake/src_hsdata_ff_reg[10]} \
          {design_1_i/ps7_0_axi_periph/m07_couplers/auto_cc/inst/gen_clock_conv.gen_async_lite_conv.clock_conv_lite_fwd_w/handshake/src_hsdata_ff_reg[11]} \
          {design_1_i/ps7_0_axi_periph/m07_couplers/auto_cc/inst/gen_clock_conv.gen_async_lite_conv.clock_conv_lite_fwd_w/handshake/src_hsdata_ff_reg[12]} \
          {design_1_i/ps7_0_axi_periph/m07_couplers/auto_cc/inst/gen_clock_conv.gen_async_lite_conv.clock_conv_lite_fwd_w/handshake/src_hsdata_ff_reg[13]} \
          {design_1_i/ps7_0_axi_periph/m07_couplers/auto_cc/inst/gen_clock_conv.gen_async_lite_conv.clock_conv_lite_fwd_w/handshake/src_hsdata_ff_reg[14]} \
          {design_1_i/ps7_0_axi_periph/m07_couplers/auto_cc/inst/gen_clock_conv.gen_async_lite_conv.clock_conv_lite_fwd_w/handshake/src_hsdata_ff_reg[15]} \
          {design_1_i/ps7_0_axi_periph/m07_couplers/auto_cc/inst/gen_clock_conv.gen_async_lite_conv.clock_conv_lite_fwd_w/handshake/src_hsdata_ff_reg[16]} \
          {design_1_i/ps7_0_axi_periph/m07_couplers/auto_cc/inst/gen_clock_conv.gen_async_lite_conv.clock_conv_lite_fwd_w/handshake/src_hsdata_ff_reg[17]} \
          {design_1_i/ps7_0_axi_periph/m07_couplers/auto_cc/inst/gen_clock_conv.gen_async_lite_conv.clock_conv_lite_fwd_w/handshake/src_hsdata_ff_reg[18]} \
          {design_1_i/ps7_0_axi_periph/m07_couplers/auto_cc/inst/gen_clock_conv.gen_async_lite_conv.clock_conv_lite_fwd_w/handshake/src_hsdata_ff_reg[19]} \
          {design_1_i/ps7_0_axi_periph/m07_couplers/auto_cc/inst/gen_clock_conv.gen_async_lite_conv.clock_conv_lite_fwd_w/handshake/src_hsdata_ff_reg[1]} \
          {design_1_i/ps7_0_axi_periph/m07_couplers/auto_cc/inst/gen_clock_conv.gen_async_lite_conv.clock_conv_lite_fwd_w/handshake/src_hsdata_ff_reg[20]} \
          {design_1_i/ps7_0_axi_periph/m07_couplers/auto_cc/inst/gen_clock_conv.gen_async_lite_conv.clock_conv_lite_fwd_w/handshake/src_hsdata_ff_reg[21]} \
          {design_1_i/ps7_0_axi_periph/m07_couplers/auto_cc/inst/gen_clock_conv.gen_async_lite_conv.clock_conv_lite_fwd_w/handshake/src_hsdata_ff_reg[22]} \
          {design_1_i/ps7_0_axi_periph/m07_couplers/auto_cc/inst/gen_clock_conv.gen_async_lite_conv.clock_conv_lite_fwd_w/handshake/src_hsdata_ff_reg[23]} \
          {design_1_i/ps7_0_axi_periph/m07_couplers/auto_cc/inst/gen_clock_conv.gen_async_lite_conv.clock_conv_lite_fwd_w/handshake/src_hsdata_ff_reg[24]} \
          {design_1_i/ps7_0_axi_periph/m07_couplers/auto_cc/inst/gen_clock_conv.gen_async_lite_conv.clock_conv_lite_fwd_w/handshake/src_hsdata_ff_reg[25]} \
          {design_1_i/ps7_0_axi_periph/m07_couplers/auto_cc/inst/gen_clock_conv.gen_async_lite_conv.clock_conv_lite_fwd_w/handshake/src_hsdata_ff_reg[26]} \
          {design_1_i/ps7_0_axi_periph/m07_couplers/auto_cc/inst/gen_clock_conv.gen_async_lite_conv.clock_conv_lite_fwd_w/handshake/src_hsdata_ff_reg[27]} \
          {design_1_i/ps7_0_axi_periph/m07_couplers/auto_cc/inst/gen_clock_conv.gen_async_lite_conv.clock_conv_lite_fwd_w/handshake/src_hsdata_ff_reg[28]} \
          {design_1_i/ps7_0_axi_periph/m07_couplers/auto_cc/inst/gen_clock_conv.gen_async_lite_conv.clock_conv_lite_fwd_w/handshake/src_hsdata_ff_reg[29]} \
          {design_1_i/ps7_0_axi_periph/m07_couplers/auto_cc/inst/gen_clock_conv.gen_async_lite_conv.clock_conv_lite_fwd_w/handshake/src_hsdata_ff_reg[2]} \
          {design_1_i/ps7_0_axi_periph/m07_couplers/auto_cc/inst/gen_clock_conv.gen_async_lite_conv.clock_conv_lite_fwd_w/handshake/src_hsdata_ff_reg[30]} \
          {design_1_i/ps7_0_axi_periph/m07_couplers/auto_cc/inst/gen_clock_conv.gen_async_lite_conv.clock_conv_lite_fwd_w/handshake/src_hsdata_ff_reg[31]} \
          {design_1_i/ps7_0_axi_periph/m07_couplers/auto_cc/inst/gen_clock_conv.gen_async_lite_conv.clock_conv_lite_fwd_w/handshake/src_hsdata_ff_reg[32]} \
          {design_1_i/ps7_0_axi_periph/m07_couplers/auto_cc/inst/gen_clock_conv.gen_async_lite_conv.clock_conv_lite_fwd_w/handshake/src_hsdata_ff_reg[33]} \
          {design_1_i/ps7_0_axi_periph/m07_couplers/auto_cc/inst/gen_clock_conv.gen_async_lite_conv.clock_conv_lite_fwd_w/handshake/src_hsdata_ff_reg[34]} \
          {design_1_i/ps7_0_axi_periph/m07_couplers/auto_cc/inst/gen_clock_conv.gen_async_lite_conv.clock_conv_lite_fwd_w/handshake/src_hsdata_ff_reg[35]} \
          {design_1_i/ps7_0_axi_periph/m07_couplers/auto_cc/inst/gen_clock_conv.gen_async_lite_conv.clock_conv_lite_fwd_w/handshake/src_hsdata_ff_reg[3]} \
          {design_1_i/ps7_0_axi_periph/m07_couplers/auto_cc/inst/gen_clock_conv.gen_async_lite_conv.clock_conv_lite_fwd_w/handshake/src_hsdata_ff_reg[4]} \
          {design_1_i/ps7_0_axi_periph/m07_couplers/auto_cc/inst/gen_clock_conv.gen_async_lite_conv.clock_conv_lite_fwd_w/handshake/src_hsdata_ff_reg[5]} \
          {design_1_i/ps7_0_axi_periph/m07_couplers/auto_cc/inst/gen_clock_conv.gen_async_lite_conv.clock_conv_lite_fwd_w/handshake/src_hsdata_ff_reg[6]} \
          {design_1_i/ps7_0_axi_periph/m07_couplers/auto_cc/inst/gen_clock_conv.gen_async_lite_conv.clock_conv_lite_fwd_w/handshake/src_hsdata_ff_reg[7]} \
          {design_1_i/ps7_0_axi_periph/m07_couplers/auto_cc/inst/gen_clock_conv.gen_async_lite_conv.clock_conv_lite_fwd_w/handshake/src_hsdata_ff_reg[8]} \
          {design_1_i/ps7_0_axi_periph/m07_couplers/auto_cc/inst/gen_clock_conv.gen_async_lite_conv.clock_conv_lite_fwd_w/handshake/src_hsdata_ff_reg[9]}]] -to [get_cells [list {design_1_i/ps7_0_axi_periph/m07_couplers/auto_cc/inst/gen_clock_conv.gen_async_lite_conv.clock_conv_lite_fwd_w/handshake/dest_hsdata_ff_reg[0]} \
          {design_1_i/ps7_0_axi_periph/m07_couplers/auto_cc/inst/gen_clock_conv.gen_async_lite_conv.clock_conv_lite_fwd_w/handshake/dest_hsdata_ff_reg[10]} \
          {design_1_i/ps7_0_axi_periph/m07_couplers/auto_cc/inst/gen_clock_conv.gen_async_lite_conv.clock_conv_lite_fwd_w/handshake/dest_hsdata_ff_reg[11]} \
          {design_1_i/ps7_0_axi_periph/m07_couplers/auto_cc/inst/gen_clock_conv.gen_async_lite_conv.clock_conv_lite_fwd_w/handshake/dest_hsdata_ff_reg[12]} \
          {design_1_i/ps7_0_axi_periph/m07_couplers/auto_cc/inst/gen_clock_conv.gen_async_lite_conv.clock_conv_lite_fwd_w/handshake/dest_hsdata_ff_reg[13]} \
          {design_1_i/ps7_0_axi_periph/m07_couplers/auto_cc/inst/gen_clock_conv.gen_async_lite_conv.clock_conv_lite_fwd_w/handshake/dest_hsdata_ff_reg[14]} \
          {design_1_i/ps7_0_axi_periph/m07_couplers/auto_cc/inst/gen_clock_conv.gen_async_lite_conv.clock_conv_lite_fwd_w/handshake/dest_hsdata_ff_reg[15]} \
          {design_1_i/ps7_0_axi_periph/m07_couplers/auto_cc/inst/gen_clock_conv.gen_async_lite_conv.clock_conv_lite_fwd_w/handshake/dest_hsdata_ff_reg[16]} \
          {design_1_i/ps7_0_axi_periph/m07_couplers/auto_cc/inst/gen_clock_conv.gen_async_lite_conv.clock_conv_lite_fwd_w/handshake/dest_hsdata_ff_reg[17]} \
          {design_1_i/ps7_0_axi_periph/m07_couplers/auto_cc/inst/gen_clock_conv.gen_async_lite_conv.clock_conv_lite_fwd_w/handshake/dest_hsdata_ff_reg[18]} \
          {design_1_i/ps7_0_axi_periph/m07_couplers/auto_cc/inst/gen_clock_conv.gen_async_lite_conv.clock_conv_lite_fwd_w/handshake/dest_hsdata_ff_reg[19]} \
          {design_1_i/ps7_0_axi_periph/m07_couplers/auto_cc/inst/gen_clock_conv.gen_async_lite_conv.clock_conv_lite_fwd_w/handshake/dest_hsdata_ff_reg[1]} \
          {design_1_i/ps7_0_axi_periph/m07_couplers/auto_cc/inst/gen_clock_conv.gen_async_lite_conv.clock_conv_lite_fwd_w/handshake/dest_hsdata_ff_reg[20]} \
          {design_1_i/ps7_0_axi_periph/m07_couplers/auto_cc/inst/gen_clock_conv.gen_async_lite_conv.clock_conv_lite_fwd_w/handshake/dest_hsdata_ff_reg[21]} \
          {design_1_i/ps7_0_axi_periph/m07_couplers/auto_cc/inst/gen_clock_conv.gen_async_lite_conv.clock_conv_lite_fwd_w/handshake/dest_hsdata_ff_reg[22]} \
          {design_1_i/ps7_0_axi_periph/m07_couplers/auto_cc/inst/gen_clock_conv.gen_async_lite_conv.clock_conv_lite_fwd_w/handshake/dest_hsdata_ff_reg[23]} \
          {design_1_i/ps7_0_axi_periph/m07_couplers/auto_cc/inst/gen_clock_conv.gen_async_lite_conv.clock_conv_lite_fwd_w/handshake/dest_hsdata_ff_reg[24]} \
          {design_1_i/ps7_0_axi_periph/m07_couplers/auto_cc/inst/gen_clock_conv.gen_async_lite_conv.clock_conv_lite_fwd_w/handshake/dest_hsdata_ff_reg[25]} \
          {design_1_i/ps7_0_axi_periph/m07_couplers/auto_cc/inst/gen_clock_conv.gen_async_lite_conv.clock_conv_lite_fwd_w/handshake/dest_hsdata_ff_reg[26]} \
          {design_1_i/ps7_0_axi_periph/m07_couplers/auto_cc/inst/gen_clock_conv.gen_async_lite_conv.clock_conv_lite_fwd_w/handshake/dest_hsdata_ff_reg[27]} \
          {design_1_i/ps7_0_axi_periph/m07_couplers/auto_cc/inst/gen_clock_conv.gen_async_lite_conv.clock_conv_lite_fwd_w/handshake/dest_hsdata_ff_reg[28]} \
          {design_1_i/ps7_0_axi_periph/m07_couplers/auto_cc/inst/gen_clock_conv.gen_async_lite_conv.clock_conv_lite_fwd_w/handshake/dest_hsdata_ff_reg[29]} \
          {design_1_i/ps7_0_axi_periph/m07_couplers/auto_cc/inst/gen_clock_conv.gen_async_lite_conv.clock_conv_lite_fwd_w/handshake/dest_hsdata_ff_reg[2]} \
          {design_1_i/ps7_0_axi_periph/m07_couplers/auto_cc/inst/gen_clock_conv.gen_async_lite_conv.clock_conv_lite_fwd_w/handshake/dest_hsdata_ff_reg[30]} \
          {design_1_i/ps7_0_axi_periph/m07_couplers/auto_cc/inst/gen_clock_conv.gen_async_lite_conv.clock_conv_lite_fwd_w/handshake/dest_hsdata_ff_reg[31]} \
          {design_1_i/ps7_0_axi_periph/m07_couplers/auto_cc/inst/gen_clock_conv.gen_async_lite_conv.clock_conv_lite_fwd_w/handshake/dest_hsdata_ff_reg[32]} \
          {design_1_i/ps7_0_axi_periph/m07_couplers/auto_cc/inst/gen_clock_conv.gen_async_lite_conv.clock_conv_lite_fwd_w/handshake/dest_hsdata_ff_reg[33]} \
          {design_1_i/ps7_0_axi_periph/m07_couplers/auto_cc/inst/gen_clock_conv.gen_async_lite_conv.clock_conv_lite_fwd_w/handshake/dest_hsdata_ff_reg[34]} \
          {design_1_i/ps7_0_axi_periph/m07_couplers/auto_cc/inst/gen_clock_conv.gen_async_lite_conv.clock_conv_lite_fwd_w/handshake/dest_hsdata_ff_reg[35]} \
          {design_1_i/ps7_0_axi_periph/m07_couplers/auto_cc/inst/gen_clock_conv.gen_async_lite_conv.clock_conv_lite_fwd_w/handshake/dest_hsdata_ff_reg[3]} \
          {design_1_i/ps7_0_axi_periph/m07_couplers/auto_cc/inst/gen_clock_conv.gen_async_lite_conv.clock_conv_lite_fwd_w/handshake/dest_hsdata_ff_reg[4]} \
          {design_1_i/ps7_0_axi_periph/m07_couplers/auto_cc/inst/gen_clock_conv.gen_async_lite_conv.clock_conv_lite_fwd_w/handshake/dest_hsdata_ff_reg[5]} \
          {design_1_i/ps7_0_axi_periph/m07_couplers/auto_cc/inst/gen_clock_conv.gen_async_lite_conv.clock_conv_lite_fwd_w/handshake/dest_hsdata_ff_reg[6]} \
          {design_1_i/ps7_0_axi_periph/m07_couplers/auto_cc/inst/gen_clock_conv.gen_async_lite_conv.clock_conv_lite_fwd_w/handshake/dest_hsdata_ff_reg[7]} \
          {design_1_i/ps7_0_axi_periph/m07_couplers/auto_cc/inst/gen_clock_conv.gen_async_lite_conv.clock_conv_lite_fwd_w/handshake/dest_hsdata_ff_reg[8]} \
          {design_1_i/ps7_0_axi_periph/m07_couplers/auto_cc/inst/gen_clock_conv.gen_async_lite_conv.clock_conv_lite_fwd_w/handshake/dest_hsdata_ff_reg[9]}]] 19.686
Requirement: 19.686ns
Endpoints: 36

From Clock            To Clock              Endpoint Pin                    Reference Pin                   Corner  Actual(ns)  Slack(ns)
--------------------  --------------------  ------------------------------  ------------------------------  ------  ----------  ---------
clk_fpga_0            clk_fpga_1            design_1_i/ps7_0_axi_periph/m07_couplers/auto_cc/inst/gen_clock_conv.gen_async_lite_conv.clock_conv_lite_fwd_w/handshake/dest_hsdata_ff_reg[31]/D
                                                                            design_1_i/ps7_0_axi_periph/m07_couplers/auto_cc/inst/gen_clock_conv.gen_async_lite_conv.clock_conv_lite_fwd_w/handshake/dest_hsdata_ff_reg[17]/D
                                                                                                            Slow         0.928     18.758


Slack (MET) :             18.758ns  (requirement - actual skew)
  Endpoint Source:        design_1_i/ps7_0_axi_periph/m07_couplers/auto_cc/inst/gen_clock_conv.gen_async_lite_conv.clock_conv_lite_fwd_w/handshake/src_hsdata_ff_reg[31]/C
                            (rising edge-triggered cell FDRE clocked by clk_fpga_0)
  Endpoint Destination:   design_1_i/ps7_0_axi_periph/m07_couplers/auto_cc/inst/gen_clock_conv.gen_async_lite_conv.clock_conv_lite_fwd_w/handshake/dest_hsdata_ff_reg[31]/D
                            (rising edge-triggered cell FDRE clocked by clk_fpga_1)
  Reference Source:       design_1_i/ps7_0_axi_periph/m07_couplers/auto_cc/inst/gen_clock_conv.gen_async_lite_conv.clock_conv_lite_fwd_w/handshake/src_hsdata_ff_reg[17]/C
                            (rising edge-triggered cell FDRE clocked by clk_fpga_0)
  Reference Destination:  design_1_i/ps7_0_axi_periph/m07_couplers/auto_cc/inst/gen_clock_conv.gen_async_lite_conv.clock_conv_lite_fwd_w/handshake/dest_hsdata_ff_reg[17]/D
                            (rising edge-triggered cell FDRE clocked by clk_fpga_1)
  Path Type:              Bus Skew (Max at Slow Process Corner)
  Requirement:            19.686ns
  Endpoint Relative Delay:    1.487ns
  Reference Relative Delay:   0.174ns
  Relative CRPR:              0.385ns
  Actual Bus Skew:            0.928ns  (Endpoint Relative Delay - Reference Relative Delay - Relative CRPR)

Endpoint path:
    Location             Delay type                Incr(ns)  Path(ns)    Netlist Resource(s)
  -------------------------------------------------------------------    -------------------
                         (clock clk_fpga_0 rise edge)
                                                      0.000     0.000 r  
    PS7_X0Y0             PS7                          0.000     0.000 r  design_1_i/processing_system7_0/inst/PS7_i/FCLKCLK[0]
                         net (fo=1, routed)           0.994     0.994    design_1_i/processing_system7_0/inst/FCLK_CLK_unbuffered[0]
    BUFGCTRL_X0Y17       BUFG (Prop_bufg_I_O)         0.085     1.079 r  design_1_i/processing_system7_0/inst/buffer_fclk_clk_0.FCLK_CLK_0_BUFG/O
                         net (fo=14268, routed)       1.461     2.540    design_1_i/ps7_0_axi_periph/m07_couplers/auto_cc/inst/gen_clock_conv.gen_async_lite_conv.clock_conv_lite_fwd_w/handshake/src_clk
    SLICE_X59Y47         FDRE                                         r  design_1_i/ps7_0_axi_periph/m07_couplers/auto_cc/inst/gen_clock_conv.gen_async_lite_conv.clock_conv_lite_fwd_w/handshake/src_hsdata_ff_reg[31]/C
  -------------------------------------------------------------------    -------------------
    SLICE_X59Y47         FDRE (Prop_fdre_C_Q)         0.348     2.888 r  design_1_i/ps7_0_axi_periph/m07_couplers/auto_cc/inst/gen_clock_conv.gen_async_lite_conv.clock_conv_lite_fwd_w/handshake/src_hsdata_ff_reg[31]/Q
                         net (fo=1, routed)           0.739     3.627    design_1_i/ps7_0_axi_periph/m07_couplers/auto_cc/inst/gen_clock_conv.gen_async_lite_conv.clock_conv_lite_fwd_w/handshake/src_hsdata_ff[31]
    SLICE_X58Y47         FDRE                                         r  design_1_i/ps7_0_axi_periph/m07_couplers/auto_cc/inst/gen_clock_conv.gen_async_lite_conv.clock_conv_lite_fwd_w/handshake/dest_hsdata_ff_reg[31]/D
  -------------------------------------------------------------------    -------------------

                         (clock clk_fpga_1 rise edge)
                                                      0.000     0.000 r  
    PS7_X0Y0             PS7                          0.000     0.000 r  design_1_i/processing_system7_0/inst/PS7_i/FCLKCLK[1]
                         net (fo=1, routed)           0.905     0.905    design_1_i/processing_system7_0/inst/FCLK_CLK_unbuffered[1]
    BUFGCTRL_X0Y16       BUFG (Prop_bufg_I_O)         0.077     0.982 r  design_1_i/processing_system7_0/inst/buffer_fclk_clk_1.FCLK_CLK_1_BUFG/O
                         net (fo=18021, routed)       1.304     2.286    design_1_i/ps7_0_axi_periph/m07_couplers/auto_cc/inst/gen_clock_conv.gen_async_lite_conv.clock_conv_lite_fwd_w/handshake/dest_clk
    SLICE_X58Y47         FDRE                                         r  design_1_i/ps7_0_axi_periph/m07_couplers/auto_cc/inst/gen_clock_conv.gen_async_lite_conv.clock_conv_lite_fwd_w/handshake/dest_hsdata_ff_reg[31]/C
                         clock pessimism              0.000     2.286    
    SLICE_X58Y47         FDRE (Setup_fdre_C_D)       -0.147     2.139    design_1_i/ps7_0_axi_periph/m07_couplers/auto_cc/inst/gen_clock_conv.gen_async_lite_conv.clock_conv_lite_fwd_w/handshake/dest_hsdata_ff_reg[31]
  -------------------------------------------------------------------
                         data arrival                           3.627    
                         clock arrival                          2.139    
  -------------------------------------------------------------------
                         relative delay                         1.487    

Reference path:
    Location             Delay type                Incr(ns)  Path(ns)    Netlist Resource(s)
  -------------------------------------------------------------------    -------------------
                         (clock clk_fpga_0 rise edge)
                                                      0.000     0.000 r  
    PS7_X0Y0             PS7                          0.000     0.000 r  design_1_i/processing_system7_0/inst/PS7_i/FCLKCLK[0]
                         net (fo=1, routed)           0.905     0.905    design_1_i/processing_system7_0/inst/FCLK_CLK_unbuffered[0]
    BUFGCTRL_X0Y17       BUFG (Prop_bufg_I_O)         0.077     0.982 r  design_1_i/processing_system7_0/inst/buffer_fclk_clk_0.FCLK_CLK_0_BUFG/O
                         net (fo=14268, routed)       1.301     2.283    design_1_i/ps7_0_axi_periph/m07_couplers/auto_cc/inst/gen_clock_conv.gen_async_lite_conv.clock_conv_lite_fwd_w/handshake/src_clk
    SLICE_X55Y44         FDRE                                         r  design_1_i/ps7_0_axi_periph/m07_couplers/auto_cc/inst/gen_clock_conv.gen_async_lite_conv.clock_conv_lite_fwd_w/handshake/src_hsdata_ff_reg[17]/C
  -------------------------------------------------------------------    -------------------
    SLICE_X55Y44         FDRE (Prop_fdre_C_Q)         0.304     2.587 r  design_1_i/ps7_0_axi_periph/m07_couplers/auto_cc/inst/gen_clock_conv.gen_async_lite_conv.clock_conv_lite_fwd_w/handshake/src_hsdata_ff_reg[17]/Q
                         net (fo=1, routed)           0.329     2.916    design_1_i/ps7_0_axi_periph/m07_couplers/auto_cc/inst/gen_clock_conv.gen_async_lite_conv.clock_conv_lite_fwd_w/handshake/src_hsdata_ff[17]
    SLICE_X54Y44         FDRE                                         r  design_1_i/ps7_0_axi_periph/m07_couplers/auto_cc/inst/gen_clock_conv.gen_async_lite_conv.clock_conv_lite_fwd_w/handshake/dest_hsdata_ff_reg[17]/D
  -------------------------------------------------------------------    -------------------

                         (clock clk_fpga_1 rise edge)
                                                      0.000     0.000 r  
    PS7_X0Y0             PS7                          0.000     0.000 r  design_1_i/processing_system7_0/inst/PS7_i/FCLKCLK[1]
                         net (fo=1, routed)           0.994     0.994    design_1_i/processing_system7_0/inst/FCLK_CLK_unbuffered[1]
    BUFGCTRL_X0Y16       BUFG (Prop_bufg_I_O)         0.085     1.079 r  design_1_i/processing_system7_0/inst/buffer_fclk_clk_1.FCLK_CLK_1_BUFG/O
                         net (fo=18021, routed)       1.459     2.538    design_1_i/ps7_0_axi_periph/m07_couplers/auto_cc/inst/gen_clock_conv.gen_async_lite_conv.clock_conv_lite_fwd_w/handshake/dest_clk
    SLICE_X54Y44         FDRE                                         r  design_1_i/ps7_0_axi_periph/m07_couplers/auto_cc/inst/gen_clock_conv.gen_async_lite_conv.clock_conv_lite_fwd_w/handshake/dest_hsdata_ff_reg[17]/C
                         clock pessimism              0.000     2.538    
    SLICE_X54Y44         FDRE (Hold_fdre_C_D)         0.204     2.742    design_1_i/ps7_0_axi_periph/m07_couplers/auto_cc/inst/gen_clock_conv.gen_async_lite_conv.clock_conv_lite_fwd_w/handshake/dest_hsdata_ff_reg[17]
  -------------------------------------------------------------------
                         data arrival                           2.916    
                         clock arrival                          2.742    
  -------------------------------------------------------------------
                         relative delay                         0.174    



Id: 18
set_bus_skew -from [get_cells [list {design_1_i/ps7_0_axi_periph/m11_couplers/auto_cc/inst/gen_clock_conv.gen_async_lite_conv.clock_conv_lite_fwd_w/handshake/src_hsdata_ff_reg[0]} \
          {design_1_i/ps7_0_axi_periph/m11_couplers/auto_cc/inst/gen_clock_conv.gen_async_lite_conv.clock_conv_lite_fwd_w/handshake/src_hsdata_ff_reg[10]} \
          {design_1_i/ps7_0_axi_periph/m11_couplers/auto_cc/inst/gen_clock_conv.gen_async_lite_conv.clock_conv_lite_fwd_w/handshake/src_hsdata_ff_reg[11]} \
          {design_1_i/ps7_0_axi_periph/m11_couplers/auto_cc/inst/gen_clock_conv.gen_async_lite_conv.clock_conv_lite_fwd_w/handshake/src_hsdata_ff_reg[12]} \
          {design_1_i/ps7_0_axi_periph/m11_couplers/auto_cc/inst/gen_clock_conv.gen_async_lite_conv.clock_conv_lite_fwd_w/handshake/src_hsdata_ff_reg[13]} \
          {design_1_i/ps7_0_axi_periph/m11_couplers/auto_cc/inst/gen_clock_conv.gen_async_lite_conv.clock_conv_lite_fwd_w/handshake/src_hsdata_ff_reg[14]} \
          {design_1_i/ps7_0_axi_periph/m11_couplers/auto_cc/inst/gen_clock_conv.gen_async_lite_conv.clock_conv_lite_fwd_w/handshake/src_hsdata_ff_reg[15]} \
          {design_1_i/ps7_0_axi_periph/m11_couplers/auto_cc/inst/gen_clock_conv.gen_async_lite_conv.clock_conv_lite_fwd_w/handshake/src_hsdata_ff_reg[16]} \
          {design_1_i/ps7_0_axi_periph/m11_couplers/auto_cc/inst/gen_clock_conv.gen_async_lite_conv.clock_conv_lite_fwd_w/handshake/src_hsdata_ff_reg[17]} \
          {design_1_i/ps7_0_axi_periph/m11_couplers/auto_cc/inst/gen_clock_conv.gen_async_lite_conv.clock_conv_lite_fwd_w/handshake/src_hsdata_ff_reg[18]} \
          {design_1_i/ps7_0_axi_periph/m11_couplers/auto_cc/inst/gen_clock_conv.gen_async_lite_conv.clock_conv_lite_fwd_w/handshake/src_hsdata_ff_reg[19]} \
          {design_1_i/ps7_0_axi_periph/m11_couplers/auto_cc/inst/gen_clock_conv.gen_async_lite_conv.clock_conv_lite_fwd_w/handshake/src_hsdata_ff_reg[1]} \
          {design_1_i/ps7_0_axi_periph/m11_couplers/auto_cc/inst/gen_clock_conv.gen_async_lite_conv.clock_conv_lite_fwd_w/handshake/src_hsdata_ff_reg[20]} \
          {design_1_i/ps7_0_axi_periph/m11_couplers/auto_cc/inst/gen_clock_conv.gen_async_lite_conv.clock_conv_lite_fwd_w/handshake/src_hsdata_ff_reg[21]} \
          {design_1_i/ps7_0_axi_periph/m11_couplers/auto_cc/inst/gen_clock_conv.gen_async_lite_conv.clock_conv_lite_fwd_w/handshake/src_hsdata_ff_reg[22]} \
          {design_1_i/ps7_0_axi_periph/m11_couplers/auto_cc/inst/gen_clock_conv.gen_async_lite_conv.clock_conv_lite_fwd_w/handshake/src_hsdata_ff_reg[23]} \
          {design_1_i/ps7_0_axi_periph/m11_couplers/auto_cc/inst/gen_clock_conv.gen_async_lite_conv.clock_conv_lite_fwd_w/handshake/src_hsdata_ff_reg[24]} \
          {design_1_i/ps7_0_axi_periph/m11_couplers/auto_cc/inst/gen_clock_conv.gen_async_lite_conv.clock_conv_lite_fwd_w/handshake/src_hsdata_ff_reg[25]} \
          {design_1_i/ps7_0_axi_periph/m11_couplers/auto_cc/inst/gen_clock_conv.gen_async_lite_conv.clock_conv_lite_fwd_w/handshake/src_hsdata_ff_reg[26]} \
          {design_1_i/ps7_0_axi_periph/m11_couplers/auto_cc/inst/gen_clock_conv.gen_async_lite_conv.clock_conv_lite_fwd_w/handshake/src_hsdata_ff_reg[27]} \
          {design_1_i/ps7_0_axi_periph/m11_couplers/auto_cc/inst/gen_clock_conv.gen_async_lite_conv.clock_conv_lite_fwd_w/handshake/src_hsdata_ff_reg[28]} \
          {design_1_i/ps7_0_axi_periph/m11_couplers/auto_cc/inst/gen_clock_conv.gen_async_lite_conv.clock_conv_lite_fwd_w/handshake/src_hsdata_ff_reg[29]} \
          {design_1_i/ps7_0_axi_periph/m11_couplers/auto_cc/inst/gen_clock_conv.gen_async_lite_conv.clock_conv_lite_fwd_w/handshake/src_hsdata_ff_reg[2]} \
          {design_1_i/ps7_0_axi_periph/m11_couplers/auto_cc/inst/gen_clock_conv.gen_async_lite_conv.clock_conv_lite_fwd_w/handshake/src_hsdata_ff_reg[30]} \
          {design_1_i/ps7_0_axi_periph/m11_couplers/auto_cc/inst/gen_clock_conv.gen_async_lite_conv.clock_conv_lite_fwd_w/handshake/src_hsdata_ff_reg[31]} \
          {design_1_i/ps7_0_axi_periph/m11_couplers/auto_cc/inst/gen_clock_conv.gen_async_lite_conv.clock_conv_lite_fwd_w/handshake/src_hsdata_ff_reg[32]} \
          {design_1_i/ps7_0_axi_periph/m11_couplers/auto_cc/inst/gen_clock_conv.gen_async_lite_conv.clock_conv_lite_fwd_w/handshake/src_hsdata_ff_reg[33]} \
          {design_1_i/ps7_0_axi_periph/m11_couplers/auto_cc/inst/gen_clock_conv.gen_async_lite_conv.clock_conv_lite_fwd_w/handshake/src_hsdata_ff_reg[34]} \
          {design_1_i/ps7_0_axi_periph/m11_couplers/auto_cc/inst/gen_clock_conv.gen_async_lite_conv.clock_conv_lite_fwd_w/handshake/src_hsdata_ff_reg[35]} \
          {design_1_i/ps7_0_axi_periph/m11_couplers/auto_cc/inst/gen_clock_conv.gen_async_lite_conv.clock_conv_lite_fwd_w/handshake/src_hsdata_ff_reg[3]} \
          {design_1_i/ps7_0_axi_periph/m11_couplers/auto_cc/inst/gen_clock_conv.gen_async_lite_conv.clock_conv_lite_fwd_w/handshake/src_hsdata_ff_reg[4]} \
          {design_1_i/ps7_0_axi_periph/m11_couplers/auto_cc/inst/gen_clock_conv.gen_async_lite_conv.clock_conv_lite_fwd_w/handshake/src_hsdata_ff_reg[5]} \
          {design_1_i/ps7_0_axi_periph/m11_couplers/auto_cc/inst/gen_clock_conv.gen_async_lite_conv.clock_conv_lite_fwd_w/handshake/src_hsdata_ff_reg[6]} \
          {design_1_i/ps7_0_axi_periph/m11_couplers/auto_cc/inst/gen_clock_conv.gen_async_lite_conv.clock_conv_lite_fwd_w/handshake/src_hsdata_ff_reg[7]} \
          {design_1_i/ps7_0_axi_periph/m11_couplers/auto_cc/inst/gen_clock_conv.gen_async_lite_conv.clock_conv_lite_fwd_w/handshake/src_hsdata_ff_reg[8]} \
          {design_1_i/ps7_0_axi_periph/m11_couplers/auto_cc/inst/gen_clock_conv.gen_async_lite_conv.clock_conv_lite_fwd_w/handshake/src_hsdata_ff_reg[9]}]] -to [get_cells [list {design_1_i/ps7_0_axi_periph/m11_couplers/auto_cc/inst/gen_clock_conv.gen_async_lite_conv.clock_conv_lite_fwd_w/handshake/dest_hsdata_ff_reg[0]} \
          {design_1_i/ps7_0_axi_periph/m11_couplers/auto_cc/inst/gen_clock_conv.gen_async_lite_conv.clock_conv_lite_fwd_w/handshake/dest_hsdata_ff_reg[10]} \
          {design_1_i/ps7_0_axi_periph/m11_couplers/auto_cc/inst/gen_clock_conv.gen_async_lite_conv.clock_conv_lite_fwd_w/handshake/dest_hsdata_ff_reg[11]} \
          {design_1_i/ps7_0_axi_periph/m11_couplers/auto_cc/inst/gen_clock_conv.gen_async_lite_conv.clock_conv_lite_fwd_w/handshake/dest_hsdata_ff_reg[12]} \
          {design_1_i/ps7_0_axi_periph/m11_couplers/auto_cc/inst/gen_clock_conv.gen_async_lite_conv.clock_conv_lite_fwd_w/handshake/dest_hsdata_ff_reg[13]} \
          {design_1_i/ps7_0_axi_periph/m11_couplers/auto_cc/inst/gen_clock_conv.gen_async_lite_conv.clock_conv_lite_fwd_w/handshake/dest_hsdata_ff_reg[14]} \
          {design_1_i/ps7_0_axi_periph/m11_couplers/auto_cc/inst/gen_clock_conv.gen_async_lite_conv.clock_conv_lite_fwd_w/handshake/dest_hsdata_ff_reg[15]} \
          {design_1_i/ps7_0_axi_periph/m11_couplers/auto_cc/inst/gen_clock_conv.gen_async_lite_conv.clock_conv_lite_fwd_w/handshake/dest_hsdata_ff_reg[16]} \
          {design_1_i/ps7_0_axi_periph/m11_couplers/auto_cc/inst/gen_clock_conv.gen_async_lite_conv.clock_conv_lite_fwd_w/handshake/dest_hsdata_ff_reg[17]} \
          {design_1_i/ps7_0_axi_periph/m11_couplers/auto_cc/inst/gen_clock_conv.gen_async_lite_conv.clock_conv_lite_fwd_w/handshake/dest_hsdata_ff_reg[18]} \
          {design_1_i/ps7_0_axi_periph/m11_couplers/auto_cc/inst/gen_clock_conv.gen_async_lite_conv.clock_conv_lite_fwd_w/handshake/dest_hsdata_ff_reg[19]} \
          {design_1_i/ps7_0_axi_periph/m11_couplers/auto_cc/inst/gen_clock_conv.gen_async_lite_conv.clock_conv_lite_fwd_w/handshake/dest_hsdata_ff_reg[1]} \
          {design_1_i/ps7_0_axi_periph/m11_couplers/auto_cc/inst/gen_clock_conv.gen_async_lite_conv.clock_conv_lite_fwd_w/handshake/dest_hsdata_ff_reg[20]} \
          {design_1_i/ps7_0_axi_periph/m11_couplers/auto_cc/inst/gen_clock_conv.gen_async_lite_conv.clock_conv_lite_fwd_w/handshake/dest_hsdata_ff_reg[21]} \
          {design_1_i/ps7_0_axi_periph/m11_couplers/auto_cc/inst/gen_clock_conv.gen_async_lite_conv.clock_conv_lite_fwd_w/handshake/dest_hsdata_ff_reg[22]} \
          {design_1_i/ps7_0_axi_periph/m11_couplers/auto_cc/inst/gen_clock_conv.gen_async_lite_conv.clock_conv_lite_fwd_w/handshake/dest_hsdata_ff_reg[23]} \
          {design_1_i/ps7_0_axi_periph/m11_couplers/auto_cc/inst/gen_clock_conv.gen_async_lite_conv.clock_conv_lite_fwd_w/handshake/dest_hsdata_ff_reg[24]} \
          {design_1_i/ps7_0_axi_periph/m11_couplers/auto_cc/inst/gen_clock_conv.gen_async_lite_conv.clock_conv_lite_fwd_w/handshake/dest_hsdata_ff_reg[25]} \
          {design_1_i/ps7_0_axi_periph/m11_couplers/auto_cc/inst/gen_clock_conv.gen_async_lite_conv.clock_conv_lite_fwd_w/handshake/dest_hsdata_ff_reg[26]} \
          {design_1_i/ps7_0_axi_periph/m11_couplers/auto_cc/inst/gen_clock_conv.gen_async_lite_conv.clock_conv_lite_fwd_w/handshake/dest_hsdata_ff_reg[27]} \
          {design_1_i/ps7_0_axi_periph/m11_couplers/auto_cc/inst/gen_clock_conv.gen_async_lite_conv.clock_conv_lite_fwd_w/handshake/dest_hsdata_ff_reg[28]} \
          {design_1_i/ps7_0_axi_periph/m11_couplers/auto_cc/inst/gen_clock_conv.gen_async_lite_conv.clock_conv_lite_fwd_w/handshake/dest_hsdata_ff_reg[29]} \
          {design_1_i/ps7_0_axi_periph/m11_couplers/auto_cc/inst/gen_clock_conv.gen_async_lite_conv.clock_conv_lite_fwd_w/handshake/dest_hsdata_ff_reg[2]} \
          {design_1_i/ps7_0_axi_periph/m11_couplers/auto_cc/inst/gen_clock_conv.gen_async_lite_conv.clock_conv_lite_fwd_w/handshake/dest_hsdata_ff_reg[30]} \
          {design_1_i/ps7_0_axi_periph/m11_couplers/auto_cc/inst/gen_clock_conv.gen_async_lite_conv.clock_conv_lite_fwd_w/handshake/dest_hsdata_ff_reg[31]} \
          {design_1_i/ps7_0_axi_periph/m11_couplers/auto_cc/inst/gen_clock_conv.gen_async_lite_conv.clock_conv_lite_fwd_w/handshake/dest_hsdata_ff_reg[32]} \
          {design_1_i/ps7_0_axi_periph/m11_couplers/auto_cc/inst/gen_clock_conv.gen_async_lite_conv.clock_conv_lite_fwd_w/handshake/dest_hsdata_ff_reg[33]} \
          {design_1_i/ps7_0_axi_periph/m11_couplers/auto_cc/inst/gen_clock_conv.gen_async_lite_conv.clock_conv_lite_fwd_w/handshake/dest_hsdata_ff_reg[34]} \
          {design_1_i/ps7_0_axi_periph/m11_couplers/auto_cc/inst/gen_clock_conv.gen_async_lite_conv.clock_conv_lite_fwd_w/handshake/dest_hsdata_ff_reg[35]} \
          {design_1_i/ps7_0_axi_periph/m11_couplers/auto_cc/inst/gen_clock_conv.gen_async_lite_conv.clock_conv_lite_fwd_w/handshake/dest_hsdata_ff_reg[3]} \
          {design_1_i/ps7_0_axi_periph/m11_couplers/auto_cc/inst/gen_clock_conv.gen_async_lite_conv.clock_conv_lite_fwd_w/handshake/dest_hsdata_ff_reg[4]} \
          {design_1_i/ps7_0_axi_periph/m11_couplers/auto_cc/inst/gen_clock_conv.gen_async_lite_conv.clock_conv_lite_fwd_w/handshake/dest_hsdata_ff_reg[5]} \
          {design_1_i/ps7_0_axi_periph/m11_couplers/auto_cc/inst/gen_clock_conv.gen_async_lite_conv.clock_conv_lite_fwd_w/handshake/dest_hsdata_ff_reg[6]} \
          {design_1_i/ps7_0_axi_periph/m11_couplers/auto_cc/inst/gen_clock_conv.gen_async_lite_conv.clock_conv_lite_fwd_w/handshake/dest_hsdata_ff_reg[7]} \
          {design_1_i/ps7_0_axi_periph/m11_couplers/auto_cc/inst/gen_clock_conv.gen_async_lite_conv.clock_conv_lite_fwd_w/handshake/dest_hsdata_ff_reg[8]} \
          {design_1_i/ps7_0_axi_periph/m11_couplers/auto_cc/inst/gen_clock_conv.gen_async_lite_conv.clock_conv_lite_fwd_w/handshake/dest_hsdata_ff_reg[9]}]] 20.202
Requirement: 20.202ns
Endpoints: 36

From Clock            To Clock              Endpoint Pin                    Reference Pin                   Corner  Actual(ns)  Slack(ns)
--------------------  --------------------  ------------------------------  ------------------------------  ------  ----------  ---------
clk_fpga_0            hdmi_pclk_design_1_clk_wiz_dyn_0
                                            design_1_i/ps7_0_axi_periph/m11_couplers/auto_cc/inst/gen_clock_conv.gen_async_lite_conv.clock_conv_lite_fwd_w/handshake/dest_hsdata_ff_reg[10]/D
                                                                            design_1_i/ps7_0_axi_periph/m11_couplers/auto_cc/inst/gen_clock_conv.gen_async_lite_conv.clock_conv_lite_fwd_w/handshake/dest_hsdata_ff_reg[16]/D
                                                                                                            Slow         1.159     19.043


Slack (MET) :             19.043ns  (requirement - actual skew)
  Endpoint Source:        design_1_i/ps7_0_axi_periph/m11_couplers/auto_cc/inst/gen_clock_conv.gen_async_lite_conv.clock_conv_lite_fwd_w/handshake/src_hsdata_ff_reg[10]/C
                            (rising edge-triggered cell FDRE clocked by clk_fpga_0)
  Endpoint Destination:   design_1_i/ps7_0_axi_periph/m11_couplers/auto_cc/inst/gen_clock_conv.gen_async_lite_conv.clock_conv_lite_fwd_w/handshake/dest_hsdata_ff_reg[10]/D
                            (rising edge-triggered cell FDRE clocked by hdmi_pclk_design_1_clk_wiz_dyn_0)
  Reference Source:       design_1_i/ps7_0_axi_periph/m11_couplers/auto_cc/inst/gen_clock_conv.gen_async_lite_conv.clock_conv_lite_fwd_w/handshake/src_hsdata_ff_reg[16]/C
                            (rising edge-triggered cell FDRE clocked by clk_fpga_0)
  Reference Destination:  design_1_i/ps7_0_axi_periph/m11_couplers/auto_cc/inst/gen_clock_conv.gen_async_lite_conv.clock_conv_lite_fwd_w/handshake/dest_hsdata_ff_reg[16]/D
                            (rising edge-triggered cell FDRE clocked by hdmi_pclk_design_1_clk_wiz_dyn_0)
  Path Type:              Bus Skew (Max at Slow Process Corner)
  Requirement:            20.202ns
  Endpoint Relative Delay:   -1.497ns
  Reference Relative Delay:  -2.976ns
  Relative CRPR:              0.321ns
  Actual Bus Skew:            1.159ns  (Endpoint Relative Delay - Reference Relative Delay - Relative CRPR)

Endpoint path:
    Location             Delay type                Incr(ns)  Path(ns)    Netlist Resource(s)
  -------------------------------------------------------------------    -------------------
                         (clock clk_fpga_0 rise edge)
                                                      0.000     0.000 r  
    PS7_X0Y0             PS7                          0.000     0.000 r  design_1_i/processing_system7_0/inst/PS7_i/FCLKCLK[0]
                         net (fo=1, routed)           0.994     0.994    design_1_i/processing_system7_0/inst/FCLK_CLK_unbuffered[0]
    BUFGCTRL_X0Y17       BUFG (Prop_bufg_I_O)         0.085     1.079 r  design_1_i/processing_system7_0/inst/buffer_fclk_clk_0.FCLK_CLK_0_BUFG/O
                         net (fo=14268, routed)       1.407     2.486    design_1_i/ps7_0_axi_periph/m11_couplers/auto_cc/inst/gen_clock_conv.gen_async_lite_conv.clock_conv_lite_fwd_w/handshake/src_clk
    SLICE_X39Y40         FDRE                                         r  design_1_i/ps7_0_axi_periph/m11_couplers/auto_cc/inst/gen_clock_conv.gen_async_lite_conv.clock_conv_lite_fwd_w/handshake/src_hsdata_ff_reg[10]/C
  -------------------------------------------------------------------    -------------------
    SLICE_X39Y40         FDRE (Prop_fdre_C_Q)         0.379     2.865 r  design_1_i/ps7_0_axi_periph/m11_couplers/auto_cc/inst/gen_clock_conv.gen_async_lite_conv.clock_conv_lite_fwd_w/handshake/src_hsdata_ff_reg[10]/Q
                         net (fo=1, routed)           0.883     3.748    design_1_i/ps7_0_axi_periph/m11_couplers/auto_cc/inst/gen_clock_conv.gen_async_lite_conv.clock_conv_lite_fwd_w/handshake/src_hsdata_ff[10]
    SLICE_X37Y40         FDRE                                         r  design_1_i/ps7_0_axi_periph/m11_couplers/auto_cc/inst/gen_clock_conv.gen_async_lite_conv.clock_conv_lite_fwd_w/handshake/dest_hsdata_ff_reg[10]/D
  -------------------------------------------------------------------    -------------------

                         (clock hdmi_pclk_design_1_clk_wiz_dyn_0 rise edge)
                                                      0.000     0.000 r  
    PS7_X0Y0             PS7                          0.000     0.000 r  design_1_i/processing_system7_0/inst/PS7_i/FCLKCLK[0]
                         net (fo=1, routed)           0.905     0.905    design_1_i/processing_system7_0/inst/FCLK_CLK_unbuffered[0]
    BUFGCTRL_X0Y17       BUFG (Prop_bufg_I_O)         0.077     0.982 r  design_1_i/processing_system7_0/inst/buffer_fclk_clk_0.FCLK_CLK_0_BUFG/O
                         net (fo=14268, routed)       1.386     2.368    design_1_i/hdmi_out/clk_wiz_dyn/inst/CLK_CORE_DRP_I/clk_inst/s_axi_aclk
    MMCME2_ADV_X1Y0      MMCME2_ADV (Prop_mmcme2_adv_CLKIN1_CLKOUT0)
                                                      0.073     2.441 r  design_1_i/hdmi_out/clk_wiz_dyn/inst/CLK_CORE_DRP_I/clk_inst/mmcm_adv_inst/CLKOUT0
                         net (fo=1, routed)           1.454     3.896    design_1_i/hdmi_out/clk_wiz_dyn/inst/CLK_CORE_DRP_I/clk_inst/hdmi_pclk_design_1_clk_wiz_dyn_0
    BUFGCTRL_X0Y0        BUFG (Prop_bufg_I_O)         0.077     3.973 r  design_1_i/hdmi_out/clk_wiz_dyn/inst/CLK_CORE_DRP_I/clk_inst/clkout1_buf/O
                         net (fo=5890, routed)        1.251     5.224    design_1_i/ps7_0_axi_periph/m11_couplers/auto_cc/inst/gen_clock_conv.gen_async_lite_conv.clock_conv_lite_fwd_w/handshake/dest_clk
    SLICE_X37Y40         FDRE                                         r  design_1_i/ps7_0_axi_periph/m11_couplers/auto_cc/inst/gen_clock_conv.gen_async_lite_conv.clock_conv_lite_fwd_w/handshake/dest_hsdata_ff_reg[10]/C
                         clock pessimism              0.097     5.320    
    SLICE_X37Y40         FDRE (Setup_fdre_C_D)       -0.075     5.245    design_1_i/ps7_0_axi_periph/m11_couplers/auto_cc/inst/gen_clock_conv.gen_async_lite_conv.clock_conv_lite_fwd_w/handshake/dest_hsdata_ff_reg[10]
  -------------------------------------------------------------------
                         data arrival                           3.748    
                         clock arrival                          5.245    
  -------------------------------------------------------------------
                         relative delay                        -1.497    

Reference path:
    Location             Delay type                Incr(ns)  Path(ns)    Netlist Resource(s)
  -------------------------------------------------------------------    -------------------
                         (clock clk_fpga_0 rise edge)
                                                      0.000     0.000 r  
    PS7_X0Y0             PS7                          0.000     0.000 r  design_1_i/processing_system7_0/inst/PS7_i/FCLKCLK[0]
                         net (fo=1, routed)           0.905     0.905    design_1_i/processing_system7_0/inst/FCLK_CLK_unbuffered[0]
    BUFGCTRL_X0Y17       BUFG (Prop_bufg_I_O)         0.077     0.982 r  design_1_i/processing_system7_0/inst/buffer_fclk_clk_0.FCLK_CLK_0_BUFG/O
                         net (fo=14268, routed)       1.285     2.268    design_1_i/ps7_0_axi_periph/m11_couplers/auto_cc/inst/gen_clock_conv.gen_async_lite_conv.clock_conv_lite_fwd_w/handshake/src_clk
    SLICE_X58Y52         FDRE                                         r  design_1_i/ps7_0_axi_periph/m11_couplers/auto_cc/inst/gen_clock_conv.gen_async_lite_conv.clock_conv_lite_fwd_w/handshake/src_hsdata_ff_reg[16]/C
  -------------------------------------------------------------------    -------------------
    SLICE_X58Y52         FDRE (Prop_fdre_C_Q)         0.347     2.615 r  design_1_i/ps7_0_axi_periph/m11_couplers/auto_cc/inst/gen_clock_conv.gen_async_lite_conv.clock_conv_lite_fwd_w/handshake/src_hsdata_ff_reg[16]/Q
                         net (fo=1, routed)           0.281     2.896    design_1_i/ps7_0_axi_periph/m11_couplers/auto_cc/inst/gen_clock_conv.gen_async_lite_conv.clock_conv_lite_fwd_w/handshake/src_hsdata_ff[16]
    SLICE_X57Y52         FDRE                                         r  design_1_i/ps7_0_axi_periph/m11_couplers/auto_cc/inst/gen_clock_conv.gen_async_lite_conv.clock_conv_lite_fwd_w/handshake/dest_hsdata_ff_reg[16]/D
  -------------------------------------------------------------------    -------------------

                         (clock hdmi_pclk_design_1_clk_wiz_dyn_0 rise edge)
                                                      0.000     0.000 r  
    PS7_X0Y0             PS7                          0.000     0.000 r  design_1_i/processing_system7_0/inst/PS7_i/FCLKCLK[0]
                         net (fo=1, routed)           0.994     0.994    design_1_i/processing_system7_0/inst/FCLK_CLK_unbuffered[0]
    BUFGCTRL_X0Y17       BUFG (Prop_bufg_I_O)         0.085     1.079 r  design_1_i/processing_system7_0/inst/buffer_fclk_clk_0.FCLK_CLK_0_BUFG/O
                         net (fo=14268, routed)       1.552     2.631    design_1_i/hdmi_out/clk_wiz_dyn/inst/CLK_CORE_DRP_I/clk_inst/s_axi_aclk
    MMCME2_ADV_X1Y0      MMCME2_ADV (Prop_mmcme2_adv_CLKIN1_CLKOUT0)
                                                      0.077     2.708 r  design_1_i/hdmi_out/clk_wiz_dyn/inst/CLK_CORE_DRP_I/clk_inst/mmcm_adv_inst/CLKOUT0
                         net (fo=1, routed)           1.597     4.305    design_1_i/hdmi_out/clk_wiz_dyn/inst/CLK_CORE_DRP_I/clk_inst/hdmi_pclk_design_1_clk_wiz_dyn_0
    BUFGCTRL_X0Y0        BUFG (Prop_bufg_I_O)         0.085     4.390 r  design_1_i/hdmi_out/clk_wiz_dyn/inst/CLK_CORE_DRP_I/clk_inst/clkout1_buf/O
                         net (fo=5890, routed)        1.443     5.833    design_1_i/ps7_0_axi_periph/m11_couplers/auto_cc/inst/gen_clock_conv.gen_async_lite_conv.clock_conv_lite_fwd_w/handshake/dest_clk
    SLICE_X57Y52         FDRE                                         r  design_1_i/ps7_0_axi_periph/m11_couplers/auto_cc/inst/gen_clock_conv.gen_async_lite_conv.clock_conv_lite_fwd_w/handshake/dest_hsdata_ff_reg[16]/C
                         clock pessimism             -0.097     5.737    
    SLICE_X57Y52         FDRE (Hold_fdre_C_D)         0.136     5.873    design_1_i/ps7_0_axi_periph/m11_couplers/auto_cc/inst/gen_clock_conv.gen_async_lite_conv.clock_conv_lite_fwd_w/handshake/dest_hsdata_ff_reg[16]
  -------------------------------------------------------------------
                         data arrival                           2.896    
                         clock arrival                          5.872    
  -------------------------------------------------------------------
                         relative delay                        -2.976    



Id: 19
set_bus_skew -from [get_cells [list {design_1_i/ps7_0_axi_periph/m15_couplers/auto_cc/inst/gen_clock_conv.gen_async_lite_conv.clock_conv_lite_resp_r/handshake/src_hsdata_ff_reg[0]} \
          {design_1_i/ps7_0_axi_periph/m15_couplers/auto_cc/inst/gen_clock_conv.gen_async_lite_conv.clock_conv_lite_resp_r/handshake/src_hsdata_ff_reg[10]} \
          {design_1_i/ps7_0_axi_periph/m15_couplers/auto_cc/inst/gen_clock_conv.gen_async_lite_conv.clock_conv_lite_resp_r/handshake/src_hsdata_ff_reg[11]} \
          {design_1_i/ps7_0_axi_periph/m15_couplers/auto_cc/inst/gen_clock_conv.gen_async_lite_conv.clock_conv_lite_resp_r/handshake/src_hsdata_ff_reg[12]} \
          {design_1_i/ps7_0_axi_periph/m15_couplers/auto_cc/inst/gen_clock_conv.gen_async_lite_conv.clock_conv_lite_resp_r/handshake/src_hsdata_ff_reg[13]} \
          {design_1_i/ps7_0_axi_periph/m15_couplers/auto_cc/inst/gen_clock_conv.gen_async_lite_conv.clock_conv_lite_resp_r/handshake/src_hsdata_ff_reg[14]} \
          {design_1_i/ps7_0_axi_periph/m15_couplers/auto_cc/inst/gen_clock_conv.gen_async_lite_conv.clock_conv_lite_resp_r/handshake/src_hsdata_ff_reg[15]} \
          {design_1_i/ps7_0_axi_periph/m15_couplers/auto_cc/inst/gen_clock_conv.gen_async_lite_conv.clock_conv_lite_resp_r/handshake/src_hsdata_ff_reg[1]} \
          {design_1_i/ps7_0_axi_periph/m15_couplers/auto_cc/inst/gen_clock_conv.gen_async_lite_conv.clock_conv_lite_resp_r/handshake/src_hsdata_ff_reg[2]} \
          {design_1_i/ps7_0_axi_periph/m15_couplers/auto_cc/inst/gen_clock_conv.gen_async_lite_conv.clock_conv_lite_resp_r/handshake/src_hsdata_ff_reg[3]} \
          {design_1_i/ps7_0_axi_periph/m15_couplers/auto_cc/inst/gen_clock_conv.gen_async_lite_conv.clock_conv_lite_resp_r/handshake/src_hsdata_ff_reg[4]} \
          {design_1_i/ps7_0_axi_periph/m15_couplers/auto_cc/inst/gen_clock_conv.gen_async_lite_conv.clock_conv_lite_resp_r/handshake/src_hsdata_ff_reg[5]} \
          {design_1_i/ps7_0_axi_periph/m15_couplers/auto_cc/inst/gen_clock_conv.gen_async_lite_conv.clock_conv_lite_resp_r/handshake/src_hsdata_ff_reg[6]} \
          {design_1_i/ps7_0_axi_periph/m15_couplers/auto_cc/inst/gen_clock_conv.gen_async_lite_conv.clock_conv_lite_resp_r/handshake/src_hsdata_ff_reg[7]} \
          {design_1_i/ps7_0_axi_periph/m15_couplers/auto_cc/inst/gen_clock_conv.gen_async_lite_conv.clock_conv_lite_resp_r/handshake/src_hsdata_ff_reg[8]} \
          {design_1_i/ps7_0_axi_periph/m15_couplers/auto_cc/inst/gen_clock_conv.gen_async_lite_conv.clock_conv_lite_resp_r/handshake/src_hsdata_ff_reg[9]}]] -to [get_cells [list {design_1_i/ps7_0_axi_periph/m15_couplers/auto_cc/inst/gen_clock_conv.gen_async_lite_conv.clock_conv_lite_resp_r/handshake/dest_hsdata_ff_reg[0]} \
          {design_1_i/ps7_0_axi_periph/m15_couplers/auto_cc/inst/gen_clock_conv.gen_async_lite_conv.clock_conv_lite_resp_r/handshake/dest_hsdata_ff_reg[10]} \
          {design_1_i/ps7_0_axi_periph/m15_couplers/auto_cc/inst/gen_clock_conv.gen_async_lite_conv.clock_conv_lite_resp_r/handshake/dest_hsdata_ff_reg[11]} \
          {design_1_i/ps7_0_axi_periph/m15_couplers/auto_cc/inst/gen_clock_conv.gen_async_lite_conv.clock_conv_lite_resp_r/handshake/dest_hsdata_ff_reg[12]} \
          {design_1_i/ps7_0_axi_periph/m15_couplers/auto_cc/inst/gen_clock_conv.gen_async_lite_conv.clock_conv_lite_resp_r/handshake/dest_hsdata_ff_reg[13]} \
          {design_1_i/ps7_0_axi_periph/m15_couplers/auto_cc/inst/gen_clock_conv.gen_async_lite_conv.clock_conv_lite_resp_r/handshake/dest_hsdata_ff_reg[14]} \
          {design_1_i/ps7_0_axi_periph/m15_couplers/auto_cc/inst/gen_clock_conv.gen_async_lite_conv.clock_conv_lite_resp_r/handshake/dest_hsdata_ff_reg[15]} \
          {design_1_i/ps7_0_axi_periph/m15_couplers/auto_cc/inst/gen_clock_conv.gen_async_lite_conv.clock_conv_lite_resp_r/handshake/dest_hsdata_ff_reg[16]} \
          {design_1_i/ps7_0_axi_periph/m15_couplers/auto_cc/inst/gen_clock_conv.gen_async_lite_conv.clock_conv_lite_resp_r/handshake/dest_hsdata_ff_reg[17]} \
          {design_1_i/ps7_0_axi_periph/m15_couplers/auto_cc/inst/gen_clock_conv.gen_async_lite_conv.clock_conv_lite_resp_r/handshake/dest_hsdata_ff_reg[18]} \
          {design_1_i/ps7_0_axi_periph/m15_couplers/auto_cc/inst/gen_clock_conv.gen_async_lite_conv.clock_conv_lite_resp_r/handshake/dest_hsdata_ff_reg[19]} \
          {design_1_i/ps7_0_axi_periph/m15_couplers/auto_cc/inst/gen_clock_conv.gen_async_lite_conv.clock_conv_lite_resp_r/handshake/dest_hsdata_ff_reg[1]} \
          {design_1_i/ps7_0_axi_periph/m15_couplers/auto_cc/inst/gen_clock_conv.gen_async_lite_conv.clock_conv_lite_resp_r/handshake/dest_hsdata_ff_reg[20]} \
          {design_1_i/ps7_0_axi_periph/m15_couplers/auto_cc/inst/gen_clock_conv.gen_async_lite_conv.clock_conv_lite_resp_r/handshake/dest_hsdata_ff_reg[21]} \
          {design_1_i/ps7_0_axi_periph/m15_couplers/auto_cc/inst/gen_clock_conv.gen_async_lite_conv.clock_conv_lite_resp_r/handshake/dest_hsdata_ff_reg[22]} \
          {design_1_i/ps7_0_axi_periph/m15_couplers/auto_cc/inst/gen_clock_conv.gen_async_lite_conv.clock_conv_lite_resp_r/handshake/dest_hsdata_ff_reg[23]} \
          {design_1_i/ps7_0_axi_periph/m15_couplers/auto_cc/inst/gen_clock_conv.gen_async_lite_conv.clock_conv_lite_resp_r/handshake/dest_hsdata_ff_reg[24]} \
          {design_1_i/ps7_0_axi_periph/m15_couplers/auto_cc/inst/gen_clock_conv.gen_async_lite_conv.clock_conv_lite_resp_r/handshake/dest_hsdata_ff_reg[25]} \
          {design_1_i/ps7_0_axi_periph/m15_couplers/auto_cc/inst/gen_clock_conv.gen_async_lite_conv.clock_conv_lite_resp_r/handshake/dest_hsdata_ff_reg[26]} \
          {design_1_i/ps7_0_axi_periph/m15_couplers/auto_cc/inst/gen_clock_conv.gen_async_lite_conv.clock_conv_lite_resp_r/handshake/dest_hsdata_ff_reg[27]} \
          {design_1_i/ps7_0_axi_periph/m15_couplers/auto_cc/inst/gen_clock_conv.gen_async_lite_conv.clock_conv_lite_resp_r/handshake/dest_hsdata_ff_reg[28]} \
          {design_1_i/ps7_0_axi_periph/m15_couplers/auto_cc/inst/gen_clock_conv.gen_async_lite_conv.clock_conv_lite_resp_r/handshake/dest_hsdata_ff_reg[29]} \
          {design_1_i/ps7_0_axi_periph/m15_couplers/auto_cc/inst/gen_clock_conv.gen_async_lite_conv.clock_conv_lite_resp_r/handshake/dest_hsdata_ff_reg[2]} \
          {design_1_i/ps7_0_axi_periph/m15_couplers/auto_cc/inst/gen_clock_conv.gen_async_lite_conv.clock_conv_lite_resp_r/handshake/dest_hsdata_ff_reg[30]} \
          {design_1_i/ps7_0_axi_periph/m15_couplers/auto_cc/inst/gen_clock_conv.gen_async_lite_conv.clock_conv_lite_resp_r/handshake/dest_hsdata_ff_reg[31]} \
          {design_1_i/ps7_0_axi_periph/m15_couplers/auto_cc/inst/gen_clock_conv.gen_async_lite_conv.clock_conv_lite_resp_r/handshake/dest_hsdata_ff_reg[32]} \
          {design_1_i/ps7_0_axi_periph/m15_couplers/auto_cc/inst/gen_clock_conv.gen_async_lite_conv.clock_conv_lite_resp_r/handshake/dest_hsdata_ff_reg[33]} \
          {design_1_i/ps7_0_axi_periph/m15_couplers/auto_cc/inst/gen_clock_conv.gen_async_lite_conv.clock_conv_lite_resp_r/handshake/dest_hsdata_ff_reg[3]} \
          {design_1_i/ps7_0_axi_periph/m15_couplers/auto_cc/inst/gen_clock_conv.gen_async_lite_conv.clock_conv_lite_resp_r/handshake/dest_hsdata_ff_reg[4]} \
          {design_1_i/ps7_0_axi_periph/m15_couplers/auto_cc/inst/gen_clock_conv.gen_async_lite_conv.clock_conv_lite_resp_r/handshake/dest_hsdata_ff_reg[5]} \
          {design_1_i/ps7_0_axi_periph/m15_couplers/auto_cc/inst/gen_clock_conv.gen_async_lite_conv.clock_conv_lite_resp_r/handshake/dest_hsdata_ff_reg[6]} \
          {design_1_i/ps7_0_axi_periph/m15_couplers/auto_cc/inst/gen_clock_conv.gen_async_lite_conv.clock_conv_lite_resp_r/handshake/dest_hsdata_ff_reg[7]} \
          {design_1_i/ps7_0_axi_periph/m15_couplers/auto_cc/inst/gen_clock_conv.gen_async_lite_conv.clock_conv_lite_resp_r/handshake/dest_hsdata_ff_reg[8]} \
          {design_1_i/ps7_0_axi_periph/m15_couplers/auto_cc/inst/gen_clock_conv.gen_async_lite_conv.clock_conv_lite_resp_r/handshake/dest_hsdata_ff_reg[9]}]] 30.000
Requirement: 30.000ns
Endpoints: 16

From Clock            To Clock              Endpoint Pin                    Reference Pin                   Corner  Actual(ns)  Slack(ns)
--------------------  --------------------  ------------------------------  ------------------------------  ------  ----------  ---------
clk_fpga_1            clk_fpga_0            design_1_i/ps7_0_axi_periph/m15_couplers/auto_cc/inst/gen_clock_conv.gen_async_lite_conv.clock_conv_lite_resp_r/handshake/dest_hsdata_ff_reg[8]/D
                                                                            design_1_i/ps7_0_axi_periph/m15_couplers/auto_cc/inst/gen_clock_conv.gen_async_lite_conv.clock_conv_lite_resp_r/handshake/dest_hsdata_ff_reg[13]/D
                                                                                                            Slow         1.341     28.659


Slack (MET) :             28.659ns  (requirement - actual skew)
  Endpoint Source:        design_1_i/ps7_0_axi_periph/m15_couplers/auto_cc/inst/gen_clock_conv.gen_async_lite_conv.clock_conv_lite_resp_r/handshake/src_hsdata_ff_reg[8]/C
                            (rising edge-triggered cell FDRE clocked by clk_fpga_1)
  Endpoint Destination:   design_1_i/ps7_0_axi_periph/m15_couplers/auto_cc/inst/gen_clock_conv.gen_async_lite_conv.clock_conv_lite_resp_r/handshake/dest_hsdata_ff_reg[8]/D
                            (rising edge-triggered cell FDRE clocked by clk_fpga_0)
  Reference Source:       design_1_i/ps7_0_axi_periph/m15_couplers/auto_cc/inst/gen_clock_conv.gen_async_lite_conv.clock_conv_lite_resp_r/handshake/src_hsdata_ff_reg[13]/C
                            (rising edge-triggered cell FDRE clocked by clk_fpga_1)
  Reference Destination:  design_1_i/ps7_0_axi_periph/m15_couplers/auto_cc/inst/gen_clock_conv.gen_async_lite_conv.clock_conv_lite_resp_r/handshake/dest_hsdata_ff_reg[13]/D
                            (rising edge-triggered cell FDRE clocked by clk_fpga_0)
  Path Type:              Bus Skew (Max at Slow Process Corner)
  Requirement:            30.000ns
  Endpoint Relative Delay:    2.651ns
  Reference Relative Delay:   0.896ns
  Relative CRPR:              0.414ns
  Actual Bus Skew:            1.341ns  (Endpoint Relative Delay - Reference Relative Delay - Relative CRPR)

Endpoint path:
    Location             Delay type                Incr(ns)  Path(ns)    Netlist Resource(s)
  -------------------------------------------------------------------    -------------------
                         (clock clk_fpga_1 rise edge)
                                                      0.000     0.000 r  
    PS7_X0Y0             PS7                          0.000     0.000 r  design_1_i/processing_system7_0/inst/PS7_i/FCLKCLK[1]
                         net (fo=1, routed)           0.994     0.994    design_1_i/processing_system7_0/inst/FCLK_CLK_unbuffered[1]
    BUFGCTRL_X0Y16       BUFG (Prop_bufg_I_O)         0.085     1.079 r  design_1_i/processing_system7_0/inst/buffer_fclk_clk_1.FCLK_CLK_1_BUFG/O
                         net (fo=18021, routed)       1.378     2.457    design_1_i/ps7_0_axi_periph/m15_couplers/auto_cc/inst/gen_clock_conv.gen_async_lite_conv.clock_conv_lite_resp_r/handshake/src_clk
    SLICE_X51Y26         FDRE                                         r  design_1_i/ps7_0_axi_periph/m15_couplers/auto_cc/inst/gen_clock_conv.gen_async_lite_conv.clock_conv_lite_resp_r/handshake/src_hsdata_ff_reg[8]/C
  -------------------------------------------------------------------    -------------------
    SLICE_X51Y26         FDRE (Prop_fdre_C_Q)         0.348     2.805 r  design_1_i/ps7_0_axi_periph/m15_couplers/auto_cc/inst/gen_clock_conv.gen_async_lite_conv.clock_conv_lite_resp_r/handshake/src_hsdata_ff_reg[8]/Q
                         net (fo=1, routed)           1.927     4.732    design_1_i/ps7_0_axi_periph/m15_couplers/auto_cc/inst/gen_clock_conv.gen_async_lite_conv.clock_conv_lite_resp_r/handshake/src_hsdata_ff[8]
    SLICE_X80Y70         FDRE                                         r  design_1_i/ps7_0_axi_periph/m15_couplers/auto_cc/inst/gen_clock_conv.gen_async_lite_conv.clock_conv_lite_resp_r/handshake/dest_hsdata_ff_reg[8]/D
  -------------------------------------------------------------------    -------------------

                         (clock clk_fpga_0 rise edge)
                                                      0.000     0.000 r  
    PS7_X0Y0             PS7                          0.000     0.000 r  design_1_i/processing_system7_0/inst/PS7_i/FCLKCLK[0]
                         net (fo=1, routed)           0.905     0.905    design_1_i/processing_system7_0/inst/FCLK_CLK_unbuffered[0]
    BUFGCTRL_X0Y17       BUFG (Prop_bufg_I_O)         0.077     0.982 r  design_1_i/processing_system7_0/inst/buffer_fclk_clk_0.FCLK_CLK_0_BUFG/O
                         net (fo=14268, routed)       1.283     2.266    design_1_i/ps7_0_axi_periph/m15_couplers/auto_cc/inst/gen_clock_conv.gen_async_lite_conv.clock_conv_lite_resp_r/handshake/dest_clk
    SLICE_X80Y70         FDRE                                         r  design_1_i/ps7_0_axi_periph/m15_couplers/auto_cc/inst/gen_clock_conv.gen_async_lite_conv.clock_conv_lite_resp_r/handshake/dest_hsdata_ff_reg[8]/C
                         clock pessimism              0.000     2.266    
    SLICE_X80Y70         FDRE (Setup_fdre_C_D)       -0.184     2.082    design_1_i/ps7_0_axi_periph/m15_couplers/auto_cc/inst/gen_clock_conv.gen_async_lite_conv.clock_conv_lite_resp_r/handshake/dest_hsdata_ff_reg[8]
  -------------------------------------------------------------------
                         data arrival                           4.732    
                         clock arrival                          2.082    
  -------------------------------------------------------------------
                         relative delay                         2.651    

Reference path:
    Location             Delay type                Incr(ns)  Path(ns)    Netlist Resource(s)
  -------------------------------------------------------------------    -------------------
                         (clock clk_fpga_1 rise edge)
                                                      0.000     0.000 r  
    PS7_X0Y0             PS7                          0.000     0.000 r  design_1_i/processing_system7_0/inst/PS7_i/FCLKCLK[1]
                         net (fo=1, routed)           0.905     0.905    design_1_i/processing_system7_0/inst/FCLK_CLK_unbuffered[1]
    BUFGCTRL_X0Y16       BUFG (Prop_bufg_I_O)         0.077     0.982 r  design_1_i/processing_system7_0/inst/buffer_fclk_clk_1.FCLK_CLK_1_BUFG/O
                         net (fo=18021, routed)       1.231     2.213    design_1_i/ps7_0_axi_periph/m15_couplers/auto_cc/inst/gen_clock_conv.gen_async_lite_conv.clock_conv_lite_resp_r/handshake/src_clk
    SLICE_X51Y28         FDRE                                         r  design_1_i/ps7_0_axi_periph/m15_couplers/auto_cc/inst/gen_clock_conv.gen_async_lite_conv.clock_conv_lite_resp_r/handshake/src_hsdata_ff_reg[13]/C
  -------------------------------------------------------------------    -------------------
    SLICE_X51Y28         FDRE (Prop_fdre_C_Q)         0.304     2.517 r  design_1_i/ps7_0_axi_periph/m15_couplers/auto_cc/inst/gen_clock_conv.gen_async_lite_conv.clock_conv_lite_resp_r/handshake/src_hsdata_ff_reg[13]/Q
                         net (fo=1, routed)           1.089     3.606    design_1_i/ps7_0_axi_periph/m15_couplers/auto_cc/inst/gen_clock_conv.gen_async_lite_conv.clock_conv_lite_resp_r/handshake/src_hsdata_ff[13]
    SLICE_X58Y56         FDRE                                         r  design_1_i/ps7_0_axi_periph/m15_couplers/auto_cc/inst/gen_clock_conv.gen_async_lite_conv.clock_conv_lite_resp_r/handshake/dest_hsdata_ff_reg[13]/D
  -------------------------------------------------------------------    -------------------

                         (clock clk_fpga_0 rise edge)
                                                      0.000     0.000 r  
    PS7_X0Y0             PS7                          0.000     0.000 r  design_1_i/processing_system7_0/inst/PS7_i/FCLKCLK[0]
                         net (fo=1, routed)           0.994     0.994    design_1_i/processing_system7_0/inst/FCLK_CLK_unbuffered[0]
    BUFGCTRL_X0Y17       BUFG (Prop_bufg_I_O)         0.085     1.079 r  design_1_i/processing_system7_0/inst/buffer_fclk_clk_0.FCLK_CLK_0_BUFG/O
                         net (fo=14268, routed)       1.440     2.519    design_1_i/ps7_0_axi_periph/m15_couplers/auto_cc/inst/gen_clock_conv.gen_async_lite_conv.clock_conv_lite_resp_r/handshake/dest_clk
    SLICE_X58Y56         FDRE                                         r  design_1_i/ps7_0_axi_periph/m15_couplers/auto_cc/inst/gen_clock_conv.gen_async_lite_conv.clock_conv_lite_resp_r/handshake/dest_hsdata_ff_reg[13]/C
                         clock pessimism              0.000     2.519    
    SLICE_X58Y56         FDRE (Hold_fdre_C_D)         0.191     2.710    design_1_i/ps7_0_axi_periph/m15_couplers/auto_cc/inst/gen_clock_conv.gen_async_lite_conv.clock_conv_lite_resp_r/handshake/dest_hsdata_ff_reg[13]
  -------------------------------------------------------------------
                         data arrival                           3.606    
                         clock arrival                          2.710    
  -------------------------------------------------------------------
                         relative delay                         0.896    



Id: 20
set_bus_skew -from [get_cells [list {design_1_i/ps7_0_axi_periph/m05_couplers/auto_cc/inst/gen_clock_conv.gen_async_lite_conv.clock_conv_lite_resp_r/handshake/src_hsdata_ff_reg[0]} \
          {design_1_i/ps7_0_axi_periph/m05_couplers/auto_cc/inst/gen_clock_conv.gen_async_lite_conv.clock_conv_lite_resp_r/handshake/src_hsdata_ff_reg[10]} \
          {design_1_i/ps7_0_axi_periph/m05_couplers/auto_cc/inst/gen_clock_conv.gen_async_lite_conv.clock_conv_lite_resp_r/handshake/src_hsdata_ff_reg[11]} \
          {design_1_i/ps7_0_axi_periph/m05_couplers/auto_cc/inst/gen_clock_conv.gen_async_lite_conv.clock_conv_lite_resp_r/handshake/src_hsdata_ff_reg[12]} \
          {design_1_i/ps7_0_axi_periph/m05_couplers/auto_cc/inst/gen_clock_conv.gen_async_lite_conv.clock_conv_lite_resp_r/handshake/src_hsdata_ff_reg[13]} \
          {design_1_i/ps7_0_axi_periph/m05_couplers/auto_cc/inst/gen_clock_conv.gen_async_lite_conv.clock_conv_lite_resp_r/handshake/src_hsdata_ff_reg[14]} \
          {design_1_i/ps7_0_axi_periph/m05_couplers/auto_cc/inst/gen_clock_conv.gen_async_lite_conv.clock_conv_lite_resp_r/handshake/src_hsdata_ff_reg[15]} \
          {design_1_i/ps7_0_axi_periph/m05_couplers/auto_cc/inst/gen_clock_conv.gen_async_lite_conv.clock_conv_lite_resp_r/handshake/src_hsdata_ff_reg[1]} \
          {design_1_i/ps7_0_axi_periph/m05_couplers/auto_cc/inst/gen_clock_conv.gen_async_lite_conv.clock_conv_lite_resp_r/handshake/src_hsdata_ff_reg[2]} \
          {design_1_i/ps7_0_axi_periph/m05_couplers/auto_cc/inst/gen_clock_conv.gen_async_lite_conv.clock_conv_lite_resp_r/handshake/src_hsdata_ff_reg[3]} \
          {design_1_i/ps7_0_axi_periph/m05_couplers/auto_cc/inst/gen_clock_conv.gen_async_lite_conv.clock_conv_lite_resp_r/handshake/src_hsdata_ff_reg[4]} \
          {design_1_i/ps7_0_axi_periph/m05_couplers/auto_cc/inst/gen_clock_conv.gen_async_lite_conv.clock_conv_lite_resp_r/handshake/src_hsdata_ff_reg[5]} \
          {design_1_i/ps7_0_axi_periph/m05_couplers/auto_cc/inst/gen_clock_conv.gen_async_lite_conv.clock_conv_lite_resp_r/handshake/src_hsdata_ff_reg[6]} \
          {design_1_i/ps7_0_axi_periph/m05_couplers/auto_cc/inst/gen_clock_conv.gen_async_lite_conv.clock_conv_lite_resp_r/handshake/src_hsdata_ff_reg[7]} \
          {design_1_i/ps7_0_axi_periph/m05_couplers/auto_cc/inst/gen_clock_conv.gen_async_lite_conv.clock_conv_lite_resp_r/handshake/src_hsdata_ff_reg[8]} \
          {design_1_i/ps7_0_axi_periph/m05_couplers/auto_cc/inst/gen_clock_conv.gen_async_lite_conv.clock_conv_lite_resp_r/handshake/src_hsdata_ff_reg[9]}]] -to [get_cells [list {design_1_i/ps7_0_axi_periph/m05_couplers/auto_cc/inst/gen_clock_conv.gen_async_lite_conv.clock_conv_lite_resp_r/handshake/dest_hsdata_ff_reg[0]} \
          {design_1_i/ps7_0_axi_periph/m05_couplers/auto_cc/inst/gen_clock_conv.gen_async_lite_conv.clock_conv_lite_resp_r/handshake/dest_hsdata_ff_reg[10]} \
          {design_1_i/ps7_0_axi_periph/m05_couplers/auto_cc/inst/gen_clock_conv.gen_async_lite_conv.clock_conv_lite_resp_r/handshake/dest_hsdata_ff_reg[11]} \
          {design_1_i/ps7_0_axi_periph/m05_couplers/auto_cc/inst/gen_clock_conv.gen_async_lite_conv.clock_conv_lite_resp_r/handshake/dest_hsdata_ff_reg[12]} \
          {design_1_i/ps7_0_axi_periph/m05_couplers/auto_cc/inst/gen_clock_conv.gen_async_lite_conv.clock_conv_lite_resp_r/handshake/dest_hsdata_ff_reg[13]} \
          {design_1_i/ps7_0_axi_periph/m05_couplers/auto_cc/inst/gen_clock_conv.gen_async_lite_conv.clock_conv_lite_resp_r/handshake/dest_hsdata_ff_reg[14]} \
          {design_1_i/ps7_0_axi_periph/m05_couplers/auto_cc/inst/gen_clock_conv.gen_async_lite_conv.clock_conv_lite_resp_r/handshake/dest_hsdata_ff_reg[15]} \
          {design_1_i/ps7_0_axi_periph/m05_couplers/auto_cc/inst/gen_clock_conv.gen_async_lite_conv.clock_conv_lite_resp_r/handshake/dest_hsdata_ff_reg[16]} \
          {design_1_i/ps7_0_axi_periph/m05_couplers/auto_cc/inst/gen_clock_conv.gen_async_lite_conv.clock_conv_lite_resp_r/handshake/dest_hsdata_ff_reg[17]} \
          {design_1_i/ps7_0_axi_periph/m05_couplers/auto_cc/inst/gen_clock_conv.gen_async_lite_conv.clock_conv_lite_resp_r/handshake/dest_hsdata_ff_reg[18]} \
          {design_1_i/ps7_0_axi_periph/m05_couplers/auto_cc/inst/gen_clock_conv.gen_async_lite_conv.clock_conv_lite_resp_r/handshake/dest_hsdata_ff_reg[19]} \
          {design_1_i/ps7_0_axi_periph/m05_couplers/auto_cc/inst/gen_clock_conv.gen_async_lite_conv.clock_conv_lite_resp_r/handshake/dest_hsdata_ff_reg[1]} \
          {design_1_i/ps7_0_axi_periph/m05_couplers/auto_cc/inst/gen_clock_conv.gen_async_lite_conv.clock_conv_lite_resp_r/handshake/dest_hsdata_ff_reg[20]} \
          {design_1_i/ps7_0_axi_periph/m05_couplers/auto_cc/inst/gen_clock_conv.gen_async_lite_conv.clock_conv_lite_resp_r/handshake/dest_hsdata_ff_reg[21]} \
          {design_1_i/ps7_0_axi_periph/m05_couplers/auto_cc/inst/gen_clock_conv.gen_async_lite_conv.clock_conv_lite_resp_r/handshake/dest_hsdata_ff_reg[22]} \
          {design_1_i/ps7_0_axi_periph/m05_couplers/auto_cc/inst/gen_clock_conv.gen_async_lite_conv.clock_conv_lite_resp_r/handshake/dest_hsdata_ff_reg[23]} \
          {design_1_i/ps7_0_axi_periph/m05_couplers/auto_cc/inst/gen_clock_conv.gen_async_lite_conv.clock_conv_lite_resp_r/handshake/dest_hsdata_ff_reg[24]} \
          {design_1_i/ps7_0_axi_periph/m05_couplers/auto_cc/inst/gen_clock_conv.gen_async_lite_conv.clock_conv_lite_resp_r/handshake/dest_hsdata_ff_reg[25]} \
          {design_1_i/ps7_0_axi_periph/m05_couplers/auto_cc/inst/gen_clock_conv.gen_async_lite_conv.clock_conv_lite_resp_r/handshake/dest_hsdata_ff_reg[26]} \
          {design_1_i/ps7_0_axi_periph/m05_couplers/auto_cc/inst/gen_clock_conv.gen_async_lite_conv.clock_conv_lite_resp_r/handshake/dest_hsdata_ff_reg[27]} \
          {design_1_i/ps7_0_axi_periph/m05_couplers/auto_cc/inst/gen_clock_conv.gen_async_lite_conv.clock_conv_lite_resp_r/handshake/dest_hsdata_ff_reg[28]} \
          {design_1_i/ps7_0_axi_periph/m05_couplers/auto_cc/inst/gen_clock_conv.gen_async_lite_conv.clock_conv_lite_resp_r/handshake/dest_hsdata_ff_reg[29]} \
          {design_1_i/ps7_0_axi_periph/m05_couplers/auto_cc/inst/gen_clock_conv.gen_async_lite_conv.clock_conv_lite_resp_r/handshake/dest_hsdata_ff_reg[2]} \
          {design_1_i/ps7_0_axi_periph/m05_couplers/auto_cc/inst/gen_clock_conv.gen_async_lite_conv.clock_conv_lite_resp_r/handshake/dest_hsdata_ff_reg[30]} \
          {design_1_i/ps7_0_axi_periph/m05_couplers/auto_cc/inst/gen_clock_conv.gen_async_lite_conv.clock_conv_lite_resp_r/handshake/dest_hsdata_ff_reg[31]} \
          {design_1_i/ps7_0_axi_periph/m05_couplers/auto_cc/inst/gen_clock_conv.gen_async_lite_conv.clock_conv_lite_resp_r/handshake/dest_hsdata_ff_reg[32]} \
          {design_1_i/ps7_0_axi_periph/m05_couplers/auto_cc/inst/gen_clock_conv.gen_async_lite_conv.clock_conv_lite_resp_r/handshake/dest_hsdata_ff_reg[33]} \
          {design_1_i/ps7_0_axi_periph/m05_couplers/auto_cc/inst/gen_clock_conv.gen_async_lite_conv.clock_conv_lite_resp_r/handshake/dest_hsdata_ff_reg[3]} \
          {design_1_i/ps7_0_axi_periph/m05_couplers/auto_cc/inst/gen_clock_conv.gen_async_lite_conv.clock_conv_lite_resp_r/handshake/dest_hsdata_ff_reg[4]} \
          {design_1_i/ps7_0_axi_periph/m05_couplers/auto_cc/inst/gen_clock_conv.gen_async_lite_conv.clock_conv_lite_resp_r/handshake/dest_hsdata_ff_reg[5]} \
          {design_1_i/ps7_0_axi_periph/m05_couplers/auto_cc/inst/gen_clock_conv.gen_async_lite_conv.clock_conv_lite_resp_r/handshake/dest_hsdata_ff_reg[6]} \
          {design_1_i/ps7_0_axi_periph/m05_couplers/auto_cc/inst/gen_clock_conv.gen_async_lite_conv.clock_conv_lite_resp_r/handshake/dest_hsdata_ff_reg[7]} \
          {design_1_i/ps7_0_axi_periph/m05_couplers/auto_cc/inst/gen_clock_conv.gen_async_lite_conv.clock_conv_lite_resp_r/handshake/dest_hsdata_ff_reg[8]} \
          {design_1_i/ps7_0_axi_periph/m05_couplers/auto_cc/inst/gen_clock_conv.gen_async_lite_conv.clock_conv_lite_resp_r/handshake/dest_hsdata_ff_reg[9]}]] 30.000
Requirement: 30.000ns
Endpoints: 16

From Clock            To Clock              Endpoint Pin                    Reference Pin                   Corner  Actual(ns)  Slack(ns)
--------------------  --------------------  ------------------------------  ------------------------------  ------  ----------  ---------
clk_fpga_1            clk_fpga_0            design_1_i/ps7_0_axi_periph/m05_couplers/auto_cc/inst/gen_clock_conv.gen_async_lite_conv.clock_conv_lite_resp_r/handshake/dest_hsdata_ff_reg[4]/D
                                                                            design_1_i/ps7_0_axi_periph/m05_couplers/auto_cc/inst/gen_clock_conv.gen_async_lite_conv.clock_conv_lite_resp_r/handshake/dest_hsdata_ff_reg[6]/D
                                                                                                            Slow         1.268     28.732


Slack (MET) :             28.732ns  (requirement - actual skew)
  Endpoint Source:        design_1_i/ps7_0_axi_periph/m05_couplers/auto_cc/inst/gen_clock_conv.gen_async_lite_conv.clock_conv_lite_resp_r/handshake/src_hsdata_ff_reg[4]/C
                            (rising edge-triggered cell FDRE clocked by clk_fpga_1)
  Endpoint Destination:   design_1_i/ps7_0_axi_periph/m05_couplers/auto_cc/inst/gen_clock_conv.gen_async_lite_conv.clock_conv_lite_resp_r/handshake/dest_hsdata_ff_reg[4]/D
                            (rising edge-triggered cell FDRE clocked by clk_fpga_0)
  Reference Source:       design_1_i/ps7_0_axi_periph/m05_couplers/auto_cc/inst/gen_clock_conv.gen_async_lite_conv.clock_conv_lite_resp_r/handshake/src_hsdata_ff_reg[6]/C
                            (rising edge-triggered cell FDRE clocked by clk_fpga_1)
  Reference Destination:  design_1_i/ps7_0_axi_periph/m05_couplers/auto_cc/inst/gen_clock_conv.gen_async_lite_conv.clock_conv_lite_resp_r/handshake/dest_hsdata_ff_reg[6]/D
                            (rising edge-triggered cell FDRE clocked by clk_fpga_0)
  Path Type:              Bus Skew (Max at Slow Process Corner)
  Requirement:            30.000ns
  Endpoint Relative Delay:    1.909ns
  Reference Relative Delay:   0.351ns
  Relative CRPR:              0.289ns
  Actual Bus Skew:            1.268ns  (Endpoint Relative Delay - Reference Relative Delay - Relative CRPR)

Endpoint path:
    Location             Delay type                Incr(ns)  Path(ns)    Netlist Resource(s)
  -------------------------------------------------------------------    -------------------
                         (clock clk_fpga_1 rise edge)
                                                      0.000     0.000 r  
    PS7_X0Y0             PS7                          0.000     0.000 r  design_1_i/processing_system7_0/inst/PS7_i/FCLKCLK[1]
                         net (fo=1, routed)           0.994     0.994    design_1_i/processing_system7_0/inst/FCLK_CLK_unbuffered[1]
    BUFGCTRL_X0Y16       BUFG (Prop_bufg_I_O)         0.085     1.079 r  design_1_i/processing_system7_0/inst/buffer_fclk_clk_1.FCLK_CLK_1_BUFG/O
                         net (fo=18021, routed)       1.468     2.547    design_1_i/ps7_0_axi_periph/m05_couplers/auto_cc/inst/gen_clock_conv.gen_async_lite_conv.clock_conv_lite_resp_r/handshake/src_clk
    SLICE_X81Y42         FDRE                                         r  design_1_i/ps7_0_axi_periph/m05_couplers/auto_cc/inst/gen_clock_conv.gen_async_lite_conv.clock_conv_lite_resp_r/handshake/src_hsdata_ff_reg[4]/C
  -------------------------------------------------------------------    -------------------
    SLICE_X81Y42         FDRE (Prop_fdre_C_Q)         0.348     2.895 r  design_1_i/ps7_0_axi_periph/m05_couplers/auto_cc/inst/gen_clock_conv.gen_async_lite_conv.clock_conv_lite_resp_r/handshake/src_hsdata_ff_reg[4]/Q
                         net (fo=1, routed)           1.119     4.014    design_1_i/ps7_0_axi_periph/m05_couplers/auto_cc/inst/gen_clock_conv.gen_async_lite_conv.clock_conv_lite_resp_r/handshake/src_hsdata_ff[4]
    SLICE_X62Y60         FDRE                                         r  design_1_i/ps7_0_axi_periph/m05_couplers/auto_cc/inst/gen_clock_conv.gen_async_lite_conv.clock_conv_lite_resp_r/handshake/dest_hsdata_ff_reg[4]/D
  -------------------------------------------------------------------    -------------------

                         (clock clk_fpga_0 rise edge)
                                                      0.000     0.000 r  
    PS7_X0Y0             PS7                          0.000     0.000 r  design_1_i/processing_system7_0/inst/PS7_i/FCLKCLK[0]
                         net (fo=1, routed)           0.905     0.905    design_1_i/processing_system7_0/inst/FCLK_CLK_unbuffered[0]
    BUFGCTRL_X0Y17       BUFG (Prop_bufg_I_O)         0.077     0.982 r  design_1_i/processing_system7_0/inst/buffer_fclk_clk_0.FCLK_CLK_0_BUFG/O
                         net (fo=14268, routed)       1.284     2.267    design_1_i/ps7_0_axi_periph/m05_couplers/auto_cc/inst/gen_clock_conv.gen_async_lite_conv.clock_conv_lite_resp_r/handshake/dest_clk
    SLICE_X62Y60         FDRE                                         r  design_1_i/ps7_0_axi_periph/m05_couplers/auto_cc/inst/gen_clock_conv.gen_async_lite_conv.clock_conv_lite_resp_r/handshake/dest_hsdata_ff_reg[4]/C
                         clock pessimism              0.000     2.267    
    SLICE_X62Y60         FDRE (Setup_fdre_C_D)       -0.162     2.105    design_1_i/ps7_0_axi_periph/m05_couplers/auto_cc/inst/gen_clock_conv.gen_async_lite_conv.clock_conv_lite_resp_r/handshake/dest_hsdata_ff_reg[4]
  -------------------------------------------------------------------
                         data arrival                           4.014    
                         clock arrival                          2.105    
  -------------------------------------------------------------------
                         relative delay                         1.909    

Reference path:
    Location             Delay type                Incr(ns)  Path(ns)    Netlist Resource(s)
  -------------------------------------------------------------------    -------------------
                         (clock clk_fpga_1 rise edge)
                                                      0.000     0.000 r  
    PS7_X0Y0             PS7                          0.000     0.000 r  design_1_i/processing_system7_0/inst/PS7_i/FCLKCLK[1]
                         net (fo=1, routed)           0.905     0.905    design_1_i/processing_system7_0/inst/FCLK_CLK_unbuffered[1]
    BUFGCTRL_X0Y16       BUFG (Prop_bufg_I_O)         0.077     0.982 r  design_1_i/processing_system7_0/inst/buffer_fclk_clk_1.FCLK_CLK_1_BUFG/O
                         net (fo=18021, routed)       1.312     2.294    design_1_i/ps7_0_axi_periph/m05_couplers/auto_cc/inst/gen_clock_conv.gen_async_lite_conv.clock_conv_lite_resp_r/handshake/src_clk
    SLICE_X82Y42         FDRE                                         r  design_1_i/ps7_0_axi_periph/m05_couplers/auto_cc/inst/gen_clock_conv.gen_async_lite_conv.clock_conv_lite_resp_r/handshake/src_hsdata_ff_reg[6]/C
  -------------------------------------------------------------------    -------------------
    SLICE_X82Y42         FDRE (Prop_fdre_C_Q)         0.319     2.613 r  design_1_i/ps7_0_axi_periph/m05_couplers/auto_cc/inst/gen_clock_conv.gen_async_lite_conv.clock_conv_lite_resp_r/handshake/src_hsdata_ff_reg[6]/Q
                         net (fo=1, routed)           0.343     2.956    design_1_i/ps7_0_axi_periph/m05_couplers/auto_cc/inst/gen_clock_conv.gen_async_lite_conv.clock_conv_lite_resp_r/handshake/src_hsdata_ff[6]
    SLICE_X78Y42         FDRE                                         r  design_1_i/ps7_0_axi_periph/m05_couplers/auto_cc/inst/gen_clock_conv.gen_async_lite_conv.clock_conv_lite_resp_r/handshake/dest_hsdata_ff_reg[6]/D
  -------------------------------------------------------------------    -------------------

                         (clock clk_fpga_0 rise edge)
                                                      0.000     0.000 r  
    PS7_X0Y0             PS7                          0.000     0.000 r  design_1_i/processing_system7_0/inst/PS7_i/FCLKCLK[0]
                         net (fo=1, routed)           0.994     0.994    design_1_i/processing_system7_0/inst/FCLK_CLK_unbuffered[0]
    BUFGCTRL_X0Y17       BUFG (Prop_bufg_I_O)         0.085     1.079 r  design_1_i/processing_system7_0/inst/buffer_fclk_clk_0.FCLK_CLK_0_BUFG/O
                         net (fo=14268, routed)       1.466     2.545    design_1_i/ps7_0_axi_periph/m05_couplers/auto_cc/inst/gen_clock_conv.gen_async_lite_conv.clock_conv_lite_resp_r/handshake/dest_clk
    SLICE_X78Y42         FDRE                                         r  design_1_i/ps7_0_axi_periph/m05_couplers/auto_cc/inst/gen_clock_conv.gen_async_lite_conv.clock_conv_lite_resp_r/handshake/dest_hsdata_ff_reg[6]/C
                         clock pessimism              0.000     2.545    
    SLICE_X78Y42         FDRE (Hold_fdre_C_D)         0.060     2.605    design_1_i/ps7_0_axi_periph/m05_couplers/auto_cc/inst/gen_clock_conv.gen_async_lite_conv.clock_conv_lite_resp_r/handshake/dest_hsdata_ff_reg[6]
  -------------------------------------------------------------------
                         data arrival                           2.956    
                         clock arrival                          2.605    
  -------------------------------------------------------------------
                         relative delay                         0.351    



Id: 21
set_bus_skew -from [get_cells [list {design_1_i/ps7_0_axi_periph/m06_couplers/auto_cc/inst/gen_clock_conv.gen_async_lite_conv.clock_conv_lite_resp_r/handshake/src_hsdata_ff_reg[0]} \
          {design_1_i/ps7_0_axi_periph/m06_couplers/auto_cc/inst/gen_clock_conv.gen_async_lite_conv.clock_conv_lite_resp_r/handshake/src_hsdata_ff_reg[10]} \
          {design_1_i/ps7_0_axi_periph/m06_couplers/auto_cc/inst/gen_clock_conv.gen_async_lite_conv.clock_conv_lite_resp_r/handshake/src_hsdata_ff_reg[11]} \
          {design_1_i/ps7_0_axi_periph/m06_couplers/auto_cc/inst/gen_clock_conv.gen_async_lite_conv.clock_conv_lite_resp_r/handshake/src_hsdata_ff_reg[12]} \
          {design_1_i/ps7_0_axi_periph/m06_couplers/auto_cc/inst/gen_clock_conv.gen_async_lite_conv.clock_conv_lite_resp_r/handshake/src_hsdata_ff_reg[13]} \
          {design_1_i/ps7_0_axi_periph/m06_couplers/auto_cc/inst/gen_clock_conv.gen_async_lite_conv.clock_conv_lite_resp_r/handshake/src_hsdata_ff_reg[14]} \
          {design_1_i/ps7_0_axi_periph/m06_couplers/auto_cc/inst/gen_clock_conv.gen_async_lite_conv.clock_conv_lite_resp_r/handshake/src_hsdata_ff_reg[15]} \
          {design_1_i/ps7_0_axi_periph/m06_couplers/auto_cc/inst/gen_clock_conv.gen_async_lite_conv.clock_conv_lite_resp_r/handshake/src_hsdata_ff_reg[16]} \
          {design_1_i/ps7_0_axi_periph/m06_couplers/auto_cc/inst/gen_clock_conv.gen_async_lite_conv.clock_conv_lite_resp_r/handshake/src_hsdata_ff_reg[17]} \
          {design_1_i/ps7_0_axi_periph/m06_couplers/auto_cc/inst/gen_clock_conv.gen_async_lite_conv.clock_conv_lite_resp_r/handshake/src_hsdata_ff_reg[18]} \
          {design_1_i/ps7_0_axi_periph/m06_couplers/auto_cc/inst/gen_clock_conv.gen_async_lite_conv.clock_conv_lite_resp_r/handshake/src_hsdata_ff_reg[19]} \
          {design_1_i/ps7_0_axi_periph/m06_couplers/auto_cc/inst/gen_clock_conv.gen_async_lite_conv.clock_conv_lite_resp_r/handshake/src_hsdata_ff_reg[1]} \
          {design_1_i/ps7_0_axi_periph/m06_couplers/auto_cc/inst/gen_clock_conv.gen_async_lite_conv.clock_conv_lite_resp_r/handshake/src_hsdata_ff_reg[20]} \
          {design_1_i/ps7_0_axi_periph/m06_couplers/auto_cc/inst/gen_clock_conv.gen_async_lite_conv.clock_conv_lite_resp_r/handshake/src_hsdata_ff_reg[21]} \
          {design_1_i/ps7_0_axi_periph/m06_couplers/auto_cc/inst/gen_clock_conv.gen_async_lite_conv.clock_conv_lite_resp_r/handshake/src_hsdata_ff_reg[22]} \
          {design_1_i/ps7_0_axi_periph/m06_couplers/auto_cc/inst/gen_clock_conv.gen_async_lite_conv.clock_conv_lite_resp_r/handshake/src_hsdata_ff_reg[23]} \
          {design_1_i/ps7_0_axi_periph/m06_couplers/auto_cc/inst/gen_clock_conv.gen_async_lite_conv.clock_conv_lite_resp_r/handshake/src_hsdata_ff_reg[24]} \
          {design_1_i/ps7_0_axi_periph/m06_couplers/auto_cc/inst/gen_clock_conv.gen_async_lite_conv.clock_conv_lite_resp_r/handshake/src_hsdata_ff_reg[25]} \
          {design_1_i/ps7_0_axi_periph/m06_couplers/auto_cc/inst/gen_clock_conv.gen_async_lite_conv.clock_conv_lite_resp_r/handshake/src_hsdata_ff_reg[26]} \
          {design_1_i/ps7_0_axi_periph/m06_couplers/auto_cc/inst/gen_clock_conv.gen_async_lite_conv.clock_conv_lite_resp_r/handshake/src_hsdata_ff_reg[27]} \
          {design_1_i/ps7_0_axi_periph/m06_couplers/auto_cc/inst/gen_clock_conv.gen_async_lite_conv.clock_conv_lite_resp_r/handshake/src_hsdata_ff_reg[28]} \
          {design_1_i/ps7_0_axi_periph/m06_couplers/auto_cc/inst/gen_clock_conv.gen_async_lite_conv.clock_conv_lite_resp_r/handshake/src_hsdata_ff_reg[29]} \
          {design_1_i/ps7_0_axi_periph/m06_couplers/auto_cc/inst/gen_clock_conv.gen_async_lite_conv.clock_conv_lite_resp_r/handshake/src_hsdata_ff_reg[2]} \
          {design_1_i/ps7_0_axi_periph/m06_couplers/auto_cc/inst/gen_clock_conv.gen_async_lite_conv.clock_conv_lite_resp_r/handshake/src_hsdata_ff_reg[30]} \
          {design_1_i/ps7_0_axi_periph/m06_couplers/auto_cc/inst/gen_clock_conv.gen_async_lite_conv.clock_conv_lite_resp_r/handshake/src_hsdata_ff_reg[31]} \
          {design_1_i/ps7_0_axi_periph/m06_couplers/auto_cc/inst/gen_clock_conv.gen_async_lite_conv.clock_conv_lite_resp_r/handshake/src_hsdata_ff_reg[3]} \
          {design_1_i/ps7_0_axi_periph/m06_couplers/auto_cc/inst/gen_clock_conv.gen_async_lite_conv.clock_conv_lite_resp_r/handshake/src_hsdata_ff_reg[4]} \
          {design_1_i/ps7_0_axi_periph/m06_couplers/auto_cc/inst/gen_clock_conv.gen_async_lite_conv.clock_conv_lite_resp_r/handshake/src_hsdata_ff_reg[5]} \
          {design_1_i/ps7_0_axi_periph/m06_couplers/auto_cc/inst/gen_clock_conv.gen_async_lite_conv.clock_conv_lite_resp_r/handshake/src_hsdata_ff_reg[6]} \
          {design_1_i/ps7_0_axi_periph/m06_couplers/auto_cc/inst/gen_clock_conv.gen_async_lite_conv.clock_conv_lite_resp_r/handshake/src_hsdata_ff_reg[7]} \
          {design_1_i/ps7_0_axi_periph/m06_couplers/auto_cc/inst/gen_clock_conv.gen_async_lite_conv.clock_conv_lite_resp_r/handshake/src_hsdata_ff_reg[8]} \
          {design_1_i/ps7_0_axi_periph/m06_couplers/auto_cc/inst/gen_clock_conv.gen_async_lite_conv.clock_conv_lite_resp_r/handshake/src_hsdata_ff_reg[9]}]] -to [get_cells [list {design_1_i/ps7_0_axi_periph/m06_couplers/auto_cc/inst/gen_clock_conv.gen_async_lite_conv.clock_conv_lite_resp_r/handshake/dest_hsdata_ff_reg[0]} \
          {design_1_i/ps7_0_axi_periph/m06_couplers/auto_cc/inst/gen_clock_conv.gen_async_lite_conv.clock_conv_lite_resp_r/handshake/dest_hsdata_ff_reg[10]} \
          {design_1_i/ps7_0_axi_periph/m06_couplers/auto_cc/inst/gen_clock_conv.gen_async_lite_conv.clock_conv_lite_resp_r/handshake/dest_hsdata_ff_reg[11]} \
          {design_1_i/ps7_0_axi_periph/m06_couplers/auto_cc/inst/gen_clock_conv.gen_async_lite_conv.clock_conv_lite_resp_r/handshake/dest_hsdata_ff_reg[12]} \
          {design_1_i/ps7_0_axi_periph/m06_couplers/auto_cc/inst/gen_clock_conv.gen_async_lite_conv.clock_conv_lite_resp_r/handshake/dest_hsdata_ff_reg[13]} \
          {design_1_i/ps7_0_axi_periph/m06_couplers/auto_cc/inst/gen_clock_conv.gen_async_lite_conv.clock_conv_lite_resp_r/handshake/dest_hsdata_ff_reg[14]} \
          {design_1_i/ps7_0_axi_periph/m06_couplers/auto_cc/inst/gen_clock_conv.gen_async_lite_conv.clock_conv_lite_resp_r/handshake/dest_hsdata_ff_reg[15]} \
          {design_1_i/ps7_0_axi_periph/m06_couplers/auto_cc/inst/gen_clock_conv.gen_async_lite_conv.clock_conv_lite_resp_r/handshake/dest_hsdata_ff_reg[16]} \
          {design_1_i/ps7_0_axi_periph/m06_couplers/auto_cc/inst/gen_clock_conv.gen_async_lite_conv.clock_conv_lite_resp_r/handshake/dest_hsdata_ff_reg[17]} \
          {design_1_i/ps7_0_axi_periph/m06_couplers/auto_cc/inst/gen_clock_conv.gen_async_lite_conv.clock_conv_lite_resp_r/handshake/dest_hsdata_ff_reg[18]} \
          {design_1_i/ps7_0_axi_periph/m06_couplers/auto_cc/inst/gen_clock_conv.gen_async_lite_conv.clock_conv_lite_resp_r/handshake/dest_hsdata_ff_reg[19]} \
          {design_1_i/ps7_0_axi_periph/m06_couplers/auto_cc/inst/gen_clock_conv.gen_async_lite_conv.clock_conv_lite_resp_r/handshake/dest_hsdata_ff_reg[1]} \
          {design_1_i/ps7_0_axi_periph/m06_couplers/auto_cc/inst/gen_clock_conv.gen_async_lite_conv.clock_conv_lite_resp_r/handshake/dest_hsdata_ff_reg[20]} \
          {design_1_i/ps7_0_axi_periph/m06_couplers/auto_cc/inst/gen_clock_conv.gen_async_lite_conv.clock_conv_lite_resp_r/handshake/dest_hsdata_ff_reg[21]} \
          {design_1_i/ps7_0_axi_periph/m06_couplers/auto_cc/inst/gen_clock_conv.gen_async_lite_conv.clock_conv_lite_resp_r/handshake/dest_hsdata_ff_reg[22]} \
          {design_1_i/ps7_0_axi_periph/m06_couplers/auto_cc/inst/gen_clock_conv.gen_async_lite_conv.clock_conv_lite_resp_r/handshake/dest_hsdata_ff_reg[23]} \
          {design_1_i/ps7_0_axi_periph/m06_couplers/auto_cc/inst/gen_clock_conv.gen_async_lite_conv.clock_conv_lite_resp_r/handshake/dest_hsdata_ff_reg[24]} \
          {design_1_i/ps7_0_axi_periph/m06_couplers/auto_cc/inst/gen_clock_conv.gen_async_lite_conv.clock_conv_lite_resp_r/handshake/dest_hsdata_ff_reg[25]} \
          {design_1_i/ps7_0_axi_periph/m06_couplers/auto_cc/inst/gen_clock_conv.gen_async_lite_conv.clock_conv_lite_resp_r/handshake/dest_hsdata_ff_reg[26]} \
          {design_1_i/ps7_0_axi_periph/m06_couplers/auto_cc/inst/gen_clock_conv.gen_async_lite_conv.clock_conv_lite_resp_r/handshake/dest_hsdata_ff_reg[27]} \
          {design_1_i/ps7_0_axi_periph/m06_couplers/auto_cc/inst/gen_clock_conv.gen_async_lite_conv.clock_conv_lite_resp_r/handshake/dest_hsdata_ff_reg[28]} \
          {design_1_i/ps7_0_axi_periph/m06_couplers/auto_cc/inst/gen_clock_conv.gen_async_lite_conv.clock_conv_lite_resp_r/handshake/dest_hsdata_ff_reg[29]} \
          {design_1_i/ps7_0_axi_periph/m06_couplers/auto_cc/inst/gen_clock_conv.gen_async_lite_conv.clock_conv_lite_resp_r/handshake/dest_hsdata_ff_reg[2]} \
          {design_1_i/ps7_0_axi_periph/m06_couplers/auto_cc/inst/gen_clock_conv.gen_async_lite_conv.clock_conv_lite_resp_r/handshake/dest_hsdata_ff_reg[30]} \
          {design_1_i/ps7_0_axi_periph/m06_couplers/auto_cc/inst/gen_clock_conv.gen_async_lite_conv.clock_conv_lite_resp_r/handshake/dest_hsdata_ff_reg[31]} \
          {design_1_i/ps7_0_axi_periph/m06_couplers/auto_cc/inst/gen_clock_conv.gen_async_lite_conv.clock_conv_lite_resp_r/handshake/dest_hsdata_ff_reg[32]} \
          {design_1_i/ps7_0_axi_periph/m06_couplers/auto_cc/inst/gen_clock_conv.gen_async_lite_conv.clock_conv_lite_resp_r/handshake/dest_hsdata_ff_reg[33]} \
          {design_1_i/ps7_0_axi_periph/m06_couplers/auto_cc/inst/gen_clock_conv.gen_async_lite_conv.clock_conv_lite_resp_r/handshake/dest_hsdata_ff_reg[3]} \
          {design_1_i/ps7_0_axi_periph/m06_couplers/auto_cc/inst/gen_clock_conv.gen_async_lite_conv.clock_conv_lite_resp_r/handshake/dest_hsdata_ff_reg[4]} \
          {design_1_i/ps7_0_axi_periph/m06_couplers/auto_cc/inst/gen_clock_conv.gen_async_lite_conv.clock_conv_lite_resp_r/handshake/dest_hsdata_ff_reg[5]} \
          {design_1_i/ps7_0_axi_periph/m06_couplers/auto_cc/inst/gen_clock_conv.gen_async_lite_conv.clock_conv_lite_resp_r/handshake/dest_hsdata_ff_reg[6]} \
          {design_1_i/ps7_0_axi_periph/m06_couplers/auto_cc/inst/gen_clock_conv.gen_async_lite_conv.clock_conv_lite_resp_r/handshake/dest_hsdata_ff_reg[7]} \
          {design_1_i/ps7_0_axi_periph/m06_couplers/auto_cc/inst/gen_clock_conv.gen_async_lite_conv.clock_conv_lite_resp_r/handshake/dest_hsdata_ff_reg[8]} \
          {design_1_i/ps7_0_axi_periph/m06_couplers/auto_cc/inst/gen_clock_conv.gen_async_lite_conv.clock_conv_lite_resp_r/handshake/dest_hsdata_ff_reg[9]}]] 30.000
Requirement: 30.000ns
Endpoints: 32

From Clock            To Clock              Endpoint Pin                    Reference Pin                   Corner  Actual(ns)  Slack(ns)
--------------------  --------------------  ------------------------------  ------------------------------  ------  ----------  ---------
clk_fpga_1            clk_fpga_0            design_1_i/ps7_0_axi_periph/m06_couplers/auto_cc/inst/gen_clock_conv.gen_async_lite_conv.clock_conv_lite_resp_r/handshake/dest_hsdata_ff_reg[28]/D
                                                                            design_1_i/ps7_0_axi_periph/m06_couplers/auto_cc/inst/gen_clock_conv.gen_async_lite_conv.clock_conv_lite_resp_r/handshake/dest_hsdata_ff_reg[3]/D
                                                                                                            Slow         1.308     28.692


Slack (MET) :             28.692ns  (requirement - actual skew)
  Endpoint Source:        design_1_i/ps7_0_axi_periph/m06_couplers/auto_cc/inst/gen_clock_conv.gen_async_lite_conv.clock_conv_lite_resp_r/handshake/src_hsdata_ff_reg[28]/C
                            (rising edge-triggered cell FDRE clocked by clk_fpga_1)
  Endpoint Destination:   design_1_i/ps7_0_axi_periph/m06_couplers/auto_cc/inst/gen_clock_conv.gen_async_lite_conv.clock_conv_lite_resp_r/handshake/dest_hsdata_ff_reg[28]/D
                            (rising edge-triggered cell FDRE clocked by clk_fpga_0)
  Reference Source:       design_1_i/ps7_0_axi_periph/m06_couplers/auto_cc/inst/gen_clock_conv.gen_async_lite_conv.clock_conv_lite_resp_r/handshake/src_hsdata_ff_reg[3]/C
                            (rising edge-triggered cell FDRE clocked by clk_fpga_1)
  Reference Destination:  design_1_i/ps7_0_axi_periph/m06_couplers/auto_cc/inst/gen_clock_conv.gen_async_lite_conv.clock_conv_lite_resp_r/handshake/dest_hsdata_ff_reg[3]/D
                            (rising edge-triggered cell FDRE clocked by clk_fpga_0)
  Path Type:              Bus Skew (Max at Slow Process Corner)
  Requirement:            30.000ns
  Endpoint Relative Delay:    1.656ns
  Reference Relative Delay:   0.155ns
  Relative CRPR:              0.193ns
  Actual Bus Skew:            1.308ns  (Endpoint Relative Delay - Reference Relative Delay - Relative CRPR)

Endpoint path:
    Location             Delay type                Incr(ns)  Path(ns)    Netlist Resource(s)
  -------------------------------------------------------------------    -------------------
                         (clock clk_fpga_1 rise edge)
                                                      0.000     0.000 r  
    PS7_X0Y0             PS7                          0.000     0.000 r  design_1_i/processing_system7_0/inst/PS7_i/FCLKCLK[1]
                         net (fo=1, routed)           0.994     0.994    design_1_i/processing_system7_0/inst/FCLK_CLK_unbuffered[1]
    BUFGCTRL_X0Y16       BUFG (Prop_bufg_I_O)         0.085     1.079 r  design_1_i/processing_system7_0/inst/buffer_fclk_clk_1.FCLK_CLK_1_BUFG/O
                         net (fo=18021, routed)       1.444     2.523    design_1_i/ps7_0_axi_periph/m06_couplers/auto_cc/inst/gen_clock_conv.gen_async_lite_conv.clock_conv_lite_resp_r/handshake/src_clk
    SLICE_X60Y50         FDRE                                         r  design_1_i/ps7_0_axi_periph/m06_couplers/auto_cc/inst/gen_clock_conv.gen_async_lite_conv.clock_conv_lite_resp_r/handshake/src_hsdata_ff_reg[28]/C
  -------------------------------------------------------------------    -------------------
    SLICE_X60Y50         FDRE (Prop_fdre_C_Q)         0.348     2.871 r  design_1_i/ps7_0_axi_periph/m06_couplers/auto_cc/inst/gen_clock_conv.gen_async_lite_conv.clock_conv_lite_resp_r/handshake/src_hsdata_ff_reg[28]/Q
                         net (fo=1, routed)           0.874     3.745    design_1_i/ps7_0_axi_periph/m06_couplers/auto_cc/inst/gen_clock_conv.gen_async_lite_conv.clock_conv_lite_resp_r/handshake/src_hsdata_ff[28]
    SLICE_X60Y63         FDRE                                         r  design_1_i/ps7_0_axi_periph/m06_couplers/auto_cc/inst/gen_clock_conv.gen_async_lite_conv.clock_conv_lite_resp_r/handshake/dest_hsdata_ff_reg[28]/D
  -------------------------------------------------------------------    -------------------

                         (clock clk_fpga_0 rise edge)
                                                      0.000     0.000 r  
    PS7_X0Y0             PS7                          0.000     0.000 r  design_1_i/processing_system7_0/inst/PS7_i/FCLKCLK[0]
                         net (fo=1, routed)           0.905     0.905    design_1_i/processing_system7_0/inst/FCLK_CLK_unbuffered[0]
    BUFGCTRL_X0Y17       BUFG (Prop_bufg_I_O)         0.077     0.982 r  design_1_i/processing_system7_0/inst/buffer_fclk_clk_0.FCLK_CLK_0_BUFG/O
                         net (fo=14268, routed)       1.282     2.265    design_1_i/ps7_0_axi_periph/m06_couplers/auto_cc/inst/gen_clock_conv.gen_async_lite_conv.clock_conv_lite_resp_r/handshake/dest_clk
    SLICE_X60Y63         FDRE                                         r  design_1_i/ps7_0_axi_periph/m06_couplers/auto_cc/inst/gen_clock_conv.gen_async_lite_conv.clock_conv_lite_resp_r/handshake/dest_hsdata_ff_reg[28]/C
                         clock pessimism              0.000     2.265    
    SLICE_X60Y63         FDRE (Setup_fdre_C_D)       -0.176     2.089    design_1_i/ps7_0_axi_periph/m06_couplers/auto_cc/inst/gen_clock_conv.gen_async_lite_conv.clock_conv_lite_resp_r/handshake/dest_hsdata_ff_reg[28]
  -------------------------------------------------------------------
                         data arrival                           3.745    
                         clock arrival                          2.089    
  -------------------------------------------------------------------
                         relative delay                         1.656    

Reference path:
    Location             Delay type                Incr(ns)  Path(ns)    Netlist Resource(s)
  -------------------------------------------------------------------    -------------------
                         (clock clk_fpga_1 rise edge)
                                                      0.000     0.000 r  
    PS7_X0Y0             PS7                          0.000     0.000 r  design_1_i/processing_system7_0/inst/PS7_i/FCLKCLK[1]
                         net (fo=1, routed)           0.905     0.905    design_1_i/processing_system7_0/inst/FCLK_CLK_unbuffered[1]
    BUFGCTRL_X0Y16       BUFG (Prop_bufg_I_O)         0.077     0.982 r  design_1_i/processing_system7_0/inst/buffer_fclk_clk_1.FCLK_CLK_1_BUFG/O
                         net (fo=18021, routed)       1.304     2.286    design_1_i/ps7_0_axi_periph/m06_couplers/auto_cc/inst/gen_clock_conv.gen_async_lite_conv.clock_conv_lite_resp_r/handshake/src_clk
    SLICE_X60Y41         FDRE                                         r  design_1_i/ps7_0_axi_periph/m06_couplers/auto_cc/inst/gen_clock_conv.gen_async_lite_conv.clock_conv_lite_resp_r/handshake/src_hsdata_ff_reg[3]/C
  -------------------------------------------------------------------    -------------------
    SLICE_X60Y41         FDRE (Prop_fdre_C_Q)         0.304     2.590 r  design_1_i/ps7_0_axi_periph/m06_couplers/auto_cc/inst/gen_clock_conv.gen_async_lite_conv.clock_conv_lite_resp_r/handshake/src_hsdata_ff_reg[3]/Q
                         net (fo=1, routed)           0.309     2.899    design_1_i/ps7_0_axi_periph/m06_couplers/auto_cc/inst/gen_clock_conv.gen_async_lite_conv.clock_conv_lite_resp_r/handshake/src_hsdata_ff[3]
    SLICE_X62Y42         FDRE                                         r  design_1_i/ps7_0_axi_periph/m06_couplers/auto_cc/inst/gen_clock_conv.gen_async_lite_conv.clock_conv_lite_resp_r/handshake/dest_hsdata_ff_reg[3]/D
  -------------------------------------------------------------------    -------------------

                         (clock clk_fpga_0 rise edge)
                                                      0.000     0.000 r  
    PS7_X0Y0             PS7                          0.000     0.000 r  design_1_i/processing_system7_0/inst/PS7_i/FCLKCLK[0]
                         net (fo=1, routed)           0.994     0.994    design_1_i/processing_system7_0/inst/FCLK_CLK_unbuffered[0]
    BUFGCTRL_X0Y17       BUFG (Prop_bufg_I_O)         0.085     1.079 r  design_1_i/processing_system7_0/inst/buffer_fclk_clk_0.FCLK_CLK_0_BUFG/O
                         net (fo=14268, routed)       1.461     2.540    design_1_i/ps7_0_axi_periph/m06_couplers/auto_cc/inst/gen_clock_conv.gen_async_lite_conv.clock_conv_lite_resp_r/handshake/dest_clk
    SLICE_X62Y42         FDRE                                         r  design_1_i/ps7_0_axi_periph/m06_couplers/auto_cc/inst/gen_clock_conv.gen_async_lite_conv.clock_conv_lite_resp_r/handshake/dest_hsdata_ff_reg[3]/C
                         clock pessimism              0.000     2.540    
    SLICE_X62Y42         FDRE (Hold_fdre_C_D)         0.204     2.744    design_1_i/ps7_0_axi_periph/m06_couplers/auto_cc/inst/gen_clock_conv.gen_async_lite_conv.clock_conv_lite_resp_r/handshake/dest_hsdata_ff_reg[3]
  -------------------------------------------------------------------
                         data arrival                           2.899    
                         clock arrival                          2.744    
  -------------------------------------------------------------------
                         relative delay                         0.155    



Id: 22
set_bus_skew -from [get_cells [list {design_1_i/ps7_0_axi_periph/m07_couplers/auto_cc/inst/gen_clock_conv.gen_async_lite_conv.clock_conv_lite_resp_r/handshake/src_hsdata_ff_reg[0]} \
          {design_1_i/ps7_0_axi_periph/m07_couplers/auto_cc/inst/gen_clock_conv.gen_async_lite_conv.clock_conv_lite_resp_r/handshake/src_hsdata_ff_reg[10]} \
          {design_1_i/ps7_0_axi_periph/m07_couplers/auto_cc/inst/gen_clock_conv.gen_async_lite_conv.clock_conv_lite_resp_r/handshake/src_hsdata_ff_reg[11]} \
          {design_1_i/ps7_0_axi_periph/m07_couplers/auto_cc/inst/gen_clock_conv.gen_async_lite_conv.clock_conv_lite_resp_r/handshake/src_hsdata_ff_reg[12]} \
          {design_1_i/ps7_0_axi_periph/m07_couplers/auto_cc/inst/gen_clock_conv.gen_async_lite_conv.clock_conv_lite_resp_r/handshake/src_hsdata_ff_reg[13]} \
          {design_1_i/ps7_0_axi_periph/m07_couplers/auto_cc/inst/gen_clock_conv.gen_async_lite_conv.clock_conv_lite_resp_r/handshake/src_hsdata_ff_reg[14]} \
          {design_1_i/ps7_0_axi_periph/m07_couplers/auto_cc/inst/gen_clock_conv.gen_async_lite_conv.clock_conv_lite_resp_r/handshake/src_hsdata_ff_reg[15]} \
          {design_1_i/ps7_0_axi_periph/m07_couplers/auto_cc/inst/gen_clock_conv.gen_async_lite_conv.clock_conv_lite_resp_r/handshake/src_hsdata_ff_reg[16]} \
          {design_1_i/ps7_0_axi_periph/m07_couplers/auto_cc/inst/gen_clock_conv.gen_async_lite_conv.clock_conv_lite_resp_r/handshake/src_hsdata_ff_reg[17]} \
          {design_1_i/ps7_0_axi_periph/m07_couplers/auto_cc/inst/gen_clock_conv.gen_async_lite_conv.clock_conv_lite_resp_r/handshake/src_hsdata_ff_reg[18]} \
          {design_1_i/ps7_0_axi_periph/m07_couplers/auto_cc/inst/gen_clock_conv.gen_async_lite_conv.clock_conv_lite_resp_r/handshake/src_hsdata_ff_reg[19]} \
          {design_1_i/ps7_0_axi_periph/m07_couplers/auto_cc/inst/gen_clock_conv.gen_async_lite_conv.clock_conv_lite_resp_r/handshake/src_hsdata_ff_reg[1]} \
          {design_1_i/ps7_0_axi_periph/m07_couplers/auto_cc/inst/gen_clock_conv.gen_async_lite_conv.clock_conv_lite_resp_r/handshake/src_hsdata_ff_reg[20]} \
          {design_1_i/ps7_0_axi_periph/m07_couplers/auto_cc/inst/gen_clock_conv.gen_async_lite_conv.clock_conv_lite_resp_r/handshake/src_hsdata_ff_reg[21]} \
          {design_1_i/ps7_0_axi_periph/m07_couplers/auto_cc/inst/gen_clock_conv.gen_async_lite_conv.clock_conv_lite_resp_r/handshake/src_hsdata_ff_reg[22]} \
          {design_1_i/ps7_0_axi_periph/m07_couplers/auto_cc/inst/gen_clock_conv.gen_async_lite_conv.clock_conv_lite_resp_r/handshake/src_hsdata_ff_reg[23]} \
          {design_1_i/ps7_0_axi_periph/m07_couplers/auto_cc/inst/gen_clock_conv.gen_async_lite_conv.clock_conv_lite_resp_r/handshake/src_hsdata_ff_reg[24]} \
          {design_1_i/ps7_0_axi_periph/m07_couplers/auto_cc/inst/gen_clock_conv.gen_async_lite_conv.clock_conv_lite_resp_r/handshake/src_hsdata_ff_reg[25]} \
          {design_1_i/ps7_0_axi_periph/m07_couplers/auto_cc/inst/gen_clock_conv.gen_async_lite_conv.clock_conv_lite_resp_r/handshake/src_hsdata_ff_reg[26]} \
          {design_1_i/ps7_0_axi_periph/m07_couplers/auto_cc/inst/gen_clock_conv.gen_async_lite_conv.clock_conv_lite_resp_r/handshake/src_hsdata_ff_reg[27]} \
          {design_1_i/ps7_0_axi_periph/m07_couplers/auto_cc/inst/gen_clock_conv.gen_async_lite_conv.clock_conv_lite_resp_r/handshake/src_hsdata_ff_reg[28]} \
          {design_1_i/ps7_0_axi_periph/m07_couplers/auto_cc/inst/gen_clock_conv.gen_async_lite_conv.clock_conv_lite_resp_r/handshake/src_hsdata_ff_reg[29]} \
          {design_1_i/ps7_0_axi_periph/m07_couplers/auto_cc/inst/gen_clock_conv.gen_async_lite_conv.clock_conv_lite_resp_r/handshake/src_hsdata_ff_reg[2]} \
          {design_1_i/ps7_0_axi_periph/m07_couplers/auto_cc/inst/gen_clock_conv.gen_async_lite_conv.clock_conv_lite_resp_r/handshake/src_hsdata_ff_reg[30]} \
          {design_1_i/ps7_0_axi_periph/m07_couplers/auto_cc/inst/gen_clock_conv.gen_async_lite_conv.clock_conv_lite_resp_r/handshake/src_hsdata_ff_reg[31]} \
          {design_1_i/ps7_0_axi_periph/m07_couplers/auto_cc/inst/gen_clock_conv.gen_async_lite_conv.clock_conv_lite_resp_r/handshake/src_hsdata_ff_reg[3]} \
          {design_1_i/ps7_0_axi_periph/m07_couplers/auto_cc/inst/gen_clock_conv.gen_async_lite_conv.clock_conv_lite_resp_r/handshake/src_hsdata_ff_reg[4]} \
          {design_1_i/ps7_0_axi_periph/m07_couplers/auto_cc/inst/gen_clock_conv.gen_async_lite_conv.clock_conv_lite_resp_r/handshake/src_hsdata_ff_reg[5]} \
          {design_1_i/ps7_0_axi_periph/m07_couplers/auto_cc/inst/gen_clock_conv.gen_async_lite_conv.clock_conv_lite_resp_r/handshake/src_hsdata_ff_reg[6]} \
          {design_1_i/ps7_0_axi_periph/m07_couplers/auto_cc/inst/gen_clock_conv.gen_async_lite_conv.clock_conv_lite_resp_r/handshake/src_hsdata_ff_reg[7]} \
          {design_1_i/ps7_0_axi_periph/m07_couplers/auto_cc/inst/gen_clock_conv.gen_async_lite_conv.clock_conv_lite_resp_r/handshake/src_hsdata_ff_reg[8]} \
          {design_1_i/ps7_0_axi_periph/m07_couplers/auto_cc/inst/gen_clock_conv.gen_async_lite_conv.clock_conv_lite_resp_r/handshake/src_hsdata_ff_reg[9]}]] -to [get_cells [list {design_1_i/ps7_0_axi_periph/m07_couplers/auto_cc/inst/gen_clock_conv.gen_async_lite_conv.clock_conv_lite_resp_r/handshake/dest_hsdata_ff_reg[0]} \
          {design_1_i/ps7_0_axi_periph/m07_couplers/auto_cc/inst/gen_clock_conv.gen_async_lite_conv.clock_conv_lite_resp_r/handshake/dest_hsdata_ff_reg[10]} \
          {design_1_i/ps7_0_axi_periph/m07_couplers/auto_cc/inst/gen_clock_conv.gen_async_lite_conv.clock_conv_lite_resp_r/handshake/dest_hsdata_ff_reg[11]} \
          {design_1_i/ps7_0_axi_periph/m07_couplers/auto_cc/inst/gen_clock_conv.gen_async_lite_conv.clock_conv_lite_resp_r/handshake/dest_hsdata_ff_reg[12]} \
          {design_1_i/ps7_0_axi_periph/m07_couplers/auto_cc/inst/gen_clock_conv.gen_async_lite_conv.clock_conv_lite_resp_r/handshake/dest_hsdata_ff_reg[13]} \
          {design_1_i/ps7_0_axi_periph/m07_couplers/auto_cc/inst/gen_clock_conv.gen_async_lite_conv.clock_conv_lite_resp_r/handshake/dest_hsdata_ff_reg[14]} \
          {design_1_i/ps7_0_axi_periph/m07_couplers/auto_cc/inst/gen_clock_conv.gen_async_lite_conv.clock_conv_lite_resp_r/handshake/dest_hsdata_ff_reg[15]} \
          {design_1_i/ps7_0_axi_periph/m07_couplers/auto_cc/inst/gen_clock_conv.gen_async_lite_conv.clock_conv_lite_resp_r/handshake/dest_hsdata_ff_reg[16]} \
          {design_1_i/ps7_0_axi_periph/m07_couplers/auto_cc/inst/gen_clock_conv.gen_async_lite_conv.clock_conv_lite_resp_r/handshake/dest_hsdata_ff_reg[17]} \
          {design_1_i/ps7_0_axi_periph/m07_couplers/auto_cc/inst/gen_clock_conv.gen_async_lite_conv.clock_conv_lite_resp_r/handshake/dest_hsdata_ff_reg[18]} \
          {design_1_i/ps7_0_axi_periph/m07_couplers/auto_cc/inst/gen_clock_conv.gen_async_lite_conv.clock_conv_lite_resp_r/handshake/dest_hsdata_ff_reg[19]} \
          {design_1_i/ps7_0_axi_periph/m07_couplers/auto_cc/inst/gen_clock_conv.gen_async_lite_conv.clock_conv_lite_resp_r/handshake/dest_hsdata_ff_reg[1]} \
          {design_1_i/ps7_0_axi_periph/m07_couplers/auto_cc/inst/gen_clock_conv.gen_async_lite_conv.clock_conv_lite_resp_r/handshake/dest_hsdata_ff_reg[20]} \
          {design_1_i/ps7_0_axi_periph/m07_couplers/auto_cc/inst/gen_clock_conv.gen_async_lite_conv.clock_conv_lite_resp_r/handshake/dest_hsdata_ff_reg[21]} \
          {design_1_i/ps7_0_axi_periph/m07_couplers/auto_cc/inst/gen_clock_conv.gen_async_lite_conv.clock_conv_lite_resp_r/handshake/dest_hsdata_ff_reg[22]} \
          {design_1_i/ps7_0_axi_periph/m07_couplers/auto_cc/inst/gen_clock_conv.gen_async_lite_conv.clock_conv_lite_resp_r/handshake/dest_hsdata_ff_reg[23]} \
          {design_1_i/ps7_0_axi_periph/m07_couplers/auto_cc/inst/gen_clock_conv.gen_async_lite_conv.clock_conv_lite_resp_r/handshake/dest_hsdata_ff_reg[24]} \
          {design_1_i/ps7_0_axi_periph/m07_couplers/auto_cc/inst/gen_clock_conv.gen_async_lite_conv.clock_conv_lite_resp_r/handshake/dest_hsdata_ff_reg[25]} \
          {design_1_i/ps7_0_axi_periph/m07_couplers/auto_cc/inst/gen_clock_conv.gen_async_lite_conv.clock_conv_lite_resp_r/handshake/dest_hsdata_ff_reg[26]} \
          {design_1_i/ps7_0_axi_periph/m07_couplers/auto_cc/inst/gen_clock_conv.gen_async_lite_conv.clock_conv_lite_resp_r/handshake/dest_hsdata_ff_reg[27]} \
          {design_1_i/ps7_0_axi_periph/m07_couplers/auto_cc/inst/gen_clock_conv.gen_async_lite_conv.clock_conv_lite_resp_r/handshake/dest_hsdata_ff_reg[28]} \
          {design_1_i/ps7_0_axi_periph/m07_couplers/auto_cc/inst/gen_clock_conv.gen_async_lite_conv.clock_conv_lite_resp_r/handshake/dest_hsdata_ff_reg[29]} \
          {design_1_i/ps7_0_axi_periph/m07_couplers/auto_cc/inst/gen_clock_conv.gen_async_lite_conv.clock_conv_lite_resp_r/handshake/dest_hsdata_ff_reg[2]} \
          {design_1_i/ps7_0_axi_periph/m07_couplers/auto_cc/inst/gen_clock_conv.gen_async_lite_conv.clock_conv_lite_resp_r/handshake/dest_hsdata_ff_reg[30]} \
          {design_1_i/ps7_0_axi_periph/m07_couplers/auto_cc/inst/gen_clock_conv.gen_async_lite_conv.clock_conv_lite_resp_r/handshake/dest_hsdata_ff_reg[31]} \
          {design_1_i/ps7_0_axi_periph/m07_couplers/auto_cc/inst/gen_clock_conv.gen_async_lite_conv.clock_conv_lite_resp_r/handshake/dest_hsdata_ff_reg[32]} \
          {design_1_i/ps7_0_axi_periph/m07_couplers/auto_cc/inst/gen_clock_conv.gen_async_lite_conv.clock_conv_lite_resp_r/handshake/dest_hsdata_ff_reg[33]} \
          {design_1_i/ps7_0_axi_periph/m07_couplers/auto_cc/inst/gen_clock_conv.gen_async_lite_conv.clock_conv_lite_resp_r/handshake/dest_hsdata_ff_reg[3]} \
          {design_1_i/ps7_0_axi_periph/m07_couplers/auto_cc/inst/gen_clock_conv.gen_async_lite_conv.clock_conv_lite_resp_r/handshake/dest_hsdata_ff_reg[4]} \
          {design_1_i/ps7_0_axi_periph/m07_couplers/auto_cc/inst/gen_clock_conv.gen_async_lite_conv.clock_conv_lite_resp_r/handshake/dest_hsdata_ff_reg[5]} \
          {design_1_i/ps7_0_axi_periph/m07_couplers/auto_cc/inst/gen_clock_conv.gen_async_lite_conv.clock_conv_lite_resp_r/handshake/dest_hsdata_ff_reg[6]} \
          {design_1_i/ps7_0_axi_periph/m07_couplers/auto_cc/inst/gen_clock_conv.gen_async_lite_conv.clock_conv_lite_resp_r/handshake/dest_hsdata_ff_reg[7]} \
          {design_1_i/ps7_0_axi_periph/m07_couplers/auto_cc/inst/gen_clock_conv.gen_async_lite_conv.clock_conv_lite_resp_r/handshake/dest_hsdata_ff_reg[8]} \
          {design_1_i/ps7_0_axi_periph/m07_couplers/auto_cc/inst/gen_clock_conv.gen_async_lite_conv.clock_conv_lite_resp_r/handshake/dest_hsdata_ff_reg[9]}]] 30.000
Requirement: 30.000ns
Endpoints: 32

From Clock            To Clock              Endpoint Pin                    Reference Pin                   Corner  Actual(ns)  Slack(ns)
--------------------  --------------------  ------------------------------  ------------------------------  ------  ----------  ---------
clk_fpga_1            clk_fpga_0            design_1_i/ps7_0_axi_periph/m07_couplers/auto_cc/inst/gen_clock_conv.gen_async_lite_conv.clock_conv_lite_resp_r/handshake/dest_hsdata_ff_reg[11]/D
                                                                            design_1_i/ps7_0_axi_periph/m07_couplers/auto_cc/inst/gen_clock_conv.gen_async_lite_conv.clock_conv_lite_resp_r/handshake/dest_hsdata_ff_reg[0]/D
                                                                                                            Slow         1.868     28.132


Slack (MET) :             28.132ns  (requirement - actual skew)
  Endpoint Source:        design_1_i/ps7_0_axi_periph/m07_couplers/auto_cc/inst/gen_clock_conv.gen_async_lite_conv.clock_conv_lite_resp_r/handshake/src_hsdata_ff_reg[11]/C
                            (rising edge-triggered cell FDRE clocked by clk_fpga_1)
  Endpoint Destination:   design_1_i/ps7_0_axi_periph/m07_couplers/auto_cc/inst/gen_clock_conv.gen_async_lite_conv.clock_conv_lite_resp_r/handshake/dest_hsdata_ff_reg[11]/D
                            (rising edge-triggered cell FDRE clocked by clk_fpga_0)
  Reference Source:       design_1_i/ps7_0_axi_periph/m07_couplers/auto_cc/inst/gen_clock_conv.gen_async_lite_conv.clock_conv_lite_resp_r/handshake/src_hsdata_ff_reg[0]/C
                            (rising edge-triggered cell FDRE clocked by clk_fpga_1)
  Reference Destination:  design_1_i/ps7_0_axi_periph/m07_couplers/auto_cc/inst/gen_clock_conv.gen_async_lite_conv.clock_conv_lite_resp_r/handshake/dest_hsdata_ff_reg[0]/D
                            (rising edge-triggered cell FDRE clocked by clk_fpga_0)
  Path Type:              Bus Skew (Max at Slow Process Corner)
  Requirement:            30.000ns
  Endpoint Relative Delay:    2.410ns
  Reference Relative Delay:   0.220ns
  Relative CRPR:              0.322ns
  Actual Bus Skew:            1.868ns  (Endpoint Relative Delay - Reference Relative Delay - Relative CRPR)

Endpoint path:
    Location             Delay type                Incr(ns)  Path(ns)    Netlist Resource(s)
  -------------------------------------------------------------------    -------------------
                         (clock clk_fpga_1 rise edge)
                                                      0.000     0.000 r  
    PS7_X0Y0             PS7                          0.000     0.000 r  design_1_i/processing_system7_0/inst/PS7_i/FCLKCLK[1]
                         net (fo=1, routed)           0.994     0.994    design_1_i/processing_system7_0/inst/FCLK_CLK_unbuffered[1]
    BUFGCTRL_X0Y16       BUFG (Prop_bufg_I_O)         0.085     1.079 r  design_1_i/processing_system7_0/inst/buffer_fclk_clk_1.FCLK_CLK_1_BUFG/O
                         net (fo=18021, routed)       1.462     2.541    design_1_i/ps7_0_axi_periph/m07_couplers/auto_cc/inst/gen_clock_conv.gen_async_lite_conv.clock_conv_lite_resp_r/handshake/src_clk
    SLICE_X61Y49         FDRE                                         r  design_1_i/ps7_0_axi_periph/m07_couplers/auto_cc/inst/gen_clock_conv.gen_async_lite_conv.clock_conv_lite_resp_r/handshake/src_hsdata_ff_reg[11]/C
  -------------------------------------------------------------------    -------------------
    SLICE_X61Y49         FDRE (Prop_fdre_C_Q)         0.379     2.920 r  design_1_i/ps7_0_axi_periph/m07_couplers/auto_cc/inst/gen_clock_conv.gen_async_lite_conv.clock_conv_lite_resp_r/handshake/src_hsdata_ff_reg[11]/Q
                         net (fo=1, routed)           1.681     4.601    design_1_i/ps7_0_axi_periph/m07_couplers/auto_cc/inst/gen_clock_conv.gen_async_lite_conv.clock_conv_lite_resp_r/handshake/src_hsdata_ff[11]
    SLICE_X63Y63         FDRE                                         r  design_1_i/ps7_0_axi_periph/m07_couplers/auto_cc/inst/gen_clock_conv.gen_async_lite_conv.clock_conv_lite_resp_r/handshake/dest_hsdata_ff_reg[11]/D
  -------------------------------------------------------------------    -------------------

                         (clock clk_fpga_0 rise edge)
                                                      0.000     0.000 r  
    PS7_X0Y0             PS7                          0.000     0.000 r  design_1_i/processing_system7_0/inst/PS7_i/FCLKCLK[0]
                         net (fo=1, routed)           0.905     0.905    design_1_i/processing_system7_0/inst/FCLK_CLK_unbuffered[0]
    BUFGCTRL_X0Y17       BUFG (Prop_bufg_I_O)         0.077     0.982 r  design_1_i/processing_system7_0/inst/buffer_fclk_clk_0.FCLK_CLK_0_BUFG/O
                         net (fo=14268, routed)       1.282     2.265    design_1_i/ps7_0_axi_periph/m07_couplers/auto_cc/inst/gen_clock_conv.gen_async_lite_conv.clock_conv_lite_resp_r/handshake/dest_clk
    SLICE_X63Y63         FDRE                                         r  design_1_i/ps7_0_axi_periph/m07_couplers/auto_cc/inst/gen_clock_conv.gen_async_lite_conv.clock_conv_lite_resp_r/handshake/dest_hsdata_ff_reg[11]/C
                         clock pessimism              0.000     2.265    
    SLICE_X63Y63         FDRE (Setup_fdre_C_D)       -0.074     2.191    design_1_i/ps7_0_axi_periph/m07_couplers/auto_cc/inst/gen_clock_conv.gen_async_lite_conv.clock_conv_lite_resp_r/handshake/dest_hsdata_ff_reg[11]
  -------------------------------------------------------------------
                         data arrival                           4.601    
                         clock arrival                          2.191    
  -------------------------------------------------------------------
                         relative delay                         2.410    

Reference path:
    Location             Delay type                Incr(ns)  Path(ns)    Netlist Resource(s)
  -------------------------------------------------------------------    -------------------
                         (clock clk_fpga_1 rise edge)
                                                      0.000     0.000 r  
    PS7_X0Y0             PS7                          0.000     0.000 r  design_1_i/processing_system7_0/inst/PS7_i/FCLKCLK[1]
                         net (fo=1, routed)           0.905     0.905    design_1_i/processing_system7_0/inst/FCLK_CLK_unbuffered[1]
    BUFGCTRL_X0Y16       BUFG (Prop_bufg_I_O)         0.077     0.982 r  design_1_i/processing_system7_0/inst/buffer_fclk_clk_1.FCLK_CLK_1_BUFG/O
                         net (fo=18021, routed)       1.305     2.287    design_1_i/ps7_0_axi_periph/m07_couplers/auto_cc/inst/gen_clock_conv.gen_async_lite_conv.clock_conv_lite_resp_r/handshake/src_clk
    SLICE_X61Y44         FDRE                                         r  design_1_i/ps7_0_axi_periph/m07_couplers/auto_cc/inst/gen_clock_conv.gen_async_lite_conv.clock_conv_lite_resp_r/handshake/src_hsdata_ff_reg[0]/C
  -------------------------------------------------------------------    -------------------
    SLICE_X61Y44         FDRE (Prop_fdre_C_Q)         0.304     2.591 r  design_1_i/ps7_0_axi_periph/m07_couplers/auto_cc/inst/gen_clock_conv.gen_async_lite_conv.clock_conv_lite_resp_r/handshake/src_hsdata_ff_reg[0]/Q
                         net (fo=1, routed)           0.329     2.920    design_1_i/ps7_0_axi_periph/m07_couplers/auto_cc/inst/gen_clock_conv.gen_async_lite_conv.clock_conv_lite_resp_r/handshake/src_hsdata_ff[0]
    SLICE_X64Y44         FDRE                                         r  design_1_i/ps7_0_axi_periph/m07_couplers/auto_cc/inst/gen_clock_conv.gen_async_lite_conv.clock_conv_lite_resp_r/handshake/dest_hsdata_ff_reg[0]/D
  -------------------------------------------------------------------    -------------------

                         (clock clk_fpga_0 rise edge)
                                                      0.000     0.000 r  
    PS7_X0Y0             PS7                          0.000     0.000 r  design_1_i/processing_system7_0/inst/PS7_i/FCLKCLK[0]
                         net (fo=1, routed)           0.994     0.994    design_1_i/processing_system7_0/inst/FCLK_CLK_unbuffered[0]
    BUFGCTRL_X0Y17       BUFG (Prop_bufg_I_O)         0.085     1.079 r  design_1_i/processing_system7_0/inst/buffer_fclk_clk_0.FCLK_CLK_0_BUFG/O
                         net (fo=14268, routed)       1.463     2.542    design_1_i/ps7_0_axi_periph/m07_couplers/auto_cc/inst/gen_clock_conv.gen_async_lite_conv.clock_conv_lite_resp_r/handshake/dest_clk
    SLICE_X64Y44         FDRE                                         r  design_1_i/ps7_0_axi_periph/m07_couplers/auto_cc/inst/gen_clock_conv.gen_async_lite_conv.clock_conv_lite_resp_r/handshake/dest_hsdata_ff_reg[0]/C
                         clock pessimism              0.000     2.542    
    SLICE_X64Y44         FDRE (Hold_fdre_C_D)         0.158     2.700    design_1_i/ps7_0_axi_periph/m07_couplers/auto_cc/inst/gen_clock_conv.gen_async_lite_conv.clock_conv_lite_resp_r/handshake/dest_hsdata_ff_reg[0]
  -------------------------------------------------------------------
                         data arrival                           2.920    
                         clock arrival                          2.700    
  -------------------------------------------------------------------
                         relative delay                         0.220    



Id: 23
set_bus_skew -from [get_cells [list {design_1_i/ps7_0_axi_periph/m11_couplers/auto_cc/inst/gen_clock_conv.gen_async_lite_conv.clock_conv_lite_resp_r/handshake/src_hsdata_ff_reg[0]} \
          {design_1_i/ps7_0_axi_periph/m11_couplers/auto_cc/inst/gen_clock_conv.gen_async_lite_conv.clock_conv_lite_resp_r/handshake/src_hsdata_ff_reg[10]} \
          {design_1_i/ps7_0_axi_periph/m11_couplers/auto_cc/inst/gen_clock_conv.gen_async_lite_conv.clock_conv_lite_resp_r/handshake/src_hsdata_ff_reg[11]} \
          {design_1_i/ps7_0_axi_periph/m11_couplers/auto_cc/inst/gen_clock_conv.gen_async_lite_conv.clock_conv_lite_resp_r/handshake/src_hsdata_ff_reg[12]} \
          {design_1_i/ps7_0_axi_periph/m11_couplers/auto_cc/inst/gen_clock_conv.gen_async_lite_conv.clock_conv_lite_resp_r/handshake/src_hsdata_ff_reg[13]} \
          {design_1_i/ps7_0_axi_periph/m11_couplers/auto_cc/inst/gen_clock_conv.gen_async_lite_conv.clock_conv_lite_resp_r/handshake/src_hsdata_ff_reg[14]} \
          {design_1_i/ps7_0_axi_periph/m11_couplers/auto_cc/inst/gen_clock_conv.gen_async_lite_conv.clock_conv_lite_resp_r/handshake/src_hsdata_ff_reg[15]} \
          {design_1_i/ps7_0_axi_periph/m11_couplers/auto_cc/inst/gen_clock_conv.gen_async_lite_conv.clock_conv_lite_resp_r/handshake/src_hsdata_ff_reg[16]} \
          {design_1_i/ps7_0_axi_periph/m11_couplers/auto_cc/inst/gen_clock_conv.gen_async_lite_conv.clock_conv_lite_resp_r/handshake/src_hsdata_ff_reg[17]} \
          {design_1_i/ps7_0_axi_periph/m11_couplers/auto_cc/inst/gen_clock_conv.gen_async_lite_conv.clock_conv_lite_resp_r/handshake/src_hsdata_ff_reg[18]} \
          {design_1_i/ps7_0_axi_periph/m11_couplers/auto_cc/inst/gen_clock_conv.gen_async_lite_conv.clock_conv_lite_resp_r/handshake/src_hsdata_ff_reg[19]} \
          {design_1_i/ps7_0_axi_periph/m11_couplers/auto_cc/inst/gen_clock_conv.gen_async_lite_conv.clock_conv_lite_resp_r/handshake/src_hsdata_ff_reg[1]} \
          {design_1_i/ps7_0_axi_periph/m11_couplers/auto_cc/inst/gen_clock_conv.gen_async_lite_conv.clock_conv_lite_resp_r/handshake/src_hsdata_ff_reg[20]} \
          {design_1_i/ps7_0_axi_periph/m11_couplers/auto_cc/inst/gen_clock_conv.gen_async_lite_conv.clock_conv_lite_resp_r/handshake/src_hsdata_ff_reg[21]} \
          {design_1_i/ps7_0_axi_periph/m11_couplers/auto_cc/inst/gen_clock_conv.gen_async_lite_conv.clock_conv_lite_resp_r/handshake/src_hsdata_ff_reg[22]} \
          {design_1_i/ps7_0_axi_periph/m11_couplers/auto_cc/inst/gen_clock_conv.gen_async_lite_conv.clock_conv_lite_resp_r/handshake/src_hsdata_ff_reg[23]} \
          {design_1_i/ps7_0_axi_periph/m11_couplers/auto_cc/inst/gen_clock_conv.gen_async_lite_conv.clock_conv_lite_resp_r/handshake/src_hsdata_ff_reg[24]} \
          {design_1_i/ps7_0_axi_periph/m11_couplers/auto_cc/inst/gen_clock_conv.gen_async_lite_conv.clock_conv_lite_resp_r/handshake/src_hsdata_ff_reg[25]} \
          {design_1_i/ps7_0_axi_periph/m11_couplers/auto_cc/inst/gen_clock_conv.gen_async_lite_conv.clock_conv_lite_resp_r/handshake/src_hsdata_ff_reg[26]} \
          {design_1_i/ps7_0_axi_periph/m11_couplers/auto_cc/inst/gen_clock_conv.gen_async_lite_conv.clock_conv_lite_resp_r/handshake/src_hsdata_ff_reg[27]} \
          {design_1_i/ps7_0_axi_periph/m11_couplers/auto_cc/inst/gen_clock_conv.gen_async_lite_conv.clock_conv_lite_resp_r/handshake/src_hsdata_ff_reg[28]} \
          {design_1_i/ps7_0_axi_periph/m11_couplers/auto_cc/inst/gen_clock_conv.gen_async_lite_conv.clock_conv_lite_resp_r/handshake/src_hsdata_ff_reg[29]} \
          {design_1_i/ps7_0_axi_periph/m11_couplers/auto_cc/inst/gen_clock_conv.gen_async_lite_conv.clock_conv_lite_resp_r/handshake/src_hsdata_ff_reg[2]} \
          {design_1_i/ps7_0_axi_periph/m11_couplers/auto_cc/inst/gen_clock_conv.gen_async_lite_conv.clock_conv_lite_resp_r/handshake/src_hsdata_ff_reg[30]} \
          {design_1_i/ps7_0_axi_periph/m11_couplers/auto_cc/inst/gen_clock_conv.gen_async_lite_conv.clock_conv_lite_resp_r/handshake/src_hsdata_ff_reg[31]} \
          {design_1_i/ps7_0_axi_periph/m11_couplers/auto_cc/inst/gen_clock_conv.gen_async_lite_conv.clock_conv_lite_resp_r/handshake/src_hsdata_ff_reg[3]} \
          {design_1_i/ps7_0_axi_periph/m11_couplers/auto_cc/inst/gen_clock_conv.gen_async_lite_conv.clock_conv_lite_resp_r/handshake/src_hsdata_ff_reg[4]} \
          {design_1_i/ps7_0_axi_periph/m11_couplers/auto_cc/inst/gen_clock_conv.gen_async_lite_conv.clock_conv_lite_resp_r/handshake/src_hsdata_ff_reg[5]} \
          {design_1_i/ps7_0_axi_periph/m11_couplers/auto_cc/inst/gen_clock_conv.gen_async_lite_conv.clock_conv_lite_resp_r/handshake/src_hsdata_ff_reg[6]} \
          {design_1_i/ps7_0_axi_periph/m11_couplers/auto_cc/inst/gen_clock_conv.gen_async_lite_conv.clock_conv_lite_resp_r/handshake/src_hsdata_ff_reg[7]} \
          {design_1_i/ps7_0_axi_periph/m11_couplers/auto_cc/inst/gen_clock_conv.gen_async_lite_conv.clock_conv_lite_resp_r/handshake/src_hsdata_ff_reg[8]} \
          {design_1_i/ps7_0_axi_periph/m11_couplers/auto_cc/inst/gen_clock_conv.gen_async_lite_conv.clock_conv_lite_resp_r/handshake/src_hsdata_ff_reg[9]}]] -to [get_cells [list {design_1_i/ps7_0_axi_periph/m11_couplers/auto_cc/inst/gen_clock_conv.gen_async_lite_conv.clock_conv_lite_resp_r/handshake/dest_hsdata_ff_reg[0]} \
          {design_1_i/ps7_0_axi_periph/m11_couplers/auto_cc/inst/gen_clock_conv.gen_async_lite_conv.clock_conv_lite_resp_r/handshake/dest_hsdata_ff_reg[10]} \
          {design_1_i/ps7_0_axi_periph/m11_couplers/auto_cc/inst/gen_clock_conv.gen_async_lite_conv.clock_conv_lite_resp_r/handshake/dest_hsdata_ff_reg[11]} \
          {design_1_i/ps7_0_axi_periph/m11_couplers/auto_cc/inst/gen_clock_conv.gen_async_lite_conv.clock_conv_lite_resp_r/handshake/dest_hsdata_ff_reg[12]} \
          {design_1_i/ps7_0_axi_periph/m11_couplers/auto_cc/inst/gen_clock_conv.gen_async_lite_conv.clock_conv_lite_resp_r/handshake/dest_hsdata_ff_reg[13]} \
          {design_1_i/ps7_0_axi_periph/m11_couplers/auto_cc/inst/gen_clock_conv.gen_async_lite_conv.clock_conv_lite_resp_r/handshake/dest_hsdata_ff_reg[14]} \
          {design_1_i/ps7_0_axi_periph/m11_couplers/auto_cc/inst/gen_clock_conv.gen_async_lite_conv.clock_conv_lite_resp_r/handshake/dest_hsdata_ff_reg[15]} \
          {design_1_i/ps7_0_axi_periph/m11_couplers/auto_cc/inst/gen_clock_conv.gen_async_lite_conv.clock_conv_lite_resp_r/handshake/dest_hsdata_ff_reg[16]} \
          {design_1_i/ps7_0_axi_periph/m11_couplers/auto_cc/inst/gen_clock_conv.gen_async_lite_conv.clock_conv_lite_resp_r/handshake/dest_hsdata_ff_reg[17]} \
          {design_1_i/ps7_0_axi_periph/m11_couplers/auto_cc/inst/gen_clock_conv.gen_async_lite_conv.clock_conv_lite_resp_r/handshake/dest_hsdata_ff_reg[18]} \
          {design_1_i/ps7_0_axi_periph/m11_couplers/auto_cc/inst/gen_clock_conv.gen_async_lite_conv.clock_conv_lite_resp_r/handshake/dest_hsdata_ff_reg[19]} \
          {design_1_i/ps7_0_axi_periph/m11_couplers/auto_cc/inst/gen_clock_conv.gen_async_lite_conv.clock_conv_lite_resp_r/handshake/dest_hsdata_ff_reg[1]} \
          {design_1_i/ps7_0_axi_periph/m11_couplers/auto_cc/inst/gen_clock_conv.gen_async_lite_conv.clock_conv_lite_resp_r/handshake/dest_hsdata_ff_reg[20]} \
          {design_1_i/ps7_0_axi_periph/m11_couplers/auto_cc/inst/gen_clock_conv.gen_async_lite_conv.clock_conv_lite_resp_r/handshake/dest_hsdata_ff_reg[21]} \
          {design_1_i/ps7_0_axi_periph/m11_couplers/auto_cc/inst/gen_clock_conv.gen_async_lite_conv.clock_conv_lite_resp_r/handshake/dest_hsdata_ff_reg[22]} \
          {design_1_i/ps7_0_axi_periph/m11_couplers/auto_cc/inst/gen_clock_conv.gen_async_lite_conv.clock_conv_lite_resp_r/handshake/dest_hsdata_ff_reg[23]} \
          {design_1_i/ps7_0_axi_periph/m11_couplers/auto_cc/inst/gen_clock_conv.gen_async_lite_conv.clock_conv_lite_resp_r/handshake/dest_hsdata_ff_reg[24]} \
          {design_1_i/ps7_0_axi_periph/m11_couplers/auto_cc/inst/gen_clock_conv.gen_async_lite_conv.clock_conv_lite_resp_r/handshake/dest_hsdata_ff_reg[25]} \
          {design_1_i/ps7_0_axi_periph/m11_couplers/auto_cc/inst/gen_clock_conv.gen_async_lite_conv.clock_conv_lite_resp_r/handshake/dest_hsdata_ff_reg[26]} \
          {design_1_i/ps7_0_axi_periph/m11_couplers/auto_cc/inst/gen_clock_conv.gen_async_lite_conv.clock_conv_lite_resp_r/handshake/dest_hsdata_ff_reg[27]} \
          {design_1_i/ps7_0_axi_periph/m11_couplers/auto_cc/inst/gen_clock_conv.gen_async_lite_conv.clock_conv_lite_resp_r/handshake/dest_hsdata_ff_reg[28]} \
          {design_1_i/ps7_0_axi_periph/m11_couplers/auto_cc/inst/gen_clock_conv.gen_async_lite_conv.clock_conv_lite_resp_r/handshake/dest_hsdata_ff_reg[29]} \
          {design_1_i/ps7_0_axi_periph/m11_couplers/auto_cc/inst/gen_clock_conv.gen_async_lite_conv.clock_conv_lite_resp_r/handshake/dest_hsdata_ff_reg[2]} \
          {design_1_i/ps7_0_axi_periph/m11_couplers/auto_cc/inst/gen_clock_conv.gen_async_lite_conv.clock_conv_lite_resp_r/handshake/dest_hsdata_ff_reg[30]} \
          {design_1_i/ps7_0_axi_periph/m11_couplers/auto_cc/inst/gen_clock_conv.gen_async_lite_conv.clock_conv_lite_resp_r/handshake/dest_hsdata_ff_reg[31]} \
          {design_1_i/ps7_0_axi_periph/m11_couplers/auto_cc/inst/gen_clock_conv.gen_async_lite_conv.clock_conv_lite_resp_r/handshake/dest_hsdata_ff_reg[32]} \
          {design_1_i/ps7_0_axi_periph/m11_couplers/auto_cc/inst/gen_clock_conv.gen_async_lite_conv.clock_conv_lite_resp_r/handshake/dest_hsdata_ff_reg[33]} \
          {design_1_i/ps7_0_axi_periph/m11_couplers/auto_cc/inst/gen_clock_conv.gen_async_lite_conv.clock_conv_lite_resp_r/handshake/dest_hsdata_ff_reg[3]} \
          {design_1_i/ps7_0_axi_periph/m11_couplers/auto_cc/inst/gen_clock_conv.gen_async_lite_conv.clock_conv_lite_resp_r/handshake/dest_hsdata_ff_reg[4]} \
          {design_1_i/ps7_0_axi_periph/m11_couplers/auto_cc/inst/gen_clock_conv.gen_async_lite_conv.clock_conv_lite_resp_r/handshake/dest_hsdata_ff_reg[5]} \
          {design_1_i/ps7_0_axi_periph/m11_couplers/auto_cc/inst/gen_clock_conv.gen_async_lite_conv.clock_conv_lite_resp_r/handshake/dest_hsdata_ff_reg[6]} \
          {design_1_i/ps7_0_axi_periph/m11_couplers/auto_cc/inst/gen_clock_conv.gen_async_lite_conv.clock_conv_lite_resp_r/handshake/dest_hsdata_ff_reg[7]} \
          {design_1_i/ps7_0_axi_periph/m11_couplers/auto_cc/inst/gen_clock_conv.gen_async_lite_conv.clock_conv_lite_resp_r/handshake/dest_hsdata_ff_reg[8]} \
          {design_1_i/ps7_0_axi_periph/m11_couplers/auto_cc/inst/gen_clock_conv.gen_async_lite_conv.clock_conv_lite_resp_r/handshake/dest_hsdata_ff_reg[9]}]] 30.000
Requirement: 30.000ns
Endpoints: 32

From Clock            To Clock              Endpoint Pin                    Reference Pin                   Corner  Actual(ns)  Slack(ns)
--------------------  --------------------  ------------------------------  ------------------------------  ------  ----------  ---------
hdmi_pclk_design_1_clk_wiz_dyn_0
                      clk_fpga_0            design_1_i/ps7_0_axi_periph/m11_couplers/auto_cc/inst/gen_clock_conv.gen_async_lite_conv.clock_conv_lite_resp_r/handshake/dest_hsdata_ff_reg[24]/D
                                                                            design_1_i/ps7_0_axi_periph/m11_couplers/auto_cc/inst/gen_clock_conv.gen_async_lite_conv.clock_conv_lite_resp_r/handshake/dest_hsdata_ff_reg[11]/D
                                                                                                            Slow         1.174     28.826


Slack (MET) :             28.826ns  (requirement - actual skew)
  Endpoint Source:        design_1_i/ps7_0_axi_periph/m11_couplers/auto_cc/inst/gen_clock_conv.gen_async_lite_conv.clock_conv_lite_resp_r/handshake/src_hsdata_ff_reg[24]/C
                            (rising edge-triggered cell FDRE clocked by hdmi_pclk_design_1_clk_wiz_dyn_0)
  Endpoint Destination:   design_1_i/ps7_0_axi_periph/m11_couplers/auto_cc/inst/gen_clock_conv.gen_async_lite_conv.clock_conv_lite_resp_r/handshake/dest_hsdata_ff_reg[24]/D
                            (rising edge-triggered cell FDRE clocked by clk_fpga_0)
  Reference Source:       design_1_i/ps7_0_axi_periph/m11_couplers/auto_cc/inst/gen_clock_conv.gen_async_lite_conv.clock_conv_lite_resp_r/handshake/src_hsdata_ff_reg[11]/C
                            (rising edge-triggered cell FDRE clocked by hdmi_pclk_design_1_clk_wiz_dyn_0)
  Reference Destination:  design_1_i/ps7_0_axi_periph/m11_couplers/auto_cc/inst/gen_clock_conv.gen_async_lite_conv.clock_conv_lite_resp_r/handshake/dest_hsdata_ff_reg[11]/D
                            (rising edge-triggered cell FDRE clocked by clk_fpga_0)
  Path Type:              Bus Skew (Max at Slow Process Corner)
  Requirement:            30.000ns
  Endpoint Relative Delay:    5.101ns
  Reference Relative Delay:   3.382ns
  Relative CRPR:              0.544ns
  Actual Bus Skew:            1.174ns  (Endpoint Relative Delay - Reference Relative Delay - Relative CRPR)

Endpoint path:
    Location             Delay type                Incr(ns)  Path(ns)    Netlist Resource(s)
  -------------------------------------------------------------------    -------------------
                         (clock hdmi_pclk_design_1_clk_wiz_dyn_0 rise edge)
                                                      0.000     0.000 r  
    PS7_X0Y0             PS7                          0.000     0.000 r  design_1_i/processing_system7_0/inst/PS7_i/FCLKCLK[0]
                         net (fo=1, routed)           0.994     0.994    design_1_i/processing_system7_0/inst/FCLK_CLK_unbuffered[0]
    BUFGCTRL_X0Y17       BUFG (Prop_bufg_I_O)         0.085     1.079 r  design_1_i/processing_system7_0/inst/buffer_fclk_clk_0.FCLK_CLK_0_BUFG/O
                         net (fo=14268, routed)       1.552     2.631    design_1_i/hdmi_out/clk_wiz_dyn/inst/CLK_CORE_DRP_I/clk_inst/s_axi_aclk
    MMCME2_ADV_X1Y0      MMCME2_ADV (Prop_mmcme2_adv_CLKIN1_CLKOUT0)
                                                      0.077     2.708 r  design_1_i/hdmi_out/clk_wiz_dyn/inst/CLK_CORE_DRP_I/clk_inst/mmcm_adv_inst/CLKOUT0
                         net (fo=1, routed)           1.597     4.305    design_1_i/hdmi_out/clk_wiz_dyn/inst/CLK_CORE_DRP_I/clk_inst/hdmi_pclk_design_1_clk_wiz_dyn_0
    BUFGCTRL_X0Y0        BUFG (Prop_bufg_I_O)         0.085     4.390 r  design_1_i/hdmi_out/clk_wiz_dyn/inst/CLK_CORE_DRP_I/clk_inst/clkout1_buf/O
                         net (fo=5890, routed)        1.439     5.829    design_1_i/ps7_0_axi_periph/m11_couplers/auto_cc/inst/gen_clock_conv.gen_async_lite_conv.clock_conv_lite_resp_r/handshake/src_clk
    SLICE_X58Y62         FDRE                                         r  design_1_i/ps7_0_axi_periph/m11_couplers/auto_cc/inst/gen_clock_conv.gen_async_lite_conv.clock_conv_lite_resp_r/handshake/src_hsdata_ff_reg[24]/C
  -------------------------------------------------------------------    -------------------
    SLICE_X58Y62         FDRE (Prop_fdre_C_Q)         0.398     6.227 r  design_1_i/ps7_0_axi_periph/m11_couplers/auto_cc/inst/gen_clock_conv.gen_async_lite_conv.clock_conv_lite_resp_r/handshake/src_hsdata_ff_reg[24]/Q
                         net (fo=1, routed)           1.052     7.279    design_1_i/ps7_0_axi_periph/m11_couplers/auto_cc/inst/gen_clock_conv.gen_async_lite_conv.clock_conv_lite_resp_r/handshake/src_hsdata_ff[24]
    SLICE_X80Y68         FDRE                                         r  design_1_i/ps7_0_axi_periph/m11_couplers/auto_cc/inst/gen_clock_conv.gen_async_lite_conv.clock_conv_lite_resp_r/handshake/dest_hsdata_ff_reg[24]/D
  -------------------------------------------------------------------    -------------------

                         (clock clk_fpga_0 rise edge)
                                                      0.000     0.000 r  
    PS7_X0Y0             PS7                          0.000     0.000 r  design_1_i/processing_system7_0/inst/PS7_i/FCLKCLK[0]
                         net (fo=1, routed)           0.905     0.905    design_1_i/processing_system7_0/inst/FCLK_CLK_unbuffered[0]
    BUFGCTRL_X0Y17       BUFG (Prop_bufg_I_O)         0.077     0.982 r  design_1_i/processing_system7_0/inst/buffer_fclk_clk_0.FCLK_CLK_0_BUFG/O
                         net (fo=14268, routed)       1.285     2.268    design_1_i/ps7_0_axi_periph/m11_couplers/auto_cc/inst/gen_clock_conv.gen_async_lite_conv.clock_conv_lite_resp_r/handshake/dest_clk
    SLICE_X80Y68         FDRE                                         r  design_1_i/ps7_0_axi_periph/m11_couplers/auto_cc/inst/gen_clock_conv.gen_async_lite_conv.clock_conv_lite_resp_r/handshake/dest_hsdata_ff_reg[24]/C
                         clock pessimism              0.097     2.364    
    SLICE_X80Y68         FDRE (Setup_fdre_C_D)       -0.186     2.178    design_1_i/ps7_0_axi_periph/m11_couplers/auto_cc/inst/gen_clock_conv.gen_async_lite_conv.clock_conv_lite_resp_r/handshake/dest_hsdata_ff_reg[24]
  -------------------------------------------------------------------
                         data arrival                           7.279    
                         clock arrival                          2.178    
  -------------------------------------------------------------------
                         relative delay                         5.101    

Reference path:
    Location             Delay type                Incr(ns)  Path(ns)    Netlist Resource(s)
  -------------------------------------------------------------------    -------------------
                         (clock hdmi_pclk_design_1_clk_wiz_dyn_0 rise edge)
                                                      0.000     0.000 r  
    PS7_X0Y0             PS7                          0.000     0.000 r  design_1_i/processing_system7_0/inst/PS7_i/FCLKCLK[0]
                         net (fo=1, routed)           0.905     0.905    design_1_i/processing_system7_0/inst/FCLK_CLK_unbuffered[0]
    BUFGCTRL_X0Y17       BUFG (Prop_bufg_I_O)         0.077     0.982 r  design_1_i/processing_system7_0/inst/buffer_fclk_clk_0.FCLK_CLK_0_BUFG/O
                         net (fo=14268, routed)       1.386     2.368    design_1_i/hdmi_out/clk_wiz_dyn/inst/CLK_CORE_DRP_I/clk_inst/s_axi_aclk
    MMCME2_ADV_X1Y0      MMCME2_ADV (Prop_mmcme2_adv_CLKIN1_CLKOUT0)
                                                      0.073     2.441 r  design_1_i/hdmi_out/clk_wiz_dyn/inst/CLK_CORE_DRP_I/clk_inst/mmcm_adv_inst/CLKOUT0
                         net (fo=1, routed)           1.454     3.896    design_1_i/hdmi_out/clk_wiz_dyn/inst/CLK_CORE_DRP_I/clk_inst/hdmi_pclk_design_1_clk_wiz_dyn_0
    BUFGCTRL_X0Y0        BUFG (Prop_bufg_I_O)         0.077     3.973 r  design_1_i/hdmi_out/clk_wiz_dyn/inst/CLK_CORE_DRP_I/clk_inst/clkout1_buf/O
                         net (fo=5890, routed)        1.286     5.259    design_1_i/ps7_0_axi_periph/m11_couplers/auto_cc/inst/gen_clock_conv.gen_async_lite_conv.clock_conv_lite_resp_r/handshake/src_clk
    SLICE_X58Y59         FDRE                                         r  design_1_i/ps7_0_axi_periph/m11_couplers/auto_cc/inst/gen_clock_conv.gen_async_lite_conv.clock_conv_lite_resp_r/handshake/src_hsdata_ff_reg[11]/C
  -------------------------------------------------------------------    -------------------
    SLICE_X58Y59         FDRE (Prop_fdre_C_Q)         0.347     5.606 r  design_1_i/ps7_0_axi_periph/m11_couplers/auto_cc/inst/gen_clock_conv.gen_async_lite_conv.clock_conv_lite_resp_r/handshake/src_hsdata_ff_reg[11]/Q
                         net (fo=1, routed)           0.353     5.959    design_1_i/ps7_0_axi_periph/m11_couplers/auto_cc/inst/gen_clock_conv.gen_async_lite_conv.clock_conv_lite_resp_r/handshake/src_hsdata_ff[11]
    SLICE_X61Y64         FDRE                                         r  design_1_i/ps7_0_axi_periph/m11_couplers/auto_cc/inst/gen_clock_conv.gen_async_lite_conv.clock_conv_lite_resp_r/handshake/dest_hsdata_ff_reg[11]/D
  -------------------------------------------------------------------    -------------------

                         (clock clk_fpga_0 rise edge)
                                                      0.000     0.000 r  
    PS7_X0Y0             PS7                          0.000     0.000 r  design_1_i/processing_system7_0/inst/PS7_i/FCLKCLK[0]
                         net (fo=1, routed)           0.994     0.994    design_1_i/processing_system7_0/inst/FCLK_CLK_unbuffered[0]
    BUFGCTRL_X0Y17       BUFG (Prop_bufg_I_O)         0.085     1.079 r  design_1_i/processing_system7_0/inst/buffer_fclk_clk_0.FCLK_CLK_0_BUFG/O
                         net (fo=14268, routed)       1.437     2.516    design_1_i/ps7_0_axi_periph/m11_couplers/auto_cc/inst/gen_clock_conv.gen_async_lite_conv.clock_conv_lite_resp_r/handshake/dest_clk
    SLICE_X61Y64         FDRE                                         r  design_1_i/ps7_0_axi_periph/m11_couplers/auto_cc/inst/gen_clock_conv.gen_async_lite_conv.clock_conv_lite_resp_r/handshake/dest_hsdata_ff_reg[11]/C
                         clock pessimism             -0.097     2.419    
    SLICE_X61Y64         FDRE (Hold_fdre_C_D)         0.158     2.577    design_1_i/ps7_0_axi_periph/m11_couplers/auto_cc/inst/gen_clock_conv.gen_async_lite_conv.clock_conv_lite_resp_r/handshake/dest_hsdata_ff_reg[11]
  -------------------------------------------------------------------
                         data arrival                           5.959    
                         clock arrival                          2.577    
  -------------------------------------------------------------------
                         relative delay                         3.382    



Id: 24
set_bus_skew -from [get_cells [list {design_1_i/ps7_0_axi_periph/m11_couplers/auto_cc/inst/gen_clock_conv.gen_async_lite_conv.clock_conv_lite_fwd_ar/handshake/src_hsdata_ff_reg[0]} {design_1_i/ps7_0_axi_periph/m11_couplers/auto_cc/inst/gen_clock_conv.gen_async_lite_conv.clock_conv_lite_fwd_ar/handshake/src_hsdata_ff_reg[1]} {design_1_i/ps7_0_axi_periph/m11_couplers/auto_cc/inst/gen_clock_conv.gen_async_lite_conv.clock_conv_lite_fwd_ar/handshake/src_hsdata_ff_reg[2]} {design_1_i/ps7_0_axi_periph/m11_couplers/auto_cc/inst/gen_clock_conv.gen_async_lite_conv.clock_conv_lite_fwd_ar/handshake/src_hsdata_ff_reg[3]} {design_1_i/ps7_0_axi_periph/m11_couplers/auto_cc/inst/gen_clock_conv.gen_async_lite_conv.clock_conv_lite_fwd_ar/handshake/src_hsdata_ff_reg[4]} {design_1_i/ps7_0_axi_periph/m11_couplers/auto_cc/inst/gen_clock_conv.gen_async_lite_conv.clock_conv_lite_fwd_ar/handshake/src_hsdata_ff_reg[5]} {design_1_i/ps7_0_axi_periph/m11_couplers/auto_cc/inst/gen_clock_conv.gen_async_lite_conv.clock_conv_lite_fwd_ar/handshake/src_hsdata_ff_reg[6]}]] -to [get_cells [list {design_1_i/ps7_0_axi_periph/m11_couplers/auto_cc/inst/gen_clock_conv.gen_async_lite_conv.clock_conv_lite_fwd_ar/handshake/dest_hsdata_ff_reg[0]} {design_1_i/ps7_0_axi_periph/m11_couplers/auto_cc/inst/gen_clock_conv.gen_async_lite_conv.clock_conv_lite_fwd_ar/handshake/dest_hsdata_ff_reg[1]} {design_1_i/ps7_0_axi_periph/m11_couplers/auto_cc/inst/gen_clock_conv.gen_async_lite_conv.clock_conv_lite_fwd_ar/handshake/dest_hsdata_ff_reg[2]} {design_1_i/ps7_0_axi_periph/m11_couplers/auto_cc/inst/gen_clock_conv.gen_async_lite_conv.clock_conv_lite_fwd_ar/handshake/dest_hsdata_ff_reg[3]} {design_1_i/ps7_0_axi_periph/m11_couplers/auto_cc/inst/gen_clock_conv.gen_async_lite_conv.clock_conv_lite_fwd_ar/handshake/dest_hsdata_ff_reg[4]} {design_1_i/ps7_0_axi_periph/m11_couplers/auto_cc/inst/gen_clock_conv.gen_async_lite_conv.clock_conv_lite_fwd_ar/handshake/dest_hsdata_ff_reg[5]} {design_1_i/ps7_0_axi_periph/m11_couplers/auto_cc/inst/gen_clock_conv.gen_async_lite_conv.clock_conv_lite_fwd_ar/handshake/dest_hsdata_ff_reg[6]}]] 20.202
Requirement: 20.202ns
Endpoints: 7

From Clock            To Clock              Endpoint Pin                    Reference Pin                   Corner  Actual(ns)  Slack(ns)
--------------------  --------------------  ------------------------------  ------------------------------  ------  ----------  ---------
clk_fpga_0            hdmi_pclk_design_1_clk_wiz_dyn_0
                                            design_1_i/ps7_0_axi_periph/m11_couplers/auto_cc/inst/gen_clock_conv.gen_async_lite_conv.clock_conv_lite_fwd_ar/handshake/dest_hsdata_ff_reg[0]/D
                                                                            design_1_i/ps7_0_axi_periph/m11_couplers/auto_cc/inst/gen_clock_conv.gen_async_lite_conv.clock_conv_lite_fwd_ar/handshake/dest_hsdata_ff_reg[3]/D
                                                                                                            Slow         0.845     19.357


Slack (MET) :             19.357ns  (requirement - actual skew)
  Endpoint Source:        design_1_i/ps7_0_axi_periph/m11_couplers/auto_cc/inst/gen_clock_conv.gen_async_lite_conv.clock_conv_lite_fwd_ar/handshake/src_hsdata_ff_reg[0]/C
                            (rising edge-triggered cell FDRE clocked by clk_fpga_0)
  Endpoint Destination:   design_1_i/ps7_0_axi_periph/m11_couplers/auto_cc/inst/gen_clock_conv.gen_async_lite_conv.clock_conv_lite_fwd_ar/handshake/dest_hsdata_ff_reg[0]/D
                            (rising edge-triggered cell FDRE clocked by hdmi_pclk_design_1_clk_wiz_dyn_0)
  Reference Source:       design_1_i/ps7_0_axi_periph/m11_couplers/auto_cc/inst/gen_clock_conv.gen_async_lite_conv.clock_conv_lite_fwd_ar/handshake/src_hsdata_ff_reg[3]/C
                            (rising edge-triggered cell FDRE clocked by clk_fpga_0)
  Reference Destination:  design_1_i/ps7_0_axi_periph/m11_couplers/auto_cc/inst/gen_clock_conv.gen_async_lite_conv.clock_conv_lite_fwd_ar/handshake/dest_hsdata_ff_reg[3]/D
                            (rising edge-triggered cell FDRE clocked by hdmi_pclk_design_1_clk_wiz_dyn_0)
  Path Type:              Bus Skew (Max at Slow Process Corner)
  Requirement:            20.202ns
  Endpoint Relative Delay:   -1.435ns
  Reference Relative Delay:  -2.913ns
  Relative CRPR:              0.633ns
  Actual Bus Skew:            0.845ns  (Endpoint Relative Delay - Reference Relative Delay - Relative CRPR)

Endpoint path:
    Location             Delay type                Incr(ns)  Path(ns)    Netlist Resource(s)
  -------------------------------------------------------------------    -------------------
                         (clock clk_fpga_0 rise edge)
                                                      0.000     0.000 r  
    PS7_X0Y0             PS7                          0.000     0.000 r  design_1_i/processing_system7_0/inst/PS7_i/FCLKCLK[0]
                         net (fo=1, routed)           0.994     0.994    design_1_i/processing_system7_0/inst/FCLK_CLK_unbuffered[0]
    BUFGCTRL_X0Y17       BUFG (Prop_bufg_I_O)         0.085     1.079 r  design_1_i/processing_system7_0/inst/buffer_fclk_clk_0.FCLK_CLK_0_BUFG/O
                         net (fo=14268, routed)       1.408     2.487    design_1_i/ps7_0_axi_periph/m11_couplers/auto_cc/inst/gen_clock_conv.gen_async_lite_conv.clock_conv_lite_fwd_ar/handshake/src_clk
    SLICE_X45Y46         FDRE                                         r  design_1_i/ps7_0_axi_periph/m11_couplers/auto_cc/inst/gen_clock_conv.gen_async_lite_conv.clock_conv_lite_fwd_ar/handshake/src_hsdata_ff_reg[0]/C
  -------------------------------------------------------------------    -------------------
    SLICE_X45Y46         FDRE (Prop_fdre_C_Q)         0.379     2.866 r  design_1_i/ps7_0_axi_periph/m11_couplers/auto_cc/inst/gen_clock_conv.gen_async_lite_conv.clock_conv_lite_fwd_ar/handshake/src_hsdata_ff_reg[0]/Q
                         net (fo=1, routed)           0.937     3.803    design_1_i/ps7_0_axi_periph/m11_couplers/auto_cc/inst/gen_clock_conv.gen_async_lite_conv.clock_conv_lite_fwd_ar/handshake/src_hsdata_ff[0]
    SLICE_X44Y46         FDRE                                         r  design_1_i/ps7_0_axi_periph/m11_couplers/auto_cc/inst/gen_clock_conv.gen_async_lite_conv.clock_conv_lite_fwd_ar/handshake/dest_hsdata_ff_reg[0]/D
  -------------------------------------------------------------------    -------------------

                         (clock hdmi_pclk_design_1_clk_wiz_dyn_0 rise edge)
                                                      0.000     0.000 r  
    PS7_X0Y0             PS7                          0.000     0.000 r  design_1_i/processing_system7_0/inst/PS7_i/FCLKCLK[0]
                         net (fo=1, routed)           0.905     0.905    design_1_i/processing_system7_0/inst/FCLK_CLK_unbuffered[0]
    BUFGCTRL_X0Y17       BUFG (Prop_bufg_I_O)         0.077     0.982 r  design_1_i/processing_system7_0/inst/buffer_fclk_clk_0.FCLK_CLK_0_BUFG/O
                         net (fo=14268, routed)       1.386     2.368    design_1_i/hdmi_out/clk_wiz_dyn/inst/CLK_CORE_DRP_I/clk_inst/s_axi_aclk
    MMCME2_ADV_X1Y0      MMCME2_ADV (Prop_mmcme2_adv_CLKIN1_CLKOUT0)
                                                      0.073     2.441 r  design_1_i/hdmi_out/clk_wiz_dyn/inst/CLK_CORE_DRP_I/clk_inst/mmcm_adv_inst/CLKOUT0
                         net (fo=1, routed)           1.454     3.896    design_1_i/hdmi_out/clk_wiz_dyn/inst/CLK_CORE_DRP_I/clk_inst/hdmi_pclk_design_1_clk_wiz_dyn_0
    BUFGCTRL_X0Y0        BUFG (Prop_bufg_I_O)         0.077     3.973 r  design_1_i/hdmi_out/clk_wiz_dyn/inst/CLK_CORE_DRP_I/clk_inst/clkout1_buf/O
                         net (fo=5890, routed)        1.250     5.223    design_1_i/ps7_0_axi_periph/m11_couplers/auto_cc/inst/gen_clock_conv.gen_async_lite_conv.clock_conv_lite_fwd_ar/handshake/dest_clk
    SLICE_X44Y46         FDRE                                         r  design_1_i/ps7_0_axi_periph/m11_couplers/auto_cc/inst/gen_clock_conv.gen_async_lite_conv.clock_conv_lite_fwd_ar/handshake/dest_hsdata_ff_reg[0]/C
                         clock pessimism              0.097     5.319    
    SLICE_X44Y46         FDRE (Setup_fdre_C_D)       -0.081     5.238    design_1_i/ps7_0_axi_periph/m11_couplers/auto_cc/inst/gen_clock_conv.gen_async_lite_conv.clock_conv_lite_fwd_ar/handshake/dest_hsdata_ff_reg[0]
  -------------------------------------------------------------------
                         data arrival                           3.803    
                         clock arrival                          5.238    
  -------------------------------------------------------------------
                         relative delay                        -1.435    

Reference path:
    Location             Delay type                Incr(ns)  Path(ns)    Netlist Resource(s)
  -------------------------------------------------------------------    -------------------
                         (clock clk_fpga_0 rise edge)
                                                      0.000     0.000 r  
    PS7_X0Y0             PS7                          0.000     0.000 r  design_1_i/processing_system7_0/inst/PS7_i/FCLKCLK[0]
                         net (fo=1, routed)           0.905     0.905    design_1_i/processing_system7_0/inst/FCLK_CLK_unbuffered[0]
    BUFGCTRL_X0Y17       BUFG (Prop_bufg_I_O)         0.077     0.982 r  design_1_i/processing_system7_0/inst/buffer_fclk_clk_0.FCLK_CLK_0_BUFG/O
                         net (fo=14268, routed)       1.252     2.234    design_1_i/ps7_0_axi_periph/m11_couplers/auto_cc/inst/gen_clock_conv.gen_async_lite_conv.clock_conv_lite_fwd_ar/handshake/src_clk
    SLICE_X45Y46         FDRE                                         r  design_1_i/ps7_0_axi_periph/m11_couplers/auto_cc/inst/gen_clock_conv.gen_async_lite_conv.clock_conv_lite_fwd_ar/handshake/src_hsdata_ff_reg[3]/C
  -------------------------------------------------------------------    -------------------
    SLICE_X45Y46         FDRE (Prop_fdre_C_Q)         0.304     2.538 r  design_1_i/ps7_0_axi_periph/m11_couplers/auto_cc/inst/gen_clock_conv.gen_async_lite_conv.clock_conv_lite_fwd_ar/handshake/src_hsdata_ff_reg[3]/Q
                         net (fo=1, routed)           0.412     2.950    design_1_i/ps7_0_axi_periph/m11_couplers/auto_cc/inst/gen_clock_conv.gen_async_lite_conv.clock_conv_lite_fwd_ar/handshake/src_hsdata_ff[3]
    SLICE_X44Y46         FDRE                                         r  design_1_i/ps7_0_axi_periph/m11_couplers/auto_cc/inst/gen_clock_conv.gen_async_lite_conv.clock_conv_lite_fwd_ar/handshake/dest_hsdata_ff_reg[3]/D
  -------------------------------------------------------------------    -------------------

                         (clock hdmi_pclk_design_1_clk_wiz_dyn_0 rise edge)
                                                      0.000     0.000 r  
    PS7_X0Y0             PS7                          0.000     0.000 r  design_1_i/processing_system7_0/inst/PS7_i/FCLKCLK[0]
                         net (fo=1, routed)           0.994     0.994    design_1_i/processing_system7_0/inst/FCLK_CLK_unbuffered[0]
    BUFGCTRL_X0Y17       BUFG (Prop_bufg_I_O)         0.085     1.079 r  design_1_i/processing_system7_0/inst/buffer_fclk_clk_0.FCLK_CLK_0_BUFG/O
                         net (fo=14268, routed)       1.552     2.631    design_1_i/hdmi_out/clk_wiz_dyn/inst/CLK_CORE_DRP_I/clk_inst/s_axi_aclk
    MMCME2_ADV_X1Y0      MMCME2_ADV (Prop_mmcme2_adv_CLKIN1_CLKOUT0)
                                                      0.077     2.708 r  design_1_i/hdmi_out/clk_wiz_dyn/inst/CLK_CORE_DRP_I/clk_inst/mmcm_adv_inst/CLKOUT0
                         net (fo=1, routed)           1.597     4.305    design_1_i/hdmi_out/clk_wiz_dyn/inst/CLK_CORE_DRP_I/clk_inst/hdmi_pclk_design_1_clk_wiz_dyn_0
    BUFGCTRL_X0Y0        BUFG (Prop_bufg_I_O)         0.085     4.390 r  design_1_i/hdmi_out/clk_wiz_dyn/inst/CLK_CORE_DRP_I/clk_inst/clkout1_buf/O
                         net (fo=5890, routed)        1.406     5.796    design_1_i/ps7_0_axi_periph/m11_couplers/auto_cc/inst/gen_clock_conv.gen_async_lite_conv.clock_conv_lite_fwd_ar/handshake/dest_clk
    SLICE_X44Y46         FDRE                                         r  design_1_i/ps7_0_axi_periph/m11_couplers/auto_cc/inst/gen_clock_conv.gen_async_lite_conv.clock_conv_lite_fwd_ar/handshake/dest_hsdata_ff_reg[3]/C
                         clock pessimism             -0.097     5.700    
    SLICE_X44Y46         FDRE (Hold_fdre_C_D)         0.164     5.864    design_1_i/ps7_0_axi_periph/m11_couplers/auto_cc/inst/gen_clock_conv.gen_async_lite_conv.clock_conv_lite_fwd_ar/handshake/dest_hsdata_ff_reg[3]
  -------------------------------------------------------------------
                         data arrival                           2.950    
                         clock arrival                          5.864    
  -------------------------------------------------------------------
                         relative delay                        -2.913    



Id: 25
set_bus_skew -from [get_cells [list {design_1_i/ps7_0_axi_periph/m06_couplers/auto_cc/inst/gen_clock_conv.gen_async_lite_conv.clock_conv_lite_fwd_aw/handshake/src_hsdata_ff_reg[0]} {design_1_i/ps7_0_axi_periph/m06_couplers/auto_cc/inst/gen_clock_conv.gen_async_lite_conv.clock_conv_lite_fwd_aw/handshake/src_hsdata_ff_reg[1]} {design_1_i/ps7_0_axi_periph/m06_couplers/auto_cc/inst/gen_clock_conv.gen_async_lite_conv.clock_conv_lite_fwd_aw/handshake/src_hsdata_ff_reg[2]} {design_1_i/ps7_0_axi_periph/m06_couplers/auto_cc/inst/gen_clock_conv.gen_async_lite_conv.clock_conv_lite_fwd_aw/handshake/src_hsdata_ff_reg[3]} {design_1_i/ps7_0_axi_periph/m06_couplers/auto_cc/inst/gen_clock_conv.gen_async_lite_conv.clock_conv_lite_fwd_aw/handshake/src_hsdata_ff_reg[4]} {design_1_i/ps7_0_axi_periph/m06_couplers/auto_cc/inst/gen_clock_conv.gen_async_lite_conv.clock_conv_lite_fwd_aw/handshake/src_hsdata_ff_reg[5]} {design_1_i/ps7_0_axi_periph/m06_couplers/auto_cc/inst/gen_clock_conv.gen_async_lite_conv.clock_conv_lite_fwd_aw/handshake/src_hsdata_ff_reg[6]}]] -to [get_cells [list {design_1_i/ps7_0_axi_periph/m06_couplers/auto_cc/inst/gen_clock_conv.gen_async_lite_conv.clock_conv_lite_fwd_aw/handshake/dest_hsdata_ff_reg[0]} {design_1_i/ps7_0_axi_periph/m06_couplers/auto_cc/inst/gen_clock_conv.gen_async_lite_conv.clock_conv_lite_fwd_aw/handshake/dest_hsdata_ff_reg[1]} {design_1_i/ps7_0_axi_periph/m06_couplers/auto_cc/inst/gen_clock_conv.gen_async_lite_conv.clock_conv_lite_fwd_aw/handshake/dest_hsdata_ff_reg[2]} {design_1_i/ps7_0_axi_periph/m06_couplers/auto_cc/inst/gen_clock_conv.gen_async_lite_conv.clock_conv_lite_fwd_aw/handshake/dest_hsdata_ff_reg[3]} {design_1_i/ps7_0_axi_periph/m06_couplers/auto_cc/inst/gen_clock_conv.gen_async_lite_conv.clock_conv_lite_fwd_aw/handshake/dest_hsdata_ff_reg[4]} {design_1_i/ps7_0_axi_periph/m06_couplers/auto_cc/inst/gen_clock_conv.gen_async_lite_conv.clock_conv_lite_fwd_aw/handshake/dest_hsdata_ff_reg[5]} {design_1_i/ps7_0_axi_periph/m06_couplers/auto_cc/inst/gen_clock_conv.gen_async_lite_conv.clock_conv_lite_fwd_aw/handshake/dest_hsdata_ff_reg[6]}]] 19.686
Requirement: 19.686ns
Endpoints: 7

From Clock            To Clock              Endpoint Pin                    Reference Pin                   Corner  Actual(ns)  Slack(ns)
--------------------  --------------------  ------------------------------  ------------------------------  ------  ----------  ---------
clk_fpga_0            clk_fpga_1            design_1_i/ps7_0_axi_periph/m06_couplers/auto_cc/inst/gen_clock_conv.gen_async_lite_conv.clock_conv_lite_fwd_aw/handshake/dest_hsdata_ff_reg[5]/D
                                                                            design_1_i/ps7_0_axi_periph/m06_couplers/auto_cc/inst/gen_clock_conv.gen_async_lite_conv.clock_conv_lite_fwd_aw/handshake/dest_hsdata_ff_reg[1]/D
                                                                                                            Slow         0.806     18.880


Slack (MET) :             18.880ns  (requirement - actual skew)
  Endpoint Source:        design_1_i/ps7_0_axi_periph/m06_couplers/auto_cc/inst/gen_clock_conv.gen_async_lite_conv.clock_conv_lite_fwd_aw/handshake/src_hsdata_ff_reg[5]/C
                            (rising edge-triggered cell FDRE clocked by clk_fpga_0)
  Endpoint Destination:   design_1_i/ps7_0_axi_periph/m06_couplers/auto_cc/inst/gen_clock_conv.gen_async_lite_conv.clock_conv_lite_fwd_aw/handshake/dest_hsdata_ff_reg[5]/D
                            (rising edge-triggered cell FDRE clocked by clk_fpga_1)
  Reference Source:       design_1_i/ps7_0_axi_periph/m06_couplers/auto_cc/inst/gen_clock_conv.gen_async_lite_conv.clock_conv_lite_fwd_aw/handshake/src_hsdata_ff_reg[1]/C
                            (rising edge-triggered cell FDRE clocked by clk_fpga_0)
  Reference Destination:  design_1_i/ps7_0_axi_periph/m06_couplers/auto_cc/inst/gen_clock_conv.gen_async_lite_conv.clock_conv_lite_fwd_aw/handshake/dest_hsdata_ff_reg[1]/D
                            (rising edge-triggered cell FDRE clocked by clk_fpga_1)
  Path Type:              Bus Skew (Max at Slow Process Corner)
  Requirement:            19.686ns
  Endpoint Relative Delay:    1.538ns
  Reference Relative Delay:   0.223ns
  Relative CRPR:              0.509ns
  Actual Bus Skew:            0.806ns  (Endpoint Relative Delay - Reference Relative Delay - Relative CRPR)

Endpoint path:
    Location             Delay type                Incr(ns)  Path(ns)    Netlist Resource(s)
  -------------------------------------------------------------------    -------------------
                         (clock clk_fpga_0 rise edge)
                                                      0.000     0.000 r  
    PS7_X0Y0             PS7                          0.000     0.000 r  design_1_i/processing_system7_0/inst/PS7_i/FCLKCLK[0]
                         net (fo=1, routed)           0.994     0.994    design_1_i/processing_system7_0/inst/FCLK_CLK_unbuffered[0]
    BUFGCTRL_X0Y17       BUFG (Prop_bufg_I_O)         0.085     1.079 r  design_1_i/processing_system7_0/inst/buffer_fclk_clk_0.FCLK_CLK_0_BUFG/O
                         net (fo=14268, routed)       1.444     2.523    design_1_i/ps7_0_axi_periph/m06_couplers/auto_cc/inst/gen_clock_conv.gen_async_lite_conv.clock_conv_lite_fwd_aw/handshake/src_clk
    SLICE_X61Y51         FDRE                                         r  design_1_i/ps7_0_axi_periph/m06_couplers/auto_cc/inst/gen_clock_conv.gen_async_lite_conv.clock_conv_lite_fwd_aw/handshake/src_hsdata_ff_reg[5]/C
  -------------------------------------------------------------------    -------------------
    SLICE_X61Y51         FDRE (Prop_fdre_C_Q)         0.348     2.871 r  design_1_i/ps7_0_axi_periph/m06_couplers/auto_cc/inst/gen_clock_conv.gen_async_lite_conv.clock_conv_lite_fwd_aw/handshake/src_hsdata_ff_reg[5]/Q
                         net (fo=1, routed)           0.757     3.628    design_1_i/ps7_0_axi_periph/m06_couplers/auto_cc/inst/gen_clock_conv.gen_async_lite_conv.clock_conv_lite_fwd_aw/handshake/src_hsdata_ff[5]
    SLICE_X60Y51         FDRE                                         r  design_1_i/ps7_0_axi_periph/m06_couplers/auto_cc/inst/gen_clock_conv.gen_async_lite_conv.clock_conv_lite_fwd_aw/handshake/dest_hsdata_ff_reg[5]/D
  -------------------------------------------------------------------    -------------------

                         (clock clk_fpga_1 rise edge)
                                                      0.000     0.000 r  
    PS7_X0Y0             PS7                          0.000     0.000 r  design_1_i/processing_system7_0/inst/PS7_i/FCLKCLK[1]
                         net (fo=1, routed)           0.905     0.905    design_1_i/processing_system7_0/inst/FCLK_CLK_unbuffered[1]
    BUFGCTRL_X0Y16       BUFG (Prop_bufg_I_O)         0.077     0.982 r  design_1_i/processing_system7_0/inst/buffer_fclk_clk_1.FCLK_CLK_1_BUFG/O
                         net (fo=18021, routed)       1.286     2.269    design_1_i/ps7_0_axi_periph/m06_couplers/auto_cc/inst/gen_clock_conv.gen_async_lite_conv.clock_conv_lite_fwd_aw/handshake/dest_clk
    SLICE_X60Y51         FDRE                                         r  design_1_i/ps7_0_axi_periph/m06_couplers/auto_cc/inst/gen_clock_conv.gen_async_lite_conv.clock_conv_lite_fwd_aw/handshake/dest_hsdata_ff_reg[5]/C
                         clock pessimism              0.000     2.269    
    SLICE_X60Y51         FDRE (Setup_fdre_C_D)       -0.178     2.091    design_1_i/ps7_0_axi_periph/m06_couplers/auto_cc/inst/gen_clock_conv.gen_async_lite_conv.clock_conv_lite_fwd_aw/handshake/dest_hsdata_ff_reg[5]
  -------------------------------------------------------------------
                         data arrival                           3.628    
                         clock arrival                          2.091    
  -------------------------------------------------------------------
                         relative delay                         1.538    

Reference path:
    Location             Delay type                Incr(ns)  Path(ns)    Netlist Resource(s)
  -------------------------------------------------------------------    -------------------
                         (clock clk_fpga_0 rise edge)
                                                      0.000     0.000 r  
    PS7_X0Y0             PS7                          0.000     0.000 r  design_1_i/processing_system7_0/inst/PS7_i/FCLKCLK[0]
                         net (fo=1, routed)           0.905     0.905    design_1_i/processing_system7_0/inst/FCLK_CLK_unbuffered[0]
    BUFGCTRL_X0Y17       BUFG (Prop_bufg_I_O)         0.077     0.982 r  design_1_i/processing_system7_0/inst/buffer_fclk_clk_0.FCLK_CLK_0_BUFG/O
                         net (fo=14268, routed)       1.286     2.269    design_1_i/ps7_0_axi_periph/m06_couplers/auto_cc/inst/gen_clock_conv.gen_async_lite_conv.clock_conv_lite_fwd_aw/handshake/src_clk
    SLICE_X61Y51         FDRE                                         r  design_1_i/ps7_0_axi_periph/m06_couplers/auto_cc/inst/gen_clock_conv.gen_async_lite_conv.clock_conv_lite_fwd_aw/handshake/src_hsdata_ff_reg[1]/C
  -------------------------------------------------------------------    -------------------
    SLICE_X61Y51         FDRE (Prop_fdre_C_Q)         0.304     2.573 r  design_1_i/ps7_0_axi_periph/m06_couplers/auto_cc/inst/gen_clock_conv.gen_async_lite_conv.clock_conv_lite_fwd_aw/handshake/src_hsdata_ff_reg[1]/Q
                         net (fo=1, routed)           0.311     2.884    design_1_i/ps7_0_axi_periph/m06_couplers/auto_cc/inst/gen_clock_conv.gen_async_lite_conv.clock_conv_lite_fwd_aw/handshake/src_hsdata_ff[1]
    SLICE_X60Y51         FDRE                                         r  design_1_i/ps7_0_axi_periph/m06_couplers/auto_cc/inst/gen_clock_conv.gen_async_lite_conv.clock_conv_lite_fwd_aw/handshake/dest_hsdata_ff_reg[1]/D
  -------------------------------------------------------------------    -------------------

                         (clock clk_fpga_1 rise edge)
                                                      0.000     0.000 r  
    PS7_X0Y0             PS7                          0.000     0.000 r  design_1_i/processing_system7_0/inst/PS7_i/FCLKCLK[1]
                         net (fo=1, routed)           0.994     0.994    design_1_i/processing_system7_0/inst/FCLK_CLK_unbuffered[1]
    BUFGCTRL_X0Y16       BUFG (Prop_bufg_I_O)         0.085     1.079 r  design_1_i/processing_system7_0/inst/buffer_fclk_clk_1.FCLK_CLK_1_BUFG/O
                         net (fo=18021, routed)       1.444     2.523    design_1_i/ps7_0_axi_periph/m06_couplers/auto_cc/inst/gen_clock_conv.gen_async_lite_conv.clock_conv_lite_fwd_aw/handshake/dest_clk
    SLICE_X60Y51         FDRE                                         r  design_1_i/ps7_0_axi_periph/m06_couplers/auto_cc/inst/gen_clock_conv.gen_async_lite_conv.clock_conv_lite_fwd_aw/handshake/dest_hsdata_ff_reg[1]/C
                         clock pessimism              0.000     2.523    
    SLICE_X60Y51         FDRE (Hold_fdre_C_D)         0.138     2.661    design_1_i/ps7_0_axi_periph/m06_couplers/auto_cc/inst/gen_clock_conv.gen_async_lite_conv.clock_conv_lite_fwd_aw/handshake/dest_hsdata_ff_reg[1]
  -------------------------------------------------------------------
                         data arrival                           2.884    
                         clock arrival                          2.661    
  -------------------------------------------------------------------
                         relative delay                         0.223    



Id: 26
set_bus_skew -from [get_cells [list {design_1_i/ps7_0_axi_periph/m06_couplers/auto_cc/inst/gen_clock_conv.gen_async_lite_conv.clock_conv_lite_fwd_ar/handshake/src_hsdata_ff_reg[0]} {design_1_i/ps7_0_axi_periph/m06_couplers/auto_cc/inst/gen_clock_conv.gen_async_lite_conv.clock_conv_lite_fwd_ar/handshake/src_hsdata_ff_reg[1]} {design_1_i/ps7_0_axi_periph/m06_couplers/auto_cc/inst/gen_clock_conv.gen_async_lite_conv.clock_conv_lite_fwd_ar/handshake/src_hsdata_ff_reg[2]} {design_1_i/ps7_0_axi_periph/m06_couplers/auto_cc/inst/gen_clock_conv.gen_async_lite_conv.clock_conv_lite_fwd_ar/handshake/src_hsdata_ff_reg[3]} {design_1_i/ps7_0_axi_periph/m06_couplers/auto_cc/inst/gen_clock_conv.gen_async_lite_conv.clock_conv_lite_fwd_ar/handshake/src_hsdata_ff_reg[4]} {design_1_i/ps7_0_axi_periph/m06_couplers/auto_cc/inst/gen_clock_conv.gen_async_lite_conv.clock_conv_lite_fwd_ar/handshake/src_hsdata_ff_reg[5]} {design_1_i/ps7_0_axi_periph/m06_couplers/auto_cc/inst/gen_clock_conv.gen_async_lite_conv.clock_conv_lite_fwd_ar/handshake/src_hsdata_ff_reg[6]}]] -to [get_cells [list {design_1_i/ps7_0_axi_periph/m06_couplers/auto_cc/inst/gen_clock_conv.gen_async_lite_conv.clock_conv_lite_fwd_ar/handshake/dest_hsdata_ff_reg[0]} {design_1_i/ps7_0_axi_periph/m06_couplers/auto_cc/inst/gen_clock_conv.gen_async_lite_conv.clock_conv_lite_fwd_ar/handshake/dest_hsdata_ff_reg[1]} {design_1_i/ps7_0_axi_periph/m06_couplers/auto_cc/inst/gen_clock_conv.gen_async_lite_conv.clock_conv_lite_fwd_ar/handshake/dest_hsdata_ff_reg[2]} {design_1_i/ps7_0_axi_periph/m06_couplers/auto_cc/inst/gen_clock_conv.gen_async_lite_conv.clock_conv_lite_fwd_ar/handshake/dest_hsdata_ff_reg[3]} {design_1_i/ps7_0_axi_periph/m06_couplers/auto_cc/inst/gen_clock_conv.gen_async_lite_conv.clock_conv_lite_fwd_ar/handshake/dest_hsdata_ff_reg[4]} {design_1_i/ps7_0_axi_periph/m06_couplers/auto_cc/inst/gen_clock_conv.gen_async_lite_conv.clock_conv_lite_fwd_ar/handshake/dest_hsdata_ff_reg[5]} {design_1_i/ps7_0_axi_periph/m06_couplers/auto_cc/inst/gen_clock_conv.gen_async_lite_conv.clock_conv_lite_fwd_ar/handshake/dest_hsdata_ff_reg[6]}]] 19.686
Requirement: 19.686ns
Endpoints: 7

From Clock            To Clock              Endpoint Pin                    Reference Pin                   Corner  Actual(ns)  Slack(ns)
--------------------  --------------------  ------------------------------  ------------------------------  ------  ----------  ---------
clk_fpga_0            clk_fpga_1            design_1_i/ps7_0_axi_periph/m06_couplers/auto_cc/inst/gen_clock_conv.gen_async_lite_conv.clock_conv_lite_fwd_ar/handshake/dest_hsdata_ff_reg[5]/D
                                                                            design_1_i/ps7_0_axi_periph/m06_couplers/auto_cc/inst/gen_clock_conv.gen_async_lite_conv.clock_conv_lite_fwd_ar/handshake/dest_hsdata_ff_reg[6]/D
                                                                                                            Slow         0.819     18.867


Slack (MET) :             18.867ns  (requirement - actual skew)
  Endpoint Source:        design_1_i/ps7_0_axi_periph/m06_couplers/auto_cc/inst/gen_clock_conv.gen_async_lite_conv.clock_conv_lite_fwd_ar/handshake/src_hsdata_ff_reg[5]/C
                            (rising edge-triggered cell FDRE clocked by clk_fpga_0)
  Endpoint Destination:   design_1_i/ps7_0_axi_periph/m06_couplers/auto_cc/inst/gen_clock_conv.gen_async_lite_conv.clock_conv_lite_fwd_ar/handshake/dest_hsdata_ff_reg[5]/D
                            (rising edge-triggered cell FDRE clocked by clk_fpga_1)
  Reference Source:       design_1_i/ps7_0_axi_periph/m06_couplers/auto_cc/inst/gen_clock_conv.gen_async_lite_conv.clock_conv_lite_fwd_ar/handshake/src_hsdata_ff_reg[6]/C
                            (rising edge-triggered cell FDRE clocked by clk_fpga_0)
  Reference Destination:  design_1_i/ps7_0_axi_periph/m06_couplers/auto_cc/inst/gen_clock_conv.gen_async_lite_conv.clock_conv_lite_fwd_ar/handshake/dest_hsdata_ff_reg[6]/D
                            (rising edge-triggered cell FDRE clocked by clk_fpga_1)
  Path Type:              Bus Skew (Max at Slow Process Corner)
  Requirement:            19.686ns
  Endpoint Relative Delay:    1.262ns
  Reference Relative Delay:   0.239ns
  Relative CRPR:              0.205ns
  Actual Bus Skew:            0.819ns  (Endpoint Relative Delay - Reference Relative Delay - Relative CRPR)

Endpoint path:
    Location             Delay type                Incr(ns)  Path(ns)    Netlist Resource(s)
  -------------------------------------------------------------------    -------------------
                         (clock clk_fpga_0 rise edge)
                                                      0.000     0.000 r  
    PS7_X0Y0             PS7                          0.000     0.000 r  design_1_i/processing_system7_0/inst/PS7_i/FCLKCLK[0]
                         net (fo=1, routed)           0.994     0.994    design_1_i/processing_system7_0/inst/FCLK_CLK_unbuffered[0]
    BUFGCTRL_X0Y17       BUFG (Prop_bufg_I_O)         0.085     1.079 r  design_1_i/processing_system7_0/inst/buffer_fclk_clk_0.FCLK_CLK_0_BUFG/O
                         net (fo=14268, routed)       1.404     2.483    design_1_i/ps7_0_axi_periph/m06_couplers/auto_cc/inst/gen_clock_conv.gen_async_lite_conv.clock_conv_lite_fwd_ar/handshake/src_clk
    SLICE_X48Y42         FDRE                                         r  design_1_i/ps7_0_axi_periph/m06_couplers/auto_cc/inst/gen_clock_conv.gen_async_lite_conv.clock_conv_lite_fwd_ar/handshake/src_hsdata_ff_reg[5]/C
  -------------------------------------------------------------------    -------------------
    SLICE_X48Y42         FDRE (Prop_fdre_C_Q)         0.348     2.831 r  design_1_i/ps7_0_axi_periph/m06_couplers/auto_cc/inst/gen_clock_conv.gen_async_lite_conv.clock_conv_lite_fwd_ar/handshake/src_hsdata_ff_reg[5]/Q
                         net (fo=1, routed)           0.502     3.333    design_1_i/ps7_0_axi_periph/m06_couplers/auto_cc/inst/gen_clock_conv.gen_async_lite_conv.clock_conv_lite_fwd_ar/handshake/src_hsdata_ff[5]
    SLICE_X47Y42         FDRE                                         r  design_1_i/ps7_0_axi_periph/m06_couplers/auto_cc/inst/gen_clock_conv.gen_async_lite_conv.clock_conv_lite_fwd_ar/handshake/dest_hsdata_ff_reg[5]/D
  -------------------------------------------------------------------    -------------------

                         (clock clk_fpga_1 rise edge)
                                                      0.000     0.000 r  
    PS7_X0Y0             PS7                          0.000     0.000 r  design_1_i/processing_system7_0/inst/PS7_i/FCLKCLK[1]
                         net (fo=1, routed)           0.905     0.905    design_1_i/processing_system7_0/inst/FCLK_CLK_unbuffered[1]
    BUFGCTRL_X0Y16       BUFG (Prop_bufg_I_O)         0.077     0.982 r  design_1_i/processing_system7_0/inst/buffer_fclk_clk_1.FCLK_CLK_1_BUFG/O
                         net (fo=18021, routed)       1.252     2.234    design_1_i/ps7_0_axi_periph/m06_couplers/auto_cc/inst/gen_clock_conv.gen_async_lite_conv.clock_conv_lite_fwd_ar/handshake/dest_clk
    SLICE_X47Y42         FDRE                                         r  design_1_i/ps7_0_axi_periph/m06_couplers/auto_cc/inst/gen_clock_conv.gen_async_lite_conv.clock_conv_lite_fwd_ar/handshake/dest_hsdata_ff_reg[5]/C
                         clock pessimism              0.000     2.234    
    SLICE_X47Y42         FDRE (Setup_fdre_C_D)       -0.164     2.070    design_1_i/ps7_0_axi_periph/m06_couplers/auto_cc/inst/gen_clock_conv.gen_async_lite_conv.clock_conv_lite_fwd_ar/handshake/dest_hsdata_ff_reg[5]
  -------------------------------------------------------------------
                         data arrival                           3.333    
                         clock arrival                          2.070    
  -------------------------------------------------------------------
                         relative delay                         1.262    

Reference path:
    Location             Delay type                Incr(ns)  Path(ns)    Netlist Resource(s)
  -------------------------------------------------------------------    -------------------
                         (clock clk_fpga_0 rise edge)
                                                      0.000     0.000 r  
    PS7_X0Y0             PS7                          0.000     0.000 r  design_1_i/processing_system7_0/inst/PS7_i/FCLKCLK[0]
                         net (fo=1, routed)           0.905     0.905    design_1_i/processing_system7_0/inst/FCLK_CLK_unbuffered[0]
    BUFGCTRL_X0Y17       BUFG (Prop_bufg_I_O)         0.077     0.982 r  design_1_i/processing_system7_0/inst/buffer_fclk_clk_0.FCLK_CLK_0_BUFG/O
                         net (fo=14268, routed)       1.243     2.225    design_1_i/ps7_0_axi_periph/m06_couplers/auto_cc/inst/gen_clock_conv.gen_async_lite_conv.clock_conv_lite_fwd_ar/handshake/src_clk
    SLICE_X52Y49         FDRE                                         r  design_1_i/ps7_0_axi_periph/m06_couplers/auto_cc/inst/gen_clock_conv.gen_async_lite_conv.clock_conv_lite_fwd_ar/handshake/src_hsdata_ff_reg[6]/C
  -------------------------------------------------------------------    -------------------
    SLICE_X52Y49         FDRE (Prop_fdre_C_Q)         0.304     2.529 r  design_1_i/ps7_0_axi_periph/m06_couplers/auto_cc/inst/gen_clock_conv.gen_async_lite_conv.clock_conv_lite_fwd_ar/handshake/src_hsdata_ff_reg[6]/Q
                         net (fo=1, routed)           0.324     2.854    design_1_i/ps7_0_axi_periph/m06_couplers/auto_cc/inst/gen_clock_conv.gen_async_lite_conv.clock_conv_lite_fwd_ar/handshake/src_hsdata_ff[6]
    SLICE_X52Y50         FDRE                                         r  design_1_i/ps7_0_axi_periph/m06_couplers/auto_cc/inst/gen_clock_conv.gen_async_lite_conv.clock_conv_lite_fwd_ar/handshake/dest_hsdata_ff_reg[6]/D
  -------------------------------------------------------------------    -------------------

                         (clock clk_fpga_1 rise edge)
                                                      0.000     0.000 r  
    PS7_X0Y0             PS7                          0.000     0.000 r  design_1_i/processing_system7_0/inst/PS7_i/FCLKCLK[1]
                         net (fo=1, routed)           0.994     0.994    design_1_i/processing_system7_0/inst/FCLK_CLK_unbuffered[1]
    BUFGCTRL_X0Y16       BUFG (Prop_bufg_I_O)         0.085     1.079 r  design_1_i/processing_system7_0/inst/buffer_fclk_clk_1.FCLK_CLK_1_BUFG/O
                         net (fo=18021, routed)       1.378     2.457    design_1_i/ps7_0_axi_periph/m06_couplers/auto_cc/inst/gen_clock_conv.gen_async_lite_conv.clock_conv_lite_fwd_ar/handshake/dest_clk
    SLICE_X52Y50         FDRE                                         r  design_1_i/ps7_0_axi_periph/m06_couplers/auto_cc/inst/gen_clock_conv.gen_async_lite_conv.clock_conv_lite_fwd_ar/handshake/dest_hsdata_ff_reg[6]/C
                         clock pessimism              0.000     2.457    
    SLICE_X52Y50         FDRE (Hold_fdre_C_D)         0.158     2.615    design_1_i/ps7_0_axi_periph/m06_couplers/auto_cc/inst/gen_clock_conv.gen_async_lite_conv.clock_conv_lite_fwd_ar/handshake/dest_hsdata_ff_reg[6]
  -------------------------------------------------------------------
                         data arrival                           2.854    
                         clock arrival                          2.615    
  -------------------------------------------------------------------
                         relative delay                         0.239    



Id: 27
set_bus_skew -from [get_cells [list {design_1_i/ps7_0_axi_periph/m11_couplers/auto_cc/inst/gen_clock_conv.gen_async_lite_conv.clock_conv_lite_fwd_aw/handshake/src_hsdata_ff_reg[0]} {design_1_i/ps7_0_axi_periph/m11_couplers/auto_cc/inst/gen_clock_conv.gen_async_lite_conv.clock_conv_lite_fwd_aw/handshake/src_hsdata_ff_reg[1]} {design_1_i/ps7_0_axi_periph/m11_couplers/auto_cc/inst/gen_clock_conv.gen_async_lite_conv.clock_conv_lite_fwd_aw/handshake/src_hsdata_ff_reg[2]} {design_1_i/ps7_0_axi_periph/m11_couplers/auto_cc/inst/gen_clock_conv.gen_async_lite_conv.clock_conv_lite_fwd_aw/handshake/src_hsdata_ff_reg[3]} {design_1_i/ps7_0_axi_periph/m11_couplers/auto_cc/inst/gen_clock_conv.gen_async_lite_conv.clock_conv_lite_fwd_aw/handshake/src_hsdata_ff_reg[4]} {design_1_i/ps7_0_axi_periph/m11_couplers/auto_cc/inst/gen_clock_conv.gen_async_lite_conv.clock_conv_lite_fwd_aw/handshake/src_hsdata_ff_reg[5]} {design_1_i/ps7_0_axi_periph/m11_couplers/auto_cc/inst/gen_clock_conv.gen_async_lite_conv.clock_conv_lite_fwd_aw/handshake/src_hsdata_ff_reg[6]}]] -to [get_cells [list {design_1_i/ps7_0_axi_periph/m11_couplers/auto_cc/inst/gen_clock_conv.gen_async_lite_conv.clock_conv_lite_fwd_aw/handshake/dest_hsdata_ff_reg[0]} {design_1_i/ps7_0_axi_periph/m11_couplers/auto_cc/inst/gen_clock_conv.gen_async_lite_conv.clock_conv_lite_fwd_aw/handshake/dest_hsdata_ff_reg[1]} {design_1_i/ps7_0_axi_periph/m11_couplers/auto_cc/inst/gen_clock_conv.gen_async_lite_conv.clock_conv_lite_fwd_aw/handshake/dest_hsdata_ff_reg[2]} {design_1_i/ps7_0_axi_periph/m11_couplers/auto_cc/inst/gen_clock_conv.gen_async_lite_conv.clock_conv_lite_fwd_aw/handshake/dest_hsdata_ff_reg[3]} {design_1_i/ps7_0_axi_periph/m11_couplers/auto_cc/inst/gen_clock_conv.gen_async_lite_conv.clock_conv_lite_fwd_aw/handshake/dest_hsdata_ff_reg[4]} {design_1_i/ps7_0_axi_periph/m11_couplers/auto_cc/inst/gen_clock_conv.gen_async_lite_conv.clock_conv_lite_fwd_aw/handshake/dest_hsdata_ff_reg[5]} {design_1_i/ps7_0_axi_periph/m11_couplers/auto_cc/inst/gen_clock_conv.gen_async_lite_conv.clock_conv_lite_fwd_aw/handshake/dest_hsdata_ff_reg[6]}]] 20.202
Requirement: 20.202ns
Endpoints: 7

From Clock            To Clock              Endpoint Pin                    Reference Pin                   Corner  Actual(ns)  Slack(ns)
--------------------  --------------------  ------------------------------  ------------------------------  ------  ----------  ---------
clk_fpga_0            hdmi_pclk_design_1_clk_wiz_dyn_0
                                            design_1_i/ps7_0_axi_periph/m11_couplers/auto_cc/inst/gen_clock_conv.gen_async_lite_conv.clock_conv_lite_fwd_aw/handshake/dest_hsdata_ff_reg[4]/D
                                                                            design_1_i/ps7_0_axi_periph/m11_couplers/auto_cc/inst/gen_clock_conv.gen_async_lite_conv.clock_conv_lite_fwd_aw/handshake/dest_hsdata_ff_reg[3]/D
                                                                                                            Slow         0.584     19.618


Slack (MET) :             19.618ns  (requirement - actual skew)
  Endpoint Source:        design_1_i/ps7_0_axi_periph/m11_couplers/auto_cc/inst/gen_clock_conv.gen_async_lite_conv.clock_conv_lite_fwd_aw/handshake/src_hsdata_ff_reg[4]/C
                            (rising edge-triggered cell FDRE clocked by clk_fpga_0)
  Endpoint Destination:   design_1_i/ps7_0_axi_periph/m11_couplers/auto_cc/inst/gen_clock_conv.gen_async_lite_conv.clock_conv_lite_fwd_aw/handshake/dest_hsdata_ff_reg[4]/D
                            (rising edge-triggered cell FDRE clocked by hdmi_pclk_design_1_clk_wiz_dyn_0)
  Reference Source:       design_1_i/ps7_0_axi_periph/m11_couplers/auto_cc/inst/gen_clock_conv.gen_async_lite_conv.clock_conv_lite_fwd_aw/handshake/src_hsdata_ff_reg[3]/C
                            (rising edge-triggered cell FDRE clocked by clk_fpga_0)
  Reference Destination:  design_1_i/ps7_0_axi_periph/m11_couplers/auto_cc/inst/gen_clock_conv.gen_async_lite_conv.clock_conv_lite_fwd_aw/handshake/dest_hsdata_ff_reg[3]/D
                            (rising edge-triggered cell FDRE clocked by hdmi_pclk_design_1_clk_wiz_dyn_0)
  Path Type:              Bus Skew (Max at Slow Process Corner)
  Requirement:            20.202ns
  Endpoint Relative Delay:   -1.797ns
  Reference Relative Delay:  -3.012ns
  Relative CRPR:              0.632ns
  Actual Bus Skew:            0.584ns  (Endpoint Relative Delay - Reference Relative Delay - Relative CRPR)

Endpoint path:
    Location             Delay type                Incr(ns)  Path(ns)    Netlist Resource(s)
  -------------------------------------------------------------------    -------------------
                         (clock clk_fpga_0 rise edge)
                                                      0.000     0.000 r  
    PS7_X0Y0             PS7                          0.000     0.000 r  design_1_i/processing_system7_0/inst/PS7_i/FCLKCLK[0]
                         net (fo=1, routed)           0.994     0.994    design_1_i/processing_system7_0/inst/FCLK_CLK_unbuffered[0]
    BUFGCTRL_X0Y17       BUFG (Prop_bufg_I_O)         0.085     1.079 r  design_1_i/processing_system7_0/inst/buffer_fclk_clk_0.FCLK_CLK_0_BUFG/O
                         net (fo=14268, routed)       1.438     2.517    design_1_i/ps7_0_axi_periph/m11_couplers/auto_cc/inst/gen_clock_conv.gen_async_lite_conv.clock_conv_lite_fwd_aw/handshake/src_clk
    SLICE_X54Y56         FDRE                                         r  design_1_i/ps7_0_axi_periph/m11_couplers/auto_cc/inst/gen_clock_conv.gen_async_lite_conv.clock_conv_lite_fwd_aw/handshake/src_hsdata_ff_reg[4]/C
  -------------------------------------------------------------------    -------------------
    SLICE_X54Y56         FDRE (Prop_fdre_C_Q)         0.398     2.915 r  design_1_i/ps7_0_axi_periph/m11_couplers/auto_cc/inst/gen_clock_conv.gen_async_lite_conv.clock_conv_lite_fwd_aw/handshake/src_hsdata_ff_reg[4]/Q
                         net (fo=1, routed)           0.511     3.426    design_1_i/ps7_0_axi_periph/m11_couplers/auto_cc/inst/gen_clock_conv.gen_async_lite_conv.clock_conv_lite_fwd_aw/handshake/src_hsdata_ff[4]
    SLICE_X54Y55         FDRE                                         r  design_1_i/ps7_0_axi_periph/m11_couplers/auto_cc/inst/gen_clock_conv.gen_async_lite_conv.clock_conv_lite_fwd_aw/handshake/dest_hsdata_ff_reg[4]/D
  -------------------------------------------------------------------    -------------------

                         (clock hdmi_pclk_design_1_clk_wiz_dyn_0 rise edge)
                                                      0.000     0.000 r  
    PS7_X0Y0             PS7                          0.000     0.000 r  design_1_i/processing_system7_0/inst/PS7_i/FCLKCLK[0]
                         net (fo=1, routed)           0.905     0.905    design_1_i/processing_system7_0/inst/FCLK_CLK_unbuffered[0]
    BUFGCTRL_X0Y17       BUFG (Prop_bufg_I_O)         0.077     0.982 r  design_1_i/processing_system7_0/inst/buffer_fclk_clk_0.FCLK_CLK_0_BUFG/O
                         net (fo=14268, routed)       1.386     2.368    design_1_i/hdmi_out/clk_wiz_dyn/inst/CLK_CORE_DRP_I/clk_inst/s_axi_aclk
    MMCME2_ADV_X1Y0      MMCME2_ADV (Prop_mmcme2_adv_CLKIN1_CLKOUT0)
                                                      0.073     2.441 r  design_1_i/hdmi_out/clk_wiz_dyn/inst/CLK_CORE_DRP_I/clk_inst/mmcm_adv_inst/CLKOUT0
                         net (fo=1, routed)           1.454     3.896    design_1_i/hdmi_out/clk_wiz_dyn/inst/CLK_CORE_DRP_I/clk_inst/hdmi_pclk_design_1_clk_wiz_dyn_0
    BUFGCTRL_X0Y0        BUFG (Prop_bufg_I_O)         0.077     3.973 r  design_1_i/hdmi_out/clk_wiz_dyn/inst/CLK_CORE_DRP_I/clk_inst/clkout1_buf/O
                         net (fo=5890, routed)        1.285     5.258    design_1_i/ps7_0_axi_periph/m11_couplers/auto_cc/inst/gen_clock_conv.gen_async_lite_conv.clock_conv_lite_fwd_aw/handshake/dest_clk
    SLICE_X54Y55         FDRE                                         r  design_1_i/ps7_0_axi_periph/m11_couplers/auto_cc/inst/gen_clock_conv.gen_async_lite_conv.clock_conv_lite_fwd_aw/handshake/dest_hsdata_ff_reg[4]/C
                         clock pessimism              0.097     5.354    
    SLICE_X54Y55         FDRE (Setup_fdre_C_D)       -0.131     5.223    design_1_i/ps7_0_axi_periph/m11_couplers/auto_cc/inst/gen_clock_conv.gen_async_lite_conv.clock_conv_lite_fwd_aw/handshake/dest_hsdata_ff_reg[4]
  -------------------------------------------------------------------
                         data arrival                           3.426    
                         clock arrival                          5.223    
  -------------------------------------------------------------------
                         relative delay                        -1.797    

Reference path:
    Location             Delay type                Incr(ns)  Path(ns)    Netlist Resource(s)
  -------------------------------------------------------------------    -------------------
                         (clock clk_fpga_0 rise edge)
                                                      0.000     0.000 r  
    PS7_X0Y0             PS7                          0.000     0.000 r  design_1_i/processing_system7_0/inst/PS7_i/FCLKCLK[0]
                         net (fo=1, routed)           0.905     0.905    design_1_i/processing_system7_0/inst/FCLK_CLK_unbuffered[0]
    BUFGCTRL_X0Y17       BUFG (Prop_bufg_I_O)         0.077     0.982 r  design_1_i/processing_system7_0/inst/buffer_fclk_clk_0.FCLK_CLK_0_BUFG/O
                         net (fo=14268, routed)       1.283     2.266    design_1_i/ps7_0_axi_periph/m11_couplers/auto_cc/inst/gen_clock_conv.gen_async_lite_conv.clock_conv_lite_fwd_aw/handshake/src_clk
    SLICE_X54Y56         FDRE                                         r  design_1_i/ps7_0_axi_periph/m11_couplers/auto_cc/inst/gen_clock_conv.gen_async_lite_conv.clock_conv_lite_fwd_aw/handshake/src_hsdata_ff_reg[3]/C
  -------------------------------------------------------------------    -------------------
    SLICE_X54Y56         FDRE (Prop_fdre_C_Q)         0.347     2.613 r  design_1_i/ps7_0_axi_periph/m11_couplers/auto_cc/inst/gen_clock_conv.gen_async_lite_conv.clock_conv_lite_fwd_aw/handshake/src_hsdata_ff_reg[3]/Q
                         net (fo=1, routed)           0.314     2.926    design_1_i/ps7_0_axi_periph/m11_couplers/auto_cc/inst/gen_clock_conv.gen_async_lite_conv.clock_conv_lite_fwd_aw/handshake/src_hsdata_ff[3]
    SLICE_X54Y55         FDRE                                         r  design_1_i/ps7_0_axi_periph/m11_couplers/auto_cc/inst/gen_clock_conv.gen_async_lite_conv.clock_conv_lite_fwd_aw/handshake/dest_hsdata_ff_reg[3]/D
  -------------------------------------------------------------------    -------------------

                         (clock hdmi_pclk_design_1_clk_wiz_dyn_0 rise edge)
                                                      0.000     0.000 r  
    PS7_X0Y0             PS7                          0.000     0.000 r  design_1_i/processing_system7_0/inst/PS7_i/FCLKCLK[0]
                         net (fo=1, routed)           0.994     0.994    design_1_i/processing_system7_0/inst/FCLK_CLK_unbuffered[0]
    BUFGCTRL_X0Y17       BUFG (Prop_bufg_I_O)         0.085     1.079 r  design_1_i/processing_system7_0/inst/buffer_fclk_clk_0.FCLK_CLK_0_BUFG/O
                         net (fo=14268, routed)       1.552     2.631    design_1_i/hdmi_out/clk_wiz_dyn/inst/CLK_CORE_DRP_I/clk_inst/s_axi_aclk
    MMCME2_ADV_X1Y0      MMCME2_ADV (Prop_mmcme2_adv_CLKIN1_CLKOUT0)
                                                      0.077     2.708 r  design_1_i/hdmi_out/clk_wiz_dyn/inst/CLK_CORE_DRP_I/clk_inst/mmcm_adv_inst/CLKOUT0
                         net (fo=1, routed)           1.597     4.305    design_1_i/hdmi_out/clk_wiz_dyn/inst/CLK_CORE_DRP_I/clk_inst/hdmi_pclk_design_1_clk_wiz_dyn_0
    BUFGCTRL_X0Y0        BUFG (Prop_bufg_I_O)         0.085     4.390 r  design_1_i/hdmi_out/clk_wiz_dyn/inst/CLK_CORE_DRP_I/clk_inst/clkout1_buf/O
                         net (fo=5890, routed)        1.441     5.831    design_1_i/ps7_0_axi_periph/m11_couplers/auto_cc/inst/gen_clock_conv.gen_async_lite_conv.clock_conv_lite_fwd_aw/handshake/dest_clk
    SLICE_X54Y55         FDRE                                         r  design_1_i/ps7_0_axi_periph/m11_couplers/auto_cc/inst/gen_clock_conv.gen_async_lite_conv.clock_conv_lite_fwd_aw/handshake/dest_hsdata_ff_reg[3]/C
                         clock pessimism             -0.097     5.735    
    SLICE_X54Y55         FDRE (Hold_fdre_C_D)         0.204     5.939    design_1_i/ps7_0_axi_periph/m11_couplers/auto_cc/inst/gen_clock_conv.gen_async_lite_conv.clock_conv_lite_fwd_aw/handshake/dest_hsdata_ff_reg[3]
  -------------------------------------------------------------------
                         data arrival                           2.926    
                         clock arrival                          5.938    
  -------------------------------------------------------------------
                         relative delay                        -3.012    



Id: 28
set_bus_skew -from [get_cells [list {design_1_i/ps7_0_axi_periph/m07_couplers/auto_cc/inst/gen_clock_conv.gen_async_lite_conv.clock_conv_lite_fwd_ar/handshake/src_hsdata_ff_reg[0]} \
          {design_1_i/ps7_0_axi_periph/m07_couplers/auto_cc/inst/gen_clock_conv.gen_async_lite_conv.clock_conv_lite_fwd_ar/handshake/src_hsdata_ff_reg[10]} \
          {design_1_i/ps7_0_axi_periph/m07_couplers/auto_cc/inst/gen_clock_conv.gen_async_lite_conv.clock_conv_lite_fwd_ar/handshake/src_hsdata_ff_reg[11]} \
          {design_1_i/ps7_0_axi_periph/m07_couplers/auto_cc/inst/gen_clock_conv.gen_async_lite_conv.clock_conv_lite_fwd_ar/handshake/src_hsdata_ff_reg[12]} \
          {design_1_i/ps7_0_axi_periph/m07_couplers/auto_cc/inst/gen_clock_conv.gen_async_lite_conv.clock_conv_lite_fwd_ar/handshake/src_hsdata_ff_reg[9]} \
          {design_1_i/ps7_0_axi_periph/m07_couplers/auto_cc/inst/gen_clock_conv.gen_async_lite_conv.clock_conv_lite_fwd_ar/handshake/src_hsdata_ff_reg[8]} \
          {design_1_i/ps7_0_axi_periph/m07_couplers/auto_cc/inst/gen_clock_conv.gen_async_lite_conv.clock_conv_lite_fwd_ar/handshake/src_hsdata_ff_reg[7]} \
          {design_1_i/ps7_0_axi_periph/m07_couplers/auto_cc/inst/gen_clock_conv.gen_async_lite_conv.clock_conv_lite_fwd_ar/handshake/src_hsdata_ff_reg[1]} \
          {design_1_i/ps7_0_axi_periph/m07_couplers/auto_cc/inst/gen_clock_conv.gen_async_lite_conv.clock_conv_lite_fwd_ar/handshake/src_hsdata_ff_reg[2]} \
          {design_1_i/ps7_0_axi_periph/m07_couplers/auto_cc/inst/gen_clock_conv.gen_async_lite_conv.clock_conv_lite_fwd_ar/handshake/src_hsdata_ff_reg[3]} \
          {design_1_i/ps7_0_axi_periph/m07_couplers/auto_cc/inst/gen_clock_conv.gen_async_lite_conv.clock_conv_lite_fwd_ar/handshake/src_hsdata_ff_reg[4]} \
          {design_1_i/ps7_0_axi_periph/m07_couplers/auto_cc/inst/gen_clock_conv.gen_async_lite_conv.clock_conv_lite_fwd_ar/handshake/src_hsdata_ff_reg[5]} \
          {design_1_i/ps7_0_axi_periph/m07_couplers/auto_cc/inst/gen_clock_conv.gen_async_lite_conv.clock_conv_lite_fwd_ar/handshake/src_hsdata_ff_reg[6]}]] -to [get_cells [list {design_1_i/ps7_0_axi_periph/m07_couplers/auto_cc/inst/gen_clock_conv.gen_async_lite_conv.clock_conv_lite_fwd_ar/handshake/dest_hsdata_ff_reg[0]} \
          {design_1_i/ps7_0_axi_periph/m07_couplers/auto_cc/inst/gen_clock_conv.gen_async_lite_conv.clock_conv_lite_fwd_ar/handshake/dest_hsdata_ff_reg[10]} \
          {design_1_i/ps7_0_axi_periph/m07_couplers/auto_cc/inst/gen_clock_conv.gen_async_lite_conv.clock_conv_lite_fwd_ar/handshake/dest_hsdata_ff_reg[11]} \
          {design_1_i/ps7_0_axi_periph/m07_couplers/auto_cc/inst/gen_clock_conv.gen_async_lite_conv.clock_conv_lite_fwd_ar/handshake/dest_hsdata_ff_reg[12]} \
          {design_1_i/ps7_0_axi_periph/m07_couplers/auto_cc/inst/gen_clock_conv.gen_async_lite_conv.clock_conv_lite_fwd_ar/handshake/dest_hsdata_ff_reg[9]} \
          {design_1_i/ps7_0_axi_periph/m07_couplers/auto_cc/inst/gen_clock_conv.gen_async_lite_conv.clock_conv_lite_fwd_ar/handshake/dest_hsdata_ff_reg[8]} \
          {design_1_i/ps7_0_axi_periph/m07_couplers/auto_cc/inst/gen_clock_conv.gen_async_lite_conv.clock_conv_lite_fwd_ar/handshake/dest_hsdata_ff_reg[7]} \
          {design_1_i/ps7_0_axi_periph/m07_couplers/auto_cc/inst/gen_clock_conv.gen_async_lite_conv.clock_conv_lite_fwd_ar/handshake/dest_hsdata_ff_reg[1]} \
          {design_1_i/ps7_0_axi_periph/m07_couplers/auto_cc/inst/gen_clock_conv.gen_async_lite_conv.clock_conv_lite_fwd_ar/handshake/dest_hsdata_ff_reg[2]} \
          {design_1_i/ps7_0_axi_periph/m07_couplers/auto_cc/inst/gen_clock_conv.gen_async_lite_conv.clock_conv_lite_fwd_ar/handshake/dest_hsdata_ff_reg[3]} \
          {design_1_i/ps7_0_axi_periph/m07_couplers/auto_cc/inst/gen_clock_conv.gen_async_lite_conv.clock_conv_lite_fwd_ar/handshake/dest_hsdata_ff_reg[4]} \
          {design_1_i/ps7_0_axi_periph/m07_couplers/auto_cc/inst/gen_clock_conv.gen_async_lite_conv.clock_conv_lite_fwd_ar/handshake/dest_hsdata_ff_reg[5]} \
          {design_1_i/ps7_0_axi_periph/m07_couplers/auto_cc/inst/gen_clock_conv.gen_async_lite_conv.clock_conv_lite_fwd_ar/handshake/dest_hsdata_ff_reg[6]}]] 19.686
Requirement: 19.686ns
Endpoints: 13

From Clock            To Clock              Endpoint Pin                    Reference Pin                   Corner  Actual(ns)  Slack(ns)
--------------------  --------------------  ------------------------------  ------------------------------  ------  ----------  ---------
clk_fpga_0            clk_fpga_1            design_1_i/ps7_0_axi_periph/m07_couplers/auto_cc/inst/gen_clock_conv.gen_async_lite_conv.clock_conv_lite_fwd_ar/handshake/dest_hsdata_ff_reg[2]/D
                                                                            design_1_i/ps7_0_axi_periph/m07_couplers/auto_cc/inst/gen_clock_conv.gen_async_lite_conv.clock_conv_lite_fwd_ar/handshake/dest_hsdata_ff_reg[1]/D
                                                                                                            Slow         0.756     18.930


Slack (MET) :             18.930ns  (requirement - actual skew)
  Endpoint Source:        design_1_i/ps7_0_axi_periph/m07_couplers/auto_cc/inst/gen_clock_conv.gen_async_lite_conv.clock_conv_lite_fwd_ar/handshake/src_hsdata_ff_reg[2]/C
                            (rising edge-triggered cell FDRE clocked by clk_fpga_0)
  Endpoint Destination:   design_1_i/ps7_0_axi_periph/m07_couplers/auto_cc/inst/gen_clock_conv.gen_async_lite_conv.clock_conv_lite_fwd_ar/handshake/dest_hsdata_ff_reg[2]/D
                            (rising edge-triggered cell FDRE clocked by clk_fpga_1)
  Reference Source:       design_1_i/ps7_0_axi_periph/m07_couplers/auto_cc/inst/gen_clock_conv.gen_async_lite_conv.clock_conv_lite_fwd_ar/handshake/src_hsdata_ff_reg[1]/C
                            (rising edge-triggered cell FDRE clocked by clk_fpga_0)
  Reference Destination:  design_1_i/ps7_0_axi_periph/m07_couplers/auto_cc/inst/gen_clock_conv.gen_async_lite_conv.clock_conv_lite_fwd_ar/handshake/dest_hsdata_ff_reg[1]/D
                            (rising edge-triggered cell FDRE clocked by clk_fpga_1)
  Path Type:              Bus Skew (Max at Slow Process Corner)
  Requirement:            19.686ns
  Endpoint Relative Delay:    1.396ns
  Reference Relative Delay:   0.255ns
  Relative CRPR:              0.385ns
  Actual Bus Skew:            0.756ns  (Endpoint Relative Delay - Reference Relative Delay - Relative CRPR)

Endpoint path:
    Location             Delay type                Incr(ns)  Path(ns)    Netlist Resource(s)
  -------------------------------------------------------------------    -------------------
                         (clock clk_fpga_0 rise edge)
                                                      0.000     0.000 r  
    PS7_X0Y0             PS7                          0.000     0.000 r  design_1_i/processing_system7_0/inst/PS7_i/FCLKCLK[0]
                         net (fo=1, routed)           0.994     0.994    design_1_i/processing_system7_0/inst/FCLK_CLK_unbuffered[0]
    BUFGCTRL_X0Y17       BUFG (Prop_bufg_I_O)         0.085     1.079 r  design_1_i/processing_system7_0/inst/buffer_fclk_clk_0.FCLK_CLK_0_BUFG/O
                         net (fo=14268, routed)       1.462     2.541    design_1_i/ps7_0_axi_periph/m07_couplers/auto_cc/inst/gen_clock_conv.gen_async_lite_conv.clock_conv_lite_fwd_ar/handshake/src_clk
    SLICE_X61Y45         FDRE                                         r  design_1_i/ps7_0_axi_periph/m07_couplers/auto_cc/inst/gen_clock_conv.gen_async_lite_conv.clock_conv_lite_fwd_ar/handshake/src_hsdata_ff_reg[2]/C
  -------------------------------------------------------------------    -------------------
    SLICE_X61Y45         FDRE (Prop_fdre_C_Q)         0.379     2.920 r  design_1_i/ps7_0_axi_periph/m07_couplers/auto_cc/inst/gen_clock_conv.gen_async_lite_conv.clock_conv_lite_fwd_ar/handshake/src_hsdata_ff_reg[2]/Q
                         net (fo=1, routed)           0.704     3.624    design_1_i/ps7_0_axi_periph/m07_couplers/auto_cc/inst/gen_clock_conv.gen_async_lite_conv.clock_conv_lite_fwd_ar/handshake/src_hsdata_ff[2]
    SLICE_X60Y45         FDRE                                         r  design_1_i/ps7_0_axi_periph/m07_couplers/auto_cc/inst/gen_clock_conv.gen_async_lite_conv.clock_conv_lite_fwd_ar/handshake/dest_hsdata_ff_reg[2]/D
  -------------------------------------------------------------------    -------------------

                         (clock clk_fpga_1 rise edge)
                                                      0.000     0.000 r  
    PS7_X0Y0             PS7                          0.000     0.000 r  design_1_i/processing_system7_0/inst/PS7_i/FCLKCLK[1]
                         net (fo=1, routed)           0.905     0.905    design_1_i/processing_system7_0/inst/FCLK_CLK_unbuffered[1]
    BUFGCTRL_X0Y16       BUFG (Prop_bufg_I_O)         0.077     0.982 r  design_1_i/processing_system7_0/inst/buffer_fclk_clk_1.FCLK_CLK_1_BUFG/O
                         net (fo=18021, routed)       1.305     2.287    design_1_i/ps7_0_axi_periph/m07_couplers/auto_cc/inst/gen_clock_conv.gen_async_lite_conv.clock_conv_lite_fwd_ar/handshake/dest_clk
    SLICE_X60Y45         FDRE                                         r  design_1_i/ps7_0_axi_periph/m07_couplers/auto_cc/inst/gen_clock_conv.gen_async_lite_conv.clock_conv_lite_fwd_ar/handshake/dest_hsdata_ff_reg[2]/C
                         clock pessimism              0.000     2.287    
    SLICE_X60Y45         FDRE (Setup_fdre_C_D)       -0.059     2.228    design_1_i/ps7_0_axi_periph/m07_couplers/auto_cc/inst/gen_clock_conv.gen_async_lite_conv.clock_conv_lite_fwd_ar/handshake/dest_hsdata_ff_reg[2]
  -------------------------------------------------------------------
                         data arrival                           3.624    
                         clock arrival                          2.228    
  -------------------------------------------------------------------
                         relative delay                         1.396    

Reference path:
    Location             Delay type                Incr(ns)  Path(ns)    Netlist Resource(s)
  -------------------------------------------------------------------    -------------------
                         (clock clk_fpga_0 rise edge)
                                                      0.000     0.000 r  
    PS7_X0Y0             PS7                          0.000     0.000 r  design_1_i/processing_system7_0/inst/PS7_i/FCLKCLK[0]
                         net (fo=1, routed)           0.905     0.905    design_1_i/processing_system7_0/inst/FCLK_CLK_unbuffered[0]
    BUFGCTRL_X0Y17       BUFG (Prop_bufg_I_O)         0.077     0.982 r  design_1_i/processing_system7_0/inst/buffer_fclk_clk_0.FCLK_CLK_0_BUFG/O
                         net (fo=14268, routed)       1.304     2.286    design_1_i/ps7_0_axi_periph/m07_couplers/auto_cc/inst/gen_clock_conv.gen_async_lite_conv.clock_conv_lite_fwd_ar/handshake/src_clk
    SLICE_X59Y45         FDRE                                         r  design_1_i/ps7_0_axi_periph/m07_couplers/auto_cc/inst/gen_clock_conv.gen_async_lite_conv.clock_conv_lite_fwd_ar/handshake/src_hsdata_ff_reg[1]/C
  -------------------------------------------------------------------    -------------------
    SLICE_X59Y45         FDRE (Prop_fdre_C_Q)         0.304     2.590 r  design_1_i/ps7_0_axi_periph/m07_couplers/auto_cc/inst/gen_clock_conv.gen_async_lite_conv.clock_conv_lite_fwd_ar/handshake/src_hsdata_ff_reg[1]/Q
                         net (fo=1, routed)           0.405     2.996    design_1_i/ps7_0_axi_periph/m07_couplers/auto_cc/inst/gen_clock_conv.gen_async_lite_conv.clock_conv_lite_fwd_ar/handshake/src_hsdata_ff[1]
    SLICE_X58Y45         FDRE                                         r  design_1_i/ps7_0_axi_periph/m07_couplers/auto_cc/inst/gen_clock_conv.gen_async_lite_conv.clock_conv_lite_fwd_ar/handshake/dest_hsdata_ff_reg[1]/D
  -------------------------------------------------------------------    -------------------

                         (clock clk_fpga_1 rise edge)
                                                      0.000     0.000 r  
    PS7_X0Y0             PS7                          0.000     0.000 r  design_1_i/processing_system7_0/inst/PS7_i/FCLKCLK[1]
                         net (fo=1, routed)           0.994     0.994    design_1_i/processing_system7_0/inst/FCLK_CLK_unbuffered[1]
    BUFGCTRL_X0Y16       BUFG (Prop_bufg_I_O)         0.085     1.079 r  design_1_i/processing_system7_0/inst/buffer_fclk_clk_1.FCLK_CLK_1_BUFG/O
                         net (fo=18021, routed)       1.461     2.540    design_1_i/ps7_0_axi_periph/m07_couplers/auto_cc/inst/gen_clock_conv.gen_async_lite_conv.clock_conv_lite_fwd_ar/handshake/dest_clk
    SLICE_X58Y45         FDRE                                         r  design_1_i/ps7_0_axi_periph/m07_couplers/auto_cc/inst/gen_clock_conv.gen_async_lite_conv.clock_conv_lite_fwd_ar/handshake/dest_hsdata_ff_reg[1]/C
                         clock pessimism              0.000     2.540    
    SLICE_X58Y45         FDRE (Hold_fdre_C_D)         0.201     2.741    design_1_i/ps7_0_axi_periph/m07_couplers/auto_cc/inst/gen_clock_conv.gen_async_lite_conv.clock_conv_lite_fwd_ar/handshake/dest_hsdata_ff_reg[1]
  -------------------------------------------------------------------
                         data arrival                           2.996    
                         clock arrival                          2.741    
  -------------------------------------------------------------------
                         relative delay                         0.255    



Id: 29
set_bus_skew -from [get_cells [list {design_1_i/ps7_0_axi_periph/m07_couplers/auto_cc/inst/gen_clock_conv.gen_async_lite_conv.clock_conv_lite_fwd_aw/handshake/src_hsdata_ff_reg[0]} \
          {design_1_i/ps7_0_axi_periph/m07_couplers/auto_cc/inst/gen_clock_conv.gen_async_lite_conv.clock_conv_lite_fwd_aw/handshake/src_hsdata_ff_reg[10]} \
          {design_1_i/ps7_0_axi_periph/m07_couplers/auto_cc/inst/gen_clock_conv.gen_async_lite_conv.clock_conv_lite_fwd_aw/handshake/src_hsdata_ff_reg[11]} \
          {design_1_i/ps7_0_axi_periph/m07_couplers/auto_cc/inst/gen_clock_conv.gen_async_lite_conv.clock_conv_lite_fwd_aw/handshake/src_hsdata_ff_reg[12]} \
          {design_1_i/ps7_0_axi_periph/m07_couplers/auto_cc/inst/gen_clock_conv.gen_async_lite_conv.clock_conv_lite_fwd_aw/handshake/src_hsdata_ff_reg[9]} \
          {design_1_i/ps7_0_axi_periph/m07_couplers/auto_cc/inst/gen_clock_conv.gen_async_lite_conv.clock_conv_lite_fwd_aw/handshake/src_hsdata_ff_reg[8]} \
          {design_1_i/ps7_0_axi_periph/m07_couplers/auto_cc/inst/gen_clock_conv.gen_async_lite_conv.clock_conv_lite_fwd_aw/handshake/src_hsdata_ff_reg[7]} \
          {design_1_i/ps7_0_axi_periph/m07_couplers/auto_cc/inst/gen_clock_conv.gen_async_lite_conv.clock_conv_lite_fwd_aw/handshake/src_hsdata_ff_reg[1]} \
          {design_1_i/ps7_0_axi_periph/m07_couplers/auto_cc/inst/gen_clock_conv.gen_async_lite_conv.clock_conv_lite_fwd_aw/handshake/src_hsdata_ff_reg[2]} \
          {design_1_i/ps7_0_axi_periph/m07_couplers/auto_cc/inst/gen_clock_conv.gen_async_lite_conv.clock_conv_lite_fwd_aw/handshake/src_hsdata_ff_reg[3]} \
          {design_1_i/ps7_0_axi_periph/m07_couplers/auto_cc/inst/gen_clock_conv.gen_async_lite_conv.clock_conv_lite_fwd_aw/handshake/src_hsdata_ff_reg[4]} \
          {design_1_i/ps7_0_axi_periph/m07_couplers/auto_cc/inst/gen_clock_conv.gen_async_lite_conv.clock_conv_lite_fwd_aw/handshake/src_hsdata_ff_reg[5]} \
          {design_1_i/ps7_0_axi_periph/m07_couplers/auto_cc/inst/gen_clock_conv.gen_async_lite_conv.clock_conv_lite_fwd_aw/handshake/src_hsdata_ff_reg[6]}]] -to [get_cells [list {design_1_i/ps7_0_axi_periph/m07_couplers/auto_cc/inst/gen_clock_conv.gen_async_lite_conv.clock_conv_lite_fwd_aw/handshake/dest_hsdata_ff_reg[0]} \
          {design_1_i/ps7_0_axi_periph/m07_couplers/auto_cc/inst/gen_clock_conv.gen_async_lite_conv.clock_conv_lite_fwd_aw/handshake/dest_hsdata_ff_reg[10]} \
          {design_1_i/ps7_0_axi_periph/m07_couplers/auto_cc/inst/gen_clock_conv.gen_async_lite_conv.clock_conv_lite_fwd_aw/handshake/dest_hsdata_ff_reg[11]} \
          {design_1_i/ps7_0_axi_periph/m07_couplers/auto_cc/inst/gen_clock_conv.gen_async_lite_conv.clock_conv_lite_fwd_aw/handshake/dest_hsdata_ff_reg[12]} \
          {design_1_i/ps7_0_axi_periph/m07_couplers/auto_cc/inst/gen_clock_conv.gen_async_lite_conv.clock_conv_lite_fwd_aw/handshake/dest_hsdata_ff_reg[9]} \
          {design_1_i/ps7_0_axi_periph/m07_couplers/auto_cc/inst/gen_clock_conv.gen_async_lite_conv.clock_conv_lite_fwd_aw/handshake/dest_hsdata_ff_reg[8]} \
          {design_1_i/ps7_0_axi_periph/m07_couplers/auto_cc/inst/gen_clock_conv.gen_async_lite_conv.clock_conv_lite_fwd_aw/handshake/dest_hsdata_ff_reg[7]} \
          {design_1_i/ps7_0_axi_periph/m07_couplers/auto_cc/inst/gen_clock_conv.gen_async_lite_conv.clock_conv_lite_fwd_aw/handshake/dest_hsdata_ff_reg[1]} \
          {design_1_i/ps7_0_axi_periph/m07_couplers/auto_cc/inst/gen_clock_conv.gen_async_lite_conv.clock_conv_lite_fwd_aw/handshake/dest_hsdata_ff_reg[2]} \
          {design_1_i/ps7_0_axi_periph/m07_couplers/auto_cc/inst/gen_clock_conv.gen_async_lite_conv.clock_conv_lite_fwd_aw/handshake/dest_hsdata_ff_reg[3]} \
          {design_1_i/ps7_0_axi_periph/m07_couplers/auto_cc/inst/gen_clock_conv.gen_async_lite_conv.clock_conv_lite_fwd_aw/handshake/dest_hsdata_ff_reg[4]} \
          {design_1_i/ps7_0_axi_periph/m07_couplers/auto_cc/inst/gen_clock_conv.gen_async_lite_conv.clock_conv_lite_fwd_aw/handshake/dest_hsdata_ff_reg[5]} \
          {design_1_i/ps7_0_axi_periph/m07_couplers/auto_cc/inst/gen_clock_conv.gen_async_lite_conv.clock_conv_lite_fwd_aw/handshake/dest_hsdata_ff_reg[6]}]] 19.686
Requirement: 19.686ns
Endpoints: 13

From Clock            To Clock              Endpoint Pin                    Reference Pin                   Corner  Actual(ns)  Slack(ns)
--------------------  --------------------  ------------------------------  ------------------------------  ------  ----------  ---------
clk_fpga_0            clk_fpga_1            design_1_i/ps7_0_axi_periph/m07_couplers/auto_cc/inst/gen_clock_conv.gen_async_lite_conv.clock_conv_lite_fwd_aw/handshake/dest_hsdata_ff_reg[7]/D
                                                                            design_1_i/ps7_0_axi_periph/m07_couplers/auto_cc/inst/gen_clock_conv.gen_async_lite_conv.clock_conv_lite_fwd_aw/handshake/dest_hsdata_ff_reg[12]/D
                                                                                                            Slow         0.974     18.712


Slack (MET) :             18.712ns  (requirement - actual skew)
  Endpoint Source:        design_1_i/ps7_0_axi_periph/m07_couplers/auto_cc/inst/gen_clock_conv.gen_async_lite_conv.clock_conv_lite_fwd_aw/handshake/src_hsdata_ff_reg[7]/C
                            (rising edge-triggered cell FDRE clocked by clk_fpga_0)
  Endpoint Destination:   design_1_i/ps7_0_axi_periph/m07_couplers/auto_cc/inst/gen_clock_conv.gen_async_lite_conv.clock_conv_lite_fwd_aw/handshake/dest_hsdata_ff_reg[7]/D
                            (rising edge-triggered cell FDRE clocked by clk_fpga_1)
  Reference Source:       design_1_i/ps7_0_axi_periph/m07_couplers/auto_cc/inst/gen_clock_conv.gen_async_lite_conv.clock_conv_lite_fwd_aw/handshake/src_hsdata_ff_reg[12]/C
                            (rising edge-triggered cell FDRE clocked by clk_fpga_0)
  Reference Destination:  design_1_i/ps7_0_axi_periph/m07_couplers/auto_cc/inst/gen_clock_conv.gen_async_lite_conv.clock_conv_lite_fwd_aw/handshake/dest_hsdata_ff_reg[12]/D
                            (rising edge-triggered cell FDRE clocked by clk_fpga_1)
  Path Type:              Bus Skew (Max at Slow Process Corner)
  Requirement:            19.686ns
  Endpoint Relative Delay:    1.600ns
  Reference Relative Delay:   0.208ns
  Relative CRPR:              0.418ns
  Actual Bus Skew:            0.974ns  (Endpoint Relative Delay - Reference Relative Delay - Relative CRPR)

Endpoint path:
    Location             Delay type                Incr(ns)  Path(ns)    Netlist Resource(s)
  -------------------------------------------------------------------    -------------------
                         (clock clk_fpga_0 rise edge)
                                                      0.000     0.000 r  
    PS7_X0Y0             PS7                          0.000     0.000 r  design_1_i/processing_system7_0/inst/PS7_i/FCLKCLK[0]
                         net (fo=1, routed)           0.994     0.994    design_1_i/processing_system7_0/inst/FCLK_CLK_unbuffered[0]
    BUFGCTRL_X0Y17       BUFG (Prop_bufg_I_O)         0.085     1.079 r  design_1_i/processing_system7_0/inst/buffer_fclk_clk_0.FCLK_CLK_0_BUFG/O
                         net (fo=14268, routed)       1.462     2.541    design_1_i/ps7_0_axi_periph/m07_couplers/auto_cc/inst/gen_clock_conv.gen_async_lite_conv.clock_conv_lite_fwd_aw/handshake/src_clk
    SLICE_X63Y45         FDRE                                         r  design_1_i/ps7_0_axi_periph/m07_couplers/auto_cc/inst/gen_clock_conv.gen_async_lite_conv.clock_conv_lite_fwd_aw/handshake/src_hsdata_ff_reg[7]/C
  -------------------------------------------------------------------    -------------------
    SLICE_X63Y45         FDRE (Prop_fdre_C_Q)         0.348     2.889 r  design_1_i/ps7_0_axi_periph/m07_couplers/auto_cc/inst/gen_clock_conv.gen_async_lite_conv.clock_conv_lite_fwd_aw/handshake/src_hsdata_ff_reg[7]/Q
                         net (fo=1, routed)           0.847     3.736    design_1_i/ps7_0_axi_periph/m07_couplers/auto_cc/inst/gen_clock_conv.gen_async_lite_conv.clock_conv_lite_fwd_aw/handshake/src_hsdata_ff[7]
    SLICE_X62Y45         FDRE                                         r  design_1_i/ps7_0_axi_periph/m07_couplers/auto_cc/inst/gen_clock_conv.gen_async_lite_conv.clock_conv_lite_fwd_aw/handshake/dest_hsdata_ff_reg[7]/D
  -------------------------------------------------------------------    -------------------

                         (clock clk_fpga_1 rise edge)
                                                      0.000     0.000 r  
    PS7_X0Y0             PS7                          0.000     0.000 r  design_1_i/processing_system7_0/inst/PS7_i/FCLKCLK[1]
                         net (fo=1, routed)           0.905     0.905    design_1_i/processing_system7_0/inst/FCLK_CLK_unbuffered[1]
    BUFGCTRL_X0Y16       BUFG (Prop_bufg_I_O)         0.077     0.982 r  design_1_i/processing_system7_0/inst/buffer_fclk_clk_1.FCLK_CLK_1_BUFG/O
                         net (fo=18021, routed)       1.305     2.287    design_1_i/ps7_0_axi_periph/m07_couplers/auto_cc/inst/gen_clock_conv.gen_async_lite_conv.clock_conv_lite_fwd_aw/handshake/dest_clk
    SLICE_X62Y45         FDRE                                         r  design_1_i/ps7_0_axi_periph/m07_couplers/auto_cc/inst/gen_clock_conv.gen_async_lite_conv.clock_conv_lite_fwd_aw/handshake/dest_hsdata_ff_reg[7]/C
                         clock pessimism              0.000     2.287    
    SLICE_X62Y45         FDRE (Setup_fdre_C_D)       -0.152     2.135    design_1_i/ps7_0_axi_periph/m07_couplers/auto_cc/inst/gen_clock_conv.gen_async_lite_conv.clock_conv_lite_fwd_aw/handshake/dest_hsdata_ff_reg[7]
  -------------------------------------------------------------------
                         data arrival                           3.736    
                         clock arrival                          2.135    
  -------------------------------------------------------------------
                         relative delay                         1.600    

Reference path:
    Location             Delay type                Incr(ns)  Path(ns)    Netlist Resource(s)
  -------------------------------------------------------------------    -------------------
                         (clock clk_fpga_0 rise edge)
                                                      0.000     0.000 r  
    PS7_X0Y0             PS7                          0.000     0.000 r  design_1_i/processing_system7_0/inst/PS7_i/FCLKCLK[0]
                         net (fo=1, routed)           0.905     0.905    design_1_i/processing_system7_0/inst/FCLK_CLK_unbuffered[0]
    BUFGCTRL_X0Y17       BUFG (Prop_bufg_I_O)         0.077     0.982 r  design_1_i/processing_system7_0/inst/buffer_fclk_clk_0.FCLK_CLK_0_BUFG/O
                         net (fo=14268, routed)       1.307     2.289    design_1_i/ps7_0_axi_periph/m07_couplers/auto_cc/inst/gen_clock_conv.gen_async_lite_conv.clock_conv_lite_fwd_aw/handshake/src_clk
    SLICE_X64Y46         FDRE                                         r  design_1_i/ps7_0_axi_periph/m07_couplers/auto_cc/inst/gen_clock_conv.gen_async_lite_conv.clock_conv_lite_fwd_aw/handshake/src_hsdata_ff_reg[12]/C
  -------------------------------------------------------------------    -------------------
    SLICE_X64Y46         FDRE (Prop_fdre_C_Q)         0.304     2.593 r  design_1_i/ps7_0_axi_periph/m07_couplers/auto_cc/inst/gen_clock_conv.gen_async_lite_conv.clock_conv_lite_fwd_aw/handshake/src_hsdata_ff_reg[12]/Q
                         net (fo=1, routed)           0.294     2.887    design_1_i/ps7_0_axi_periph/m07_couplers/auto_cc/inst/gen_clock_conv.gen_async_lite_conv.clock_conv_lite_fwd_aw/handshake/src_hsdata_ff[12]
    SLICE_X63Y46         FDRE                                         r  design_1_i/ps7_0_axi_periph/m07_couplers/auto_cc/inst/gen_clock_conv.gen_async_lite_conv.clock_conv_lite_fwd_aw/handshake/dest_hsdata_ff_reg[12]/D
  -------------------------------------------------------------------    -------------------

                         (clock clk_fpga_1 rise edge)
                                                      0.000     0.000 r  
    PS7_X0Y0             PS7                          0.000     0.000 r  design_1_i/processing_system7_0/inst/PS7_i/FCLKCLK[1]
                         net (fo=1, routed)           0.994     0.994    design_1_i/processing_system7_0/inst/FCLK_CLK_unbuffered[1]
    BUFGCTRL_X0Y16       BUFG (Prop_bufg_I_O)         0.085     1.079 r  design_1_i/processing_system7_0/inst/buffer_fclk_clk_1.FCLK_CLK_1_BUFG/O
                         net (fo=18021, routed)       1.462     2.541    design_1_i/ps7_0_axi_periph/m07_couplers/auto_cc/inst/gen_clock_conv.gen_async_lite_conv.clock_conv_lite_fwd_aw/handshake/dest_clk
    SLICE_X63Y46         FDRE                                         r  design_1_i/ps7_0_axi_periph/m07_couplers/auto_cc/inst/gen_clock_conv.gen_async_lite_conv.clock_conv_lite_fwd_aw/handshake/dest_hsdata_ff_reg[12]/C
                         clock pessimism              0.000     2.541    
    SLICE_X63Y46         FDRE (Hold_fdre_C_D)         0.138     2.679    design_1_i/ps7_0_axi_periph/m07_couplers/auto_cc/inst/gen_clock_conv.gen_async_lite_conv.clock_conv_lite_fwd_aw/handshake/dest_hsdata_ff_reg[12]
  -------------------------------------------------------------------
                         data arrival                           2.887    
                         clock arrival                          2.679    
  -------------------------------------------------------------------
                         relative delay                         0.208    



Id: 30
set_bus_skew -from [get_cells [list {design_1_i/ps7_0_axi_periph/m15_couplers/auto_cc/inst/gen_clock_conv.gen_async_lite_conv.clock_conv_lite_fwd_ar/handshake/src_hsdata_ff_reg[0]} {design_1_i/ps7_0_axi_periph/m15_couplers/auto_cc/inst/gen_clock_conv.gen_async_lite_conv.clock_conv_lite_fwd_ar/handshake/src_hsdata_ff_reg[2]} {design_1_i/ps7_0_axi_periph/m15_couplers/auto_cc/inst/gen_clock_conv.gen_async_lite_conv.clock_conv_lite_fwd_ar/handshake/src_hsdata_ff_reg[1]} {design_1_i/ps7_0_axi_periph/m15_couplers/auto_cc/inst/gen_clock_conv.gen_async_lite_conv.clock_conv_lite_fwd_ar/handshake/src_hsdata_ff_reg[7]} {design_1_i/ps7_0_axi_periph/m15_couplers/auto_cc/inst/gen_clock_conv.gen_async_lite_conv.clock_conv_lite_fwd_ar/handshake/src_hsdata_ff_reg[6]} {design_1_i/ps7_0_axi_periph/m15_couplers/auto_cc/inst/gen_clock_conv.gen_async_lite_conv.clock_conv_lite_fwd_ar/handshake/src_hsdata_ff_reg[5]} {design_1_i/ps7_0_axi_periph/m15_couplers/auto_cc/inst/gen_clock_conv.gen_async_lite_conv.clock_conv_lite_fwd_ar/handshake/src_hsdata_ff_reg[4]} {design_1_i/ps7_0_axi_periph/m15_couplers/auto_cc/inst/gen_clock_conv.gen_async_lite_conv.clock_conv_lite_fwd_ar/handshake/src_hsdata_ff_reg[3]}]] -to [get_cells [list {design_1_i/ps7_0_axi_periph/m15_couplers/auto_cc/inst/gen_clock_conv.gen_async_lite_conv.clock_conv_lite_fwd_ar/handshake/dest_hsdata_ff_reg[0]} {design_1_i/ps7_0_axi_periph/m15_couplers/auto_cc/inst/gen_clock_conv.gen_async_lite_conv.clock_conv_lite_fwd_ar/handshake/dest_hsdata_ff_reg[2]} {design_1_i/ps7_0_axi_periph/m15_couplers/auto_cc/inst/gen_clock_conv.gen_async_lite_conv.clock_conv_lite_fwd_ar/handshake/dest_hsdata_ff_reg[1]} {design_1_i/ps7_0_axi_periph/m15_couplers/auto_cc/inst/gen_clock_conv.gen_async_lite_conv.clock_conv_lite_fwd_ar/handshake/dest_hsdata_ff_reg[7]} {design_1_i/ps7_0_axi_periph/m15_couplers/auto_cc/inst/gen_clock_conv.gen_async_lite_conv.clock_conv_lite_fwd_ar/handshake/dest_hsdata_ff_reg[6]} {design_1_i/ps7_0_axi_periph/m15_couplers/auto_cc/inst/gen_clock_conv.gen_async_lite_conv.clock_conv_lite_fwd_ar/handshake/dest_hsdata_ff_reg[5]} {design_1_i/ps7_0_axi_periph/m15_couplers/auto_cc/inst/gen_clock_conv.gen_async_lite_conv.clock_conv_lite_fwd_ar/handshake/dest_hsdata_ff_reg[4]} {design_1_i/ps7_0_axi_periph/m15_couplers/auto_cc/inst/gen_clock_conv.gen_async_lite_conv.clock_conv_lite_fwd_ar/handshake/dest_hsdata_ff_reg[3]}]] 19.686
Requirement: 19.686ns
Endpoints: 8

From Clock            To Clock              Endpoint Pin                    Reference Pin                   Corner  Actual(ns)  Slack(ns)
--------------------  --------------------  ------------------------------  ------------------------------  ------  ----------  ---------
clk_fpga_0            clk_fpga_1            design_1_i/ps7_0_axi_periph/m15_couplers/auto_cc/inst/gen_clock_conv.gen_async_lite_conv.clock_conv_lite_fwd_ar/handshake/dest_hsdata_ff_reg[3]/D
                                                                            design_1_i/ps7_0_axi_periph/m15_couplers/auto_cc/inst/gen_clock_conv.gen_async_lite_conv.clock_conv_lite_fwd_ar/handshake/dest_hsdata_ff_reg[0]/D
                                                                                                            Slow         0.717     18.969


Slack (MET) :             18.969ns  (requirement - actual skew)
  Endpoint Source:        design_1_i/ps7_0_axi_periph/m15_couplers/auto_cc/inst/gen_clock_conv.gen_async_lite_conv.clock_conv_lite_fwd_ar/handshake/src_hsdata_ff_reg[3]/C
                            (rising edge-triggered cell FDRE clocked by clk_fpga_0)
  Endpoint Destination:   design_1_i/ps7_0_axi_periph/m15_couplers/auto_cc/inst/gen_clock_conv.gen_async_lite_conv.clock_conv_lite_fwd_ar/handshake/dest_hsdata_ff_reg[3]/D
                            (rising edge-triggered cell FDRE clocked by clk_fpga_1)
  Reference Source:       design_1_i/ps7_0_axi_periph/m15_couplers/auto_cc/inst/gen_clock_conv.gen_async_lite_conv.clock_conv_lite_fwd_ar/handshake/src_hsdata_ff_reg[0]/C
                            (rising edge-triggered cell FDRE clocked by clk_fpga_0)
  Reference Destination:  design_1_i/ps7_0_axi_periph/m15_couplers/auto_cc/inst/gen_clock_conv.gen_async_lite_conv.clock_conv_lite_fwd_ar/handshake/dest_hsdata_ff_reg[0]/D
                            (rising edge-triggered cell FDRE clocked by clk_fpga_1)
  Path Type:              Bus Skew (Max at Slow Process Corner)
  Requirement:            19.686ns
  Endpoint Relative Delay:    1.358ns
  Reference Relative Delay:   0.169ns
  Relative CRPR:              0.472ns
  Actual Bus Skew:            0.717ns  (Endpoint Relative Delay - Reference Relative Delay - Relative CRPR)

Endpoint path:
    Location             Delay type                Incr(ns)  Path(ns)    Netlist Resource(s)
  -------------------------------------------------------------------    -------------------
                         (clock clk_fpga_0 rise edge)
                                                      0.000     0.000 r  
    PS7_X0Y0             PS7                          0.000     0.000 r  design_1_i/processing_system7_0/inst/PS7_i/FCLKCLK[0]
                         net (fo=1, routed)           0.994     0.994    design_1_i/processing_system7_0/inst/FCLK_CLK_unbuffered[0]
    BUFGCTRL_X0Y17       BUFG (Prop_bufg_I_O)         0.085     1.079 r  design_1_i/processing_system7_0/inst/buffer_fclk_clk_0.FCLK_CLK_0_BUFG/O
                         net (fo=14268, routed)       1.398     2.477    design_1_i/ps7_0_axi_periph/m15_couplers/auto_cc/inst/gen_clock_conv.gen_async_lite_conv.clock_conv_lite_fwd_ar/handshake/src_clk
    SLICE_X43Y17         FDRE                                         r  design_1_i/ps7_0_axi_periph/m15_couplers/auto_cc/inst/gen_clock_conv.gen_async_lite_conv.clock_conv_lite_fwd_ar/handshake/src_hsdata_ff_reg[3]/C
  -------------------------------------------------------------------    -------------------
    SLICE_X43Y17         FDRE (Prop_fdre_C_Q)         0.379     2.856 r  design_1_i/ps7_0_axi_periph/m15_couplers/auto_cc/inst/gen_clock_conv.gen_async_lite_conv.clock_conv_lite_fwd_ar/handshake/src_hsdata_ff_reg[3]/Q
                         net (fo=1, routed)           0.715     3.571    design_1_i/ps7_0_axi_periph/m15_couplers/auto_cc/inst/gen_clock_conv.gen_async_lite_conv.clock_conv_lite_fwd_ar/handshake/src_hsdata_ff[3]
    SLICE_X42Y17         FDRE                                         r  design_1_i/ps7_0_axi_periph/m15_couplers/auto_cc/inst/gen_clock_conv.gen_async_lite_conv.clock_conv_lite_fwd_ar/handshake/dest_hsdata_ff_reg[3]/D
  -------------------------------------------------------------------    -------------------

                         (clock clk_fpga_1 rise edge)
                                                      0.000     0.000 r  
    PS7_X0Y0             PS7                          0.000     0.000 r  design_1_i/processing_system7_0/inst/PS7_i/FCLKCLK[1]
                         net (fo=1, routed)           0.905     0.905    design_1_i/processing_system7_0/inst/FCLK_CLK_unbuffered[1]
    BUFGCTRL_X0Y16       BUFG (Prop_bufg_I_O)         0.077     0.982 r  design_1_i/processing_system7_0/inst/buffer_fclk_clk_1.FCLK_CLK_1_BUFG/O
                         net (fo=18021, routed)       1.246     2.228    design_1_i/ps7_0_axi_periph/m15_couplers/auto_cc/inst/gen_clock_conv.gen_async_lite_conv.clock_conv_lite_fwd_ar/handshake/dest_clk
    SLICE_X42Y17         FDRE                                         r  design_1_i/ps7_0_axi_periph/m15_couplers/auto_cc/inst/gen_clock_conv.gen_async_lite_conv.clock_conv_lite_fwd_ar/handshake/dest_hsdata_ff_reg[3]/C
                         clock pessimism              0.000     2.228    
    SLICE_X42Y17         FDRE (Setup_fdre_C_D)       -0.015     2.213    design_1_i/ps7_0_axi_periph/m15_couplers/auto_cc/inst/gen_clock_conv.gen_async_lite_conv.clock_conv_lite_fwd_ar/handshake/dest_hsdata_ff_reg[3]
  -------------------------------------------------------------------
                         data arrival                           3.571    
                         clock arrival                          2.213    
  -------------------------------------------------------------------
                         relative delay                         1.358    

Reference path:
    Location             Delay type                Incr(ns)  Path(ns)    Netlist Resource(s)
  -------------------------------------------------------------------    -------------------
                         (clock clk_fpga_0 rise edge)
                                                      0.000     0.000 r  
    PS7_X0Y0             PS7                          0.000     0.000 r  design_1_i/processing_system7_0/inst/PS7_i/FCLKCLK[0]
                         net (fo=1, routed)           0.905     0.905    design_1_i/processing_system7_0/inst/FCLK_CLK_unbuffered[0]
    BUFGCTRL_X0Y17       BUFG (Prop_bufg_I_O)         0.077     0.982 r  design_1_i/processing_system7_0/inst/buffer_fclk_clk_0.FCLK_CLK_0_BUFG/O
                         net (fo=14268, routed)       1.246     2.228    design_1_i/ps7_0_axi_periph/m15_couplers/auto_cc/inst/gen_clock_conv.gen_async_lite_conv.clock_conv_lite_fwd_ar/handshake/src_clk
    SLICE_X43Y17         FDRE                                         r  design_1_i/ps7_0_axi_periph/m15_couplers/auto_cc/inst/gen_clock_conv.gen_async_lite_conv.clock_conv_lite_fwd_ar/handshake/src_hsdata_ff_reg[0]/C
  -------------------------------------------------------------------    -------------------
    SLICE_X43Y17         FDRE (Prop_fdre_C_Q)         0.304     2.532 r  design_1_i/ps7_0_axi_periph/m15_couplers/auto_cc/inst/gen_clock_conv.gen_async_lite_conv.clock_conv_lite_fwd_ar/handshake/src_hsdata_ff_reg[0]/Q
                         net (fo=1, routed)           0.316     2.848    design_1_i/ps7_0_axi_periph/m15_couplers/auto_cc/inst/gen_clock_conv.gen_async_lite_conv.clock_conv_lite_fwd_ar/handshake/src_hsdata_ff[0]
    SLICE_X42Y16         FDRE                                         r  design_1_i/ps7_0_axi_periph/m15_couplers/auto_cc/inst/gen_clock_conv.gen_async_lite_conv.clock_conv_lite_fwd_ar/handshake/dest_hsdata_ff_reg[0]/D
  -------------------------------------------------------------------    -------------------

                         (clock clk_fpga_1 rise edge)
                                                      0.000     0.000 r  
    PS7_X0Y0             PS7                          0.000     0.000 r  design_1_i/processing_system7_0/inst/PS7_i/FCLKCLK[1]
                         net (fo=1, routed)           0.994     0.994    design_1_i/processing_system7_0/inst/FCLK_CLK_unbuffered[1]
    BUFGCTRL_X0Y16       BUFG (Prop_bufg_I_O)         0.085     1.079 r  design_1_i/processing_system7_0/inst/buffer_fclk_clk_1.FCLK_CLK_1_BUFG/O
                         net (fo=18021, routed)       1.399     2.478    design_1_i/ps7_0_axi_periph/m15_couplers/auto_cc/inst/gen_clock_conv.gen_async_lite_conv.clock_conv_lite_fwd_ar/handshake/dest_clk
    SLICE_X42Y16         FDRE                                         r  design_1_i/ps7_0_axi_periph/m15_couplers/auto_cc/inst/gen_clock_conv.gen_async_lite_conv.clock_conv_lite_fwd_ar/handshake/dest_hsdata_ff_reg[0]/C
                         clock pessimism              0.000     2.478    
    SLICE_X42Y16         FDRE (Hold_fdre_C_D)         0.201     2.679    design_1_i/ps7_0_axi_periph/m15_couplers/auto_cc/inst/gen_clock_conv.gen_async_lite_conv.clock_conv_lite_fwd_ar/handshake/dest_hsdata_ff_reg[0]
  -------------------------------------------------------------------
                         data arrival                           2.848    
                         clock arrival                          2.679    
  -------------------------------------------------------------------
                         relative delay                         0.169    



Id: 31
set_bus_skew -from [get_cells [list {design_1_i/ps7_0_axi_periph/m15_couplers/auto_cc/inst/gen_clock_conv.gen_async_lite_conv.clock_conv_lite_fwd_aw/handshake/src_hsdata_ff_reg[0]} {design_1_i/ps7_0_axi_periph/m15_couplers/auto_cc/inst/gen_clock_conv.gen_async_lite_conv.clock_conv_lite_fwd_aw/handshake/src_hsdata_ff_reg[2]} {design_1_i/ps7_0_axi_periph/m15_couplers/auto_cc/inst/gen_clock_conv.gen_async_lite_conv.clock_conv_lite_fwd_aw/handshake/src_hsdata_ff_reg[1]} {design_1_i/ps7_0_axi_periph/m15_couplers/auto_cc/inst/gen_clock_conv.gen_async_lite_conv.clock_conv_lite_fwd_aw/handshake/src_hsdata_ff_reg[7]} {design_1_i/ps7_0_axi_periph/m15_couplers/auto_cc/inst/gen_clock_conv.gen_async_lite_conv.clock_conv_lite_fwd_aw/handshake/src_hsdata_ff_reg[6]} {design_1_i/ps7_0_axi_periph/m15_couplers/auto_cc/inst/gen_clock_conv.gen_async_lite_conv.clock_conv_lite_fwd_aw/handshake/src_hsdata_ff_reg[5]} {design_1_i/ps7_0_axi_periph/m15_couplers/auto_cc/inst/gen_clock_conv.gen_async_lite_conv.clock_conv_lite_fwd_aw/handshake/src_hsdata_ff_reg[4]} {design_1_i/ps7_0_axi_periph/m15_couplers/auto_cc/inst/gen_clock_conv.gen_async_lite_conv.clock_conv_lite_fwd_aw/handshake/src_hsdata_ff_reg[3]}]] -to [get_cells [list {design_1_i/ps7_0_axi_periph/m15_couplers/auto_cc/inst/gen_clock_conv.gen_async_lite_conv.clock_conv_lite_fwd_aw/handshake/dest_hsdata_ff_reg[0]} {design_1_i/ps7_0_axi_periph/m15_couplers/auto_cc/inst/gen_clock_conv.gen_async_lite_conv.clock_conv_lite_fwd_aw/handshake/dest_hsdata_ff_reg[2]} {design_1_i/ps7_0_axi_periph/m15_couplers/auto_cc/inst/gen_clock_conv.gen_async_lite_conv.clock_conv_lite_fwd_aw/handshake/dest_hsdata_ff_reg[1]} {design_1_i/ps7_0_axi_periph/m15_couplers/auto_cc/inst/gen_clock_conv.gen_async_lite_conv.clock_conv_lite_fwd_aw/handshake/dest_hsdata_ff_reg[7]} {design_1_i/ps7_0_axi_periph/m15_couplers/auto_cc/inst/gen_clock_conv.gen_async_lite_conv.clock_conv_lite_fwd_aw/handshake/dest_hsdata_ff_reg[6]} {design_1_i/ps7_0_axi_periph/m15_couplers/auto_cc/inst/gen_clock_conv.gen_async_lite_conv.clock_conv_lite_fwd_aw/handshake/dest_hsdata_ff_reg[5]} {design_1_i/ps7_0_axi_periph/m15_couplers/auto_cc/inst/gen_clock_conv.gen_async_lite_conv.clock_conv_lite_fwd_aw/handshake/dest_hsdata_ff_reg[4]} {design_1_i/ps7_0_axi_periph/m15_couplers/auto_cc/inst/gen_clock_conv.gen_async_lite_conv.clock_conv_lite_fwd_aw/handshake/dest_hsdata_ff_reg[3]}]] 19.686
Requirement: 19.686ns
Endpoints: 8

From Clock            To Clock              Endpoint Pin                    Reference Pin                   Corner  Actual(ns)  Slack(ns)
--------------------  --------------------  ------------------------------  ------------------------------  ------  ----------  ---------
clk_fpga_0            clk_fpga_1            design_1_i/ps7_0_axi_periph/m15_couplers/auto_cc/inst/gen_clock_conv.gen_async_lite_conv.clock_conv_lite_fwd_aw/handshake/dest_hsdata_ff_reg[5]/D
                                                                            design_1_i/ps7_0_axi_periph/m15_couplers/auto_cc/inst/gen_clock_conv.gen_async_lite_conv.clock_conv_lite_fwd_aw/handshake/dest_hsdata_ff_reg[3]/D
                                                                                                            Slow         0.699     18.987


Slack (MET) :             18.987ns  (requirement - actual skew)
  Endpoint Source:        design_1_i/ps7_0_axi_periph/m15_couplers/auto_cc/inst/gen_clock_conv.gen_async_lite_conv.clock_conv_lite_fwd_aw/handshake/src_hsdata_ff_reg[5]/C
                            (rising edge-triggered cell FDRE clocked by clk_fpga_0)
  Endpoint Destination:   design_1_i/ps7_0_axi_periph/m15_couplers/auto_cc/inst/gen_clock_conv.gen_async_lite_conv.clock_conv_lite_fwd_aw/handshake/dest_hsdata_ff_reg[5]/D
                            (rising edge-triggered cell FDRE clocked by clk_fpga_1)
  Reference Source:       design_1_i/ps7_0_axi_periph/m15_couplers/auto_cc/inst/gen_clock_conv.gen_async_lite_conv.clock_conv_lite_fwd_aw/handshake/src_hsdata_ff_reg[3]/C
                            (rising edge-triggered cell FDRE clocked by clk_fpga_0)
  Reference Destination:  design_1_i/ps7_0_axi_periph/m15_couplers/auto_cc/inst/gen_clock_conv.gen_async_lite_conv.clock_conv_lite_fwd_aw/handshake/dest_hsdata_ff_reg[3]/D
                            (rising edge-triggered cell FDRE clocked by clk_fpga_1)
  Path Type:              Bus Skew (Max at Slow Process Corner)
  Requirement:            19.686ns
  Endpoint Relative Delay:    1.409ns
  Reference Relative Delay:   0.211ns
  Relative CRPR:              0.499ns
  Actual Bus Skew:            0.699ns  (Endpoint Relative Delay - Reference Relative Delay - Relative CRPR)

Endpoint path:
    Location             Delay type                Incr(ns)  Path(ns)    Netlist Resource(s)
  -------------------------------------------------------------------    -------------------
                         (clock clk_fpga_0 rise edge)
                                                      0.000     0.000 r  
    PS7_X0Y0             PS7                          0.000     0.000 r  design_1_i/processing_system7_0/inst/PS7_i/FCLKCLK[0]
                         net (fo=1, routed)           0.994     0.994    design_1_i/processing_system7_0/inst/FCLK_CLK_unbuffered[0]
    BUFGCTRL_X0Y17       BUFG (Prop_bufg_I_O)         0.085     1.079 r  design_1_i/processing_system7_0/inst/buffer_fclk_clk_0.FCLK_CLK_0_BUFG/O
                         net (fo=14268, routed)       1.397     2.476    design_1_i/ps7_0_axi_periph/m15_couplers/auto_cc/inst/gen_clock_conv.gen_async_lite_conv.clock_conv_lite_fwd_aw/handshake/src_clk
    SLICE_X44Y18         FDRE                                         r  design_1_i/ps7_0_axi_periph/m15_couplers/auto_cc/inst/gen_clock_conv.gen_async_lite_conv.clock_conv_lite_fwd_aw/handshake/src_hsdata_ff_reg[5]/C
  -------------------------------------------------------------------    -------------------
    SLICE_X44Y18         FDRE (Prop_fdre_C_Q)         0.348     2.824 r  design_1_i/ps7_0_axi_periph/m15_couplers/auto_cc/inst/gen_clock_conv.gen_async_lite_conv.clock_conv_lite_fwd_aw/handshake/src_hsdata_ff_reg[5]/Q
                         net (fo=1, routed)           0.635     3.459    design_1_i/ps7_0_axi_periph/m15_couplers/auto_cc/inst/gen_clock_conv.gen_async_lite_conv.clock_conv_lite_fwd_aw/handshake/src_hsdata_ff[5]
    SLICE_X44Y17         FDRE                                         r  design_1_i/ps7_0_axi_periph/m15_couplers/auto_cc/inst/gen_clock_conv.gen_async_lite_conv.clock_conv_lite_fwd_aw/handshake/dest_hsdata_ff_reg[5]/D
  -------------------------------------------------------------------    -------------------

                         (clock clk_fpga_1 rise edge)
                                                      0.000     0.000 r  
    PS7_X0Y0             PS7                          0.000     0.000 r  design_1_i/processing_system7_0/inst/PS7_i/FCLKCLK[1]
                         net (fo=1, routed)           0.905     0.905    design_1_i/processing_system7_0/inst/FCLK_CLK_unbuffered[1]
    BUFGCTRL_X0Y16       BUFG (Prop_bufg_I_O)         0.077     0.982 r  design_1_i/processing_system7_0/inst/buffer_fclk_clk_1.FCLK_CLK_1_BUFG/O
                         net (fo=18021, routed)       1.245     2.227    design_1_i/ps7_0_axi_periph/m15_couplers/auto_cc/inst/gen_clock_conv.gen_async_lite_conv.clock_conv_lite_fwd_aw/handshake/dest_clk
    SLICE_X44Y17         FDRE                                         r  design_1_i/ps7_0_axi_periph/m15_couplers/auto_cc/inst/gen_clock_conv.gen_async_lite_conv.clock_conv_lite_fwd_aw/handshake/dest_hsdata_ff_reg[5]/C
                         clock pessimism              0.000     2.227    
    SLICE_X44Y17         FDRE (Setup_fdre_C_D)       -0.178     2.049    design_1_i/ps7_0_axi_periph/m15_couplers/auto_cc/inst/gen_clock_conv.gen_async_lite_conv.clock_conv_lite_fwd_aw/handshake/dest_hsdata_ff_reg[5]
  -------------------------------------------------------------------
                         data arrival                           3.459    
                         clock arrival                          2.049    
  -------------------------------------------------------------------
                         relative delay                         1.409    

Reference path:
    Location             Delay type                Incr(ns)  Path(ns)    Netlist Resource(s)
  -------------------------------------------------------------------    -------------------
                         (clock clk_fpga_0 rise edge)
                                                      0.000     0.000 r  
    PS7_X0Y0             PS7                          0.000     0.000 r  design_1_i/processing_system7_0/inst/PS7_i/FCLKCLK[0]
                         net (fo=1, routed)           0.905     0.905    design_1_i/processing_system7_0/inst/FCLK_CLK_unbuffered[0]
    BUFGCTRL_X0Y17       BUFG (Prop_bufg_I_O)         0.077     0.982 r  design_1_i/processing_system7_0/inst/buffer_fclk_clk_0.FCLK_CLK_0_BUFG/O
                         net (fo=14268, routed)       1.244     2.226    design_1_i/ps7_0_axi_periph/m15_couplers/auto_cc/inst/gen_clock_conv.gen_async_lite_conv.clock_conv_lite_fwd_aw/handshake/src_clk
    SLICE_X44Y18         FDRE                                         r  design_1_i/ps7_0_axi_periph/m15_couplers/auto_cc/inst/gen_clock_conv.gen_async_lite_conv.clock_conv_lite_fwd_aw/handshake/src_hsdata_ff_reg[3]/C
  -------------------------------------------------------------------    -------------------
    SLICE_X44Y18         FDRE (Prop_fdre_C_Q)         0.304     2.530 r  design_1_i/ps7_0_axi_periph/m15_couplers/auto_cc/inst/gen_clock_conv.gen_async_lite_conv.clock_conv_lite_fwd_aw/handshake/src_hsdata_ff_reg[3]/Q
                         net (fo=1, routed)           0.297     2.827    design_1_i/ps7_0_axi_periph/m15_couplers/auto_cc/inst/gen_clock_conv.gen_async_lite_conv.clock_conv_lite_fwd_aw/handshake/src_hsdata_ff[3]
    SLICE_X44Y17         FDRE                                         r  design_1_i/ps7_0_axi_periph/m15_couplers/auto_cc/inst/gen_clock_conv.gen_async_lite_conv.clock_conv_lite_fwd_aw/handshake/dest_hsdata_ff_reg[3]/D
  -------------------------------------------------------------------    -------------------

                         (clock clk_fpga_1 rise edge)
                                                      0.000     0.000 r  
    PS7_X0Y0             PS7                          0.000     0.000 r  design_1_i/processing_system7_0/inst/PS7_i/FCLKCLK[1]
                         net (fo=1, routed)           0.994     0.994    design_1_i/processing_system7_0/inst/FCLK_CLK_unbuffered[1]
    BUFGCTRL_X0Y16       BUFG (Prop_bufg_I_O)         0.085     1.079 r  design_1_i/processing_system7_0/inst/buffer_fclk_clk_1.FCLK_CLK_1_BUFG/O
                         net (fo=18021, routed)       1.398     2.477    design_1_i/ps7_0_axi_periph/m15_couplers/auto_cc/inst/gen_clock_conv.gen_async_lite_conv.clock_conv_lite_fwd_aw/handshake/dest_clk
    SLICE_X44Y17         FDRE                                         r  design_1_i/ps7_0_axi_periph/m15_couplers/auto_cc/inst/gen_clock_conv.gen_async_lite_conv.clock_conv_lite_fwd_aw/handshake/dest_hsdata_ff_reg[3]/C
                         clock pessimism              0.000     2.477    
    SLICE_X44Y17         FDRE (Hold_fdre_C_D)         0.139     2.616    design_1_i/ps7_0_axi_periph/m15_couplers/auto_cc/inst/gen_clock_conv.gen_async_lite_conv.clock_conv_lite_fwd_aw/handshake/dest_hsdata_ff_reg[3]
  -------------------------------------------------------------------
                         data arrival                           2.827    
                         clock arrival                          2.616    
  -------------------------------------------------------------------
                         relative delay                         0.211    



